{
	"start":	{
		"connected":	[{
				"socket":	5,
				"local_host":	"10.10.11.10",
				"local_port":	45514,
				"remote_host":	"10.10.11.15",
				"remote_port":	5201
			}],
		"version":	"iperf 3.9",
		"system_info":	"Linux bc0 6.8.0-94-generic #96~22.04.1-Ubuntu SMP PREEMPT_DYNAMIC Fri Jan 16 13:19:05 UTC 2 x86_64",
		"timestamp":	{
			"time":	"Thu, 23 Jul 2026 03:27:57 GMT",
			"timesecs":	1784777277
		},
		"connecting_to":	{
			"host":	"10.10.11.15",
			"port":	5201
		},
		"cookie":	"b7pdxq62cc2mh2fvhtp3hkhf7rlmt5ipdh6b",
		"tcp_mss_default":	8948,
		"sock_bufsize":	0,
		"sndbuf_actual":	16384,
		"rcvbuf_actual":	131072,
		"test_start":	{
			"protocol":	"TCP",
			"num_streams":	1,
			"blksize":	131072,
			"omit":	0,
			"duration":	10,
			"bytes":	0,
			"blocks":	0,
			"reverse":	0,
			"tos":	0
		}
	},
	"intervals":	[{
			"streams":	[{
					"socket":	5,
					"start":	0,
					"end":	1.000034,
					"seconds":	1.000033974647522,
					"bytes":	1849425920,
					"bits_per_second":	14794904708.327414,
					"retransmits":	0,
					"snd_cwnd":	1807496,
					"rtt":	445,
					"rttvar":	124,
					"pmtu":	9000,
					"omitted":	false,
					"sender":	true
				}],
			"sum":	{
				"start":	0,
				"end":	1.000034,
				"seconds":	1.000033974647522,
				"bytes":	1849425920,
				"bits_per_second":	14794904708.327414,
				"retransmits":	0,
				"omitted":	false,
				"sender":	true
			}
		}, {
			"streams":	[{
					"socket":	5,
					"start":	1.000034,
					"end":	2.000054,
					"seconds":	1.0000200271606445,
					"bytes":	2386821120,
					"bits_per_second":	19094186557.658432,
					"retransmits":	0,
					"snd_cwnd":	1610640,
					"rtt":	424,
					"rttvar":	100,
					"pmtu":	9000,
					"omitted":	false,
					"sender":	true
				}],
			"sum":	{
				"start":	1.000034,
				"end":	2.000054,
				"seconds":	1.0000200271606445,
				"bytes":	2386821120,
				"bits_per_second":	19094186557.658432,
				"retransmits":	0,
				"omitted":	false,
				"sender":	true
			}
		}, {
			"streams":	[{
					"socket":	5,
					"start":	2.000054,
					"end":	3.000033,
					"seconds":	0.999979019165039,
					"bytes":	1623982080,
					"bits_per_second":	12992129225.719076,
					"retransmits":	0,
					"snd_cwnd":	823216,
					"rtt":	136,
					"rttvar":	16,
					"pmtu":	9000,
					"omitted":	false,
					"sender":	true
				}],
			"sum":	{
				"start":	2.000054,
				"end":	3.000033,
				"seconds":	0.999979019165039,
				"bytes":	1623982080,
				"bits_per_second":	12992129225.719076,
				"retransmits":	0,
				"omitted":	false,
				"sender":	true
			}
		}, {
			"streams":	[{
					"socket":	5,
					"start":	3.000033,
					"end":	4.00007,
					"seconds":	1.0000369548797607,
					"bytes":	2207252480,
					"bits_per_second":	17657367314.114017,
					"retransmits":	0,
					"snd_cwnd":	1037968,
					"rtt":	266,
					"rttvar":	34,
					"pmtu":	9000,
					"omitted":	false,
					"sender":	true
				}],
			"sum":	{
				"start":	3.000033,
				"end":	4.00007,
				"seconds":	1.0000369548797607,
				"bytes":	2207252480,
				"bits_per_second":	17657367314.114017,
				"retransmits":	0,
				"omitted":	false,
				"sender":	true
			}
		}, {
			"streams":	[{
					"socket":	5,
					"start":	4.00007,
					"end":	5.000046,
					"seconds":	0.99997597932815552,
					"bytes":	2183659520,
					"bits_per_second":	17469695793.829887,
					"retransmits":	0,
					"snd_cwnd":	1342200,
					"rtt":	339,
					"rttvar":	50,
					"pmtu":	9000,
					"omitted":	false,
					"sender":	true
				}],
			"sum":	{
				"start":	4.00007,
				"end":	5.000046,
				"seconds":	0.99997597932815552,
				"bytes":	2183659520,
				"bits_per_second":	17469695793.829887,
				"retransmits":	0,
				"omitted":	false,
				"sender":	true
			}
		}, {
			"streams":	[{
					"socket":	5,
					"start":	5.000046,
					"end":	6.000032,
					"seconds":	0.99998599290847778,
					"bytes":	2732851200,
					"bits_per_second":	21863115838.664513,
					"retransmits":	0,
					"snd_cwnd":	1020072,
					"rtt":	220,
					"rttvar":	50,
					"pmtu":	9000,
					"omitted":	false,
					"sender":	true
				}],
			"sum":	{
				"start":	5.000046,
				"end":	6.000032,
				"seconds":	0.99998599290847778,
				"bytes":	2732851200,
				"bits_per_second":	21863115838.664513,
				"retransmits":	0,
				"omitted":	false,
				"sender":	true
			}
		}, {
			"streams":	[{
					"socket":	5,
					"start":	6.000032,
					"end":	7.000287,
					"seconds":	1.0002549886703491,
					"bytes":	2706636800,
					"bits_per_second":	21647574513.758453,
					"retransmits":	0,
					"snd_cwnd":	1055864,
					"rtt":	215,
					"rttvar":	49,
					"pmtu":	9000,
					"omitted":	false,
					"sender":	true
				}],
			"sum":	{
				"start":	6.000032,
				"end":	7.000287,
				"seconds":	1.0002549886703491,
				"bytes":	2706636800,
				"bits_per_second":	21647574513.758453,
				"retransmits":	0,
				"omitted":	false,
				"sender":	true
			}
		}, {
			"streams":	[{
					"socket":	5,
					"start":	7.000287,
					"end":	8.000185,
					"seconds":	0.99989801645278931,
					"bytes":	2534932480,
					"bits_per_second":	20281528222.190952,
					"retransmits":	0,
					"snd_cwnd":	1413784,
					"rtt":	353,
					"rttvar":	55,
					"pmtu":	9000,
					"omitted":	false,
					"sender":	true
				}],
			"sum":	{
				"start":	7.000287,
				"end":	8.000185,
				"seconds":	0.99989801645278931,
				"bytes":	2534932480,
				"bits_per_second":	20281528222.190952,
				"retransmits":	0,
				"omitted":	false,
				"sender":	true
			}
		}, {
			"streams":	[{
					"socket":	5,
					"start":	8.000185,
					"end":	9.000225,
					"seconds":	1.0000400543212891,
					"bytes":	2451046400,
					"bits_per_second":	19607585831.4574,
					"retransmits":	0,
					"snd_cwnd":	1843288,
					"rtt":	390,
					"rttvar":	59,
					"pmtu":	9000,
					"omitted":	false,
					"sender":	true
				}],
			"sum":	{
				"start":	8.000185,
				"end":	9.000225,
				"seconds":	1.0000400543212891,
				"bytes":	2451046400,
				"bits_per_second":	19607585831.4574,
				"retransmits":	0,
				"omitted":	false,
				"sender":	true
			}
		}, {
			"streams":	[{
					"socket":	5,
					"start":	9.000225,
					"end":	10.000098,
					"seconds":	0.99987298250198364,
					"bytes":	2419589120,
					"bits_per_second":	19359171913.580132,
					"retransmits":	0,
					"snd_cwnd":	948488,
					"rtt":	125,
					"rttvar":	19,
					"pmtu":	9000,
					"omitted":	false,
					"sender":	true
				}],
			"sum":	{
				"start":	9.000225,
				"end":	10.000098,
				"seconds":	0.99987298250198364,
				"bytes":	2419589120,
				"bits_per_second":	19359171913.580132,
				"retransmits":	0,
				"omitted":	false,
				"sender":	true
			}
		}],
	"end":	{
		"streams":	[{
				"sender":	{
					"socket":	5,
					"start":	0,
					"end":	10.000098,
					"seconds":	10.000098,
					"bytes":	23096197120,
					"bits_per_second":	18476776623.589088,
					"retransmits":	0,
					"max_snd_cwnd":	1843288,
					"max_rtt":	445,
					"min_rtt":	125,
					"mean_rtt":	291,
					"sender":	true
				},
				"receiver":	{
					"socket":	5,
					"start":	0,
					"end":	10.039238,
					"seconds":	10.000098,
					"bytes":	23093444608,
					"bits_per_second":	18402547769.462185,
					"sender":	true
				}
			}],
		"sum_sent":	{
			"start":	0,
			"end":	10.000098,
			"seconds":	10.000098,
			"bytes":	23096197120,
			"bits_per_second":	18476776623.589088,
			"retransmits":	0,
			"sender":	true
		},
		"sum_received":	{
			"start":	0,
			"end":	10.039238,
			"seconds":	10.039238,
			"bytes":	23093444608,
			"bits_per_second":	18402547769.462185,
			"sender":	true
		},
		"cpu_utilization_percent":	{
			"host_total":	60.793559790748745,
			"host_user":	1.66942745539921,
			"host_system":	59.124162092353835,
			"remote_total":	12.215437313457658,
			"remote_user":	0.82998422342314659,
			"remote_system":	11.385453090034511
		},
		"sender_tcp_congestion":	"bbr",
		"receiver_tcp_congestion":	"bbr"
	}
}
