{
	"start":	{
		"connected":	[{
				"socket":	5,
				"local_host":	"10.10.11.10",
				"local_port":	57180,
				"remote_host":	"10.10.11.15",
				"remote_port":	5201
			}],
		"version":	"iperf 3.9",
		"system_info":	"Linux bc0 6.8.0-94-generic #96~22.04.1-Ubuntu SMP PREEMPT_DYNAMIC Fri Jan 16 13:19:05 UTC 2 x86_64",
		"timestamp":	{
			"time":	"Thu, 23 Jul 2026 03:20:38 GMT",
			"timesecs":	1784776838
		},
		"connecting_to":	{
			"host":	"10.10.11.15",
			"port":	5201
		},
		"cookie":	"wmcqgq36cihzzjfhc3dtbt53y67tsl7tmw6a",
		"tcp_mss_default":	8948,
		"sock_bufsize":	0,
		"sndbuf_actual":	16384,
		"rcvbuf_actual":	131072,
		"test_start":	{
			"protocol":	"TCP",
			"num_streams":	1,
			"blksize":	131072,
			"omit":	0,
			"duration":	10,
			"bytes":	0,
			"blocks":	0,
			"reverse":	0,
			"tos":	0
		}
	},
	"intervals":	[{
			"streams":	[{
					"socket":	5,
					"start":	0,
					"end":	1.000034,
					"seconds":	1.000033974647522,
					"bytes":	2175795200,
					"bits_per_second":	17405770245.091076,
					"retransmits":	0,
					"snd_cwnd":	1234824,
					"rtt":	309,
					"rttvar":	76,
					"pmtu":	9000,
					"omitted":	false,
					"sender":	true
				}],
			"sum":	{
				"start":	0,
				"end":	1.000034,
				"seconds":	1.000033974647522,
				"bytes":	2175795200,
				"bits_per_second":	17405770245.091076,
				"retransmits":	0,
				"omitted":	false,
				"sender":	true
			}
		}, {
			"streams":	[{
					"socket":	5,
					"start":	1.000034,
					"end":	2.000262,
					"seconds":	1.0002280473709106,
					"bytes":	2363228160,
					"bits_per_second":	18901514839.234684,
					"retransmits":	0,
					"snd_cwnd":	1771704,
					"rtt":	457,
					"rttvar":	180,
					"pmtu":	9000,
					"omitted":	false,
					"sender":	true
				}],
			"sum":	{
				"start":	1.000034,
				"end":	2.000262,
				"seconds":	1.0002280473709106,
				"bytes":	2363228160,
				"bits_per_second":	18901514839.234684,
				"retransmits":	0,
				"omitted":	false,
				"sender":	true
			}
		}, {
			"streams":	[{
					"socket":	5,
					"start":	2.000262,
					"end":	3.000361,
					"seconds":	1.0000989437103271,
					"bytes":	1778647040,
					"bits_per_second":	14227768571.787832,
					"retransmits":	0,
					"snd_cwnd":	1413784,
					"rtt":	454,
					"rttvar":	120,
					"pmtu":	9000,
					"omitted":	false,
					"sender":	true
				}],
			"sum":	{
				"start":	2.000262,
				"end":	3.000361,
				"seconds":	1.0000989437103271,
				"bytes":	1778647040,
				"bits_per_second":	14227768571.787832,
				"retransmits":	0,
				"omitted":	false,
				"sender":	true
			}
		}, {
			"streams":	[{
					"socket":	5,
					"start":	3.000361,
					"end":	4.00006,
					"seconds":	0.99969899654388428,
					"bytes":	1996226560,
					"bits_per_second":	15974620896.099865,
					"retransmits":	0,
					"snd_cwnd":	1055864,
					"rtt":	255,
					"rttvar":	42,
					"pmtu":	9000,
					"omitted":	false,
					"sender":	true
				}],
			"sum":	{
				"start":	3.000361,
				"end":	4.00006,
				"seconds":	0.99969899654388428,
				"bytes":	1996226560,
				"bits_per_second":	15974620896.099865,
				"retransmits":	0,
				"omitted":	false,
				"sender":	true
			}
		}, {
			"streams":	[{
					"socket":	5,
					"start":	4.00006,
					"end":	5.0003,
					"seconds":	1.0002399682998657,
					"bytes":	2323906560,
					"bits_per_second":	18586792239.066433,
					"retransmits":	0,
					"snd_cwnd":	1163240,
					"rtt":	247,
					"rttvar":	28,
					"pmtu":	9000,
					"omitted":	false,
					"sender":	true
				}],
			"sum":	{
				"start":	4.00006,
				"end":	5.0003,
				"seconds":	1.0002399682998657,
				"bytes":	2323906560,
				"bits_per_second":	18586792239.066433,
				"retransmits":	0,
				"omitted":	false,
				"sender":	true
			}
		}, {
			"streams":	[{
					"socket":	5,
					"start":	5.0003,
					"end":	6.000247,
					"seconds":	0.99994701147079468,
					"bytes":	2428764160,
					"bits_per_second":	19431142907.683456,
					"retransmits":	0,
					"snd_cwnd":	1073760,
					"rtt":	274,
					"rttvar":	34,
					"pmtu":	9000,
					"omitted":	false,
					"sender":	true
				}],
			"sum":	{
				"start":	5.0003,
				"end":	6.000247,
				"seconds":	0.99994701147079468,
				"bytes":	2428764160,
				"bits_per_second":	19431142907.683456,
				"retransmits":	0,
				"omitted":	false,
				"sender":	true
			}
		}, {
			"streams":	[{
					"socket":	5,
					"start":	6.000247,
					"end":	7.000187,
					"seconds":	0.99993997812271118,
					"bytes":	2119434240,
					"bits_per_second":	16956491680.462894,
					"retransmits":	0,
					"snd_cwnd":	1091656,
					"rtt":	311,
					"rttvar":	72,
					"pmtu":	9000,
					"omitted":	false,
					"sender":	true
				}],
			"sum":	{
				"start":	6.000247,
				"end":	7.000187,
				"seconds":	0.99993997812271118,
				"bytes":	2119434240,
				"bits_per_second":	16956491680.462894,
				"retransmits":	0,
				"omitted":	false,
				"sender":	true
			}
		}, {
			"streams":	[{
					"socket":	5,
					"start":	7.000187,
					"end":	8.000314,
					"seconds":	1.0001269578933716,
					"bytes":	2435317760,
					"bits_per_second":	19480068931.485725,
					"retransmits":	0,
					"snd_cwnd":	1718016,
					"rtt":	464,
					"rttvar":	114,
					"pmtu":	9000,
					"omitted":	false,
					"sender":	true
				}],
			"sum":	{
				"start":	7.000187,
				"end":	8.000314,
				"seconds":	1.0001269578933716,
				"bytes":	2435317760,
				"bits_per_second":	19480068931.485725,
				"retransmits":	0,
				"omitted":	false,
				"sender":	true
			}
		}, {
			"streams":	[{
					"socket":	5,
					"start":	8.000314,
					"end":	9.000033,
					"seconds":	0.99971902370452881,
					"bytes":	1952972800,
					"bits_per_second":	15628173546.308023,
					"retransmits":	0,
					"snd_cwnd":	1288512,
					"rtt":	313,
					"rttvar":	67,
					"pmtu":	9000,
					"omitted":	false,
					"sender":	true
				}],
			"sum":	{
				"start":	8.000314,
				"end":	9.000033,
				"seconds":	0.99971902370452881,
				"bytes":	1952972800,
				"bits_per_second":	15628173546.308023,
				"retransmits":	0,
				"omitted":	false,
				"sender":	true
			}
		}, {
			"streams":	[{
					"socket":	5,
					"start":	9.000033,
					"end":	10.000285,
					"seconds":	1.0002520084381104,
					"bytes":	2512650240,
					"bits_per_second":	20096137523.770584,
					"retransmits":	0,
					"snd_cwnd":	1216928,
					"rtt":	217,
					"rttvar":	40,
					"pmtu":	9000,
					"omitted":	false,
					"sender":	true
				}],
			"sum":	{
				"start":	9.000033,
				"end":	10.000285,
				"seconds":	1.0002520084381104,
				"bytes":	2512650240,
				"bits_per_second":	20096137523.770584,
				"retransmits":	0,
				"omitted":	false,
				"sender":	true
			}
		}],
	"end":	{
		"streams":	[{
				"sender":	{
					"socket":	5,
					"start":	0,
					"end":	10.000285,
					"seconds":	10.000285,
					"bytes":	22086942720,
					"bits_per_second":	17669050608.057671,
					"retransmits":	0,
					"max_snd_cwnd":	1771704,
					"max_rtt":	464,
					"min_rtt":	217,
					"mean_rtt":	330,
					"sender":	true
				},
				"receiver":	{
					"socket":	5,
					"start":	0,
					"end":	10.039753,
					"seconds":	10.000285,
					"bytes":	22084059136,
					"bits_per_second":	17597292790.768856,
					"sender":	true
				}
			}],
		"sum_sent":	{
			"start":	0,
			"end":	10.000285,
			"seconds":	10.000285,
			"bytes":	22086942720,
			"bits_per_second":	17669050608.057671,
			"retransmits":	0,
			"sender":	true
		},
		"sum_received":	{
			"start":	0,
			"end":	10.039753,
			"seconds":	10.039753,
			"bytes":	22084059136,
			"bits_per_second":	17597292790.768856,
			"sender":	true
		},
		"cpu_utilization_percent":	{
			"host_total":	62.314631463582728,
			"host_user":	2.1716176127419442,
			"host_system":	60.142994016180516,
			"remote_total":	15.096522584258215,
			"remote_user":	0.90460345327329073,
			"remote_system":	14.191917050815094
		},
		"sender_tcp_congestion":	"bbr",
		"receiver_tcp_congestion":	"bbr"
	}
}
