{
	"start":	{
		"connected":	[{
				"socket":	5,
				"local_host":	"10.10.11.10",
				"local_port":	47878,
				"remote_host":	"10.10.11.15",
				"remote_port":	5201
			}],
		"version":	"iperf 3.9",
		"system_info":	"Linux bc0 6.8.0-94-generic #96~22.04.1-Ubuntu SMP PREEMPT_DYNAMIC Fri Jan 16 13:19:05 UTC 2 x86_64",
		"timestamp":	{
			"time":	"Thu, 23 Jul 2026 03:22:28 GMT",
			"timesecs":	1784776948
		},
		"connecting_to":	{
			"host":	"10.10.11.15",
			"port":	5201
		},
		"cookie":	"5ykvofmteagidhmt6554gfib7gul4aj4youc",
		"tcp_mss_default":	8948,
		"sock_bufsize":	0,
		"sndbuf_actual":	16384,
		"rcvbuf_actual":	131072,
		"test_start":	{
			"protocol":	"TCP",
			"num_streams":	1,
			"blksize":	131072,
			"omit":	0,
			"duration":	10,
			"bytes":	0,
			"blocks":	0,
			"reverse":	0,
			"tos":	0
		}
	},
	"intervals":	[{
			"streams":	[{
					"socket":	5,
					"start":	0,
					"end":	1.000285,
					"seconds":	1.0002850294113159,
					"bytes":	1956876044,
					"bits_per_second":	15650547485.663389,
					"retransmits":	0,
					"snd_cwnd":	1682224,
					"rtt":	419,
					"rttvar":	86,
					"pmtu":	9000,
					"omitted":	false,
					"sender":	true
				}],
			"sum":	{
				"start":	0,
				"end":	1.000285,
				"seconds":	1.0002850294113159,
				"bytes":	1956876044,
				"bits_per_second":	15650547485.663389,
				"retransmits":	0,
				"omitted":	false,
				"sender":	true
			}
		}, {
			"streams":	[{
					"socket":	5,
					"start":	1.000285,
					"end":	2.000037,
					"seconds":	0.9997519850730896,
					"bytes":	2690908160,
					"bits_per_second":	21532605687.625809,
					"retransmits":	0,
					"snd_cwnd":	1861184,
					"rtt":	326,
					"rttvar":	54,
					"pmtu":	9000,
					"omitted":	false,
					"sender":	true
				}],
			"sum":	{
				"start":	1.000285,
				"end":	2.000037,
				"seconds":	0.9997519850730896,
				"bytes":	2690908160,
				"bits_per_second":	21532605687.625809,
				"retransmits":	0,
				"omitted":	false,
				"sender":	true
			}
		}, {
			"streams":	[{
					"socket":	5,
					"start":	2.000037,
					"end":	3.000031,
					"seconds":	0.99999397993087769,
					"bytes":	2845573120,
					"bits_per_second":	22764722005.20002,
					"retransmits":	0,
					"snd_cwnd":	1002176,
					"rtt":	185,
					"rttvar":	17,
					"pmtu":	9000,
					"omitted":	false,
					"sender":	true
				}],
			"sum":	{
				"start":	2.000037,
				"end":	3.000031,
				"seconds":	0.99999397993087769,
				"bytes":	2845573120,
				"bits_per_second":	22764722005.20002,
				"retransmits":	0,
				"omitted":	false,
				"sender":	true
			}
		}, {
			"streams":	[{
					"socket":	5,
					"start":	3.000031,
					"end":	4.000017,
					"seconds":	0.99998599290847778,
					"bytes":	2760376320,
					"bits_per_second":	22083319883.082718,
					"retransmits":	0,
					"snd_cwnd":	1270616,
					"rtt":	387,
					"rttvar":	83,
					"pmtu":	9000,
					"omitted":	false,
					"sender":	true
				}],
			"sum":	{
				"start":	3.000031,
				"end":	4.000017,
				"seconds":	0.99998599290847778,
				"bytes":	2760376320,
				"bits_per_second":	22083319883.082718,
				"retransmits":	0,
				"omitted":	false,
				"sender":	true
			}
		}, {
			"streams":	[{
					"socket":	5,
					"start":	4.000017,
					"end":	5.000351,
					"seconds":	1.0003340244293213,
					"bytes":	2666004480,
					"bits_per_second":	21320914133.823841,
					"retransmits":	0,
					"snd_cwnd":	1252720,
					"rtt":	277,
					"rttvar":	46,
					"pmtu":	9000,
					"omitted":	false,
					"sender":	true
				}],
			"sum":	{
				"start":	4.000017,
				"end":	5.000351,
				"seconds":	1.0003340244293213,
				"bytes":	2666004480,
				"bits_per_second":	21320914133.823841,
				"retransmits":	0,
				"omitted":	false,
				"sender":	true
			}
		}, {
			"streams":	[{
					"socket":	5,
					"start":	5.000351,
					"end":	6.000038,
					"seconds":	0.99968701601028442,
					"bytes":	2225602560,
					"bits_per_second":	17810394848.438072,
					"retransmits":	0,
					"snd_cwnd":	930592,
					"rtt":	253,
					"rttvar":	47,
					"pmtu":	9000,
					"omitted":	false,
					"sender":	true
				}],
			"sum":	{
				"start":	5.000351,
				"end":	6.000038,
				"seconds":	0.99968701601028442,
				"bytes":	2225602560,
				"bits_per_second":	17810394848.438072,
				"retransmits":	0,
				"omitted":	false,
				"sender":	true
			}
		}, {
			"streams":	[{
					"socket":	5,
					"start":	6.000038,
					"end":	7.000301,
					"seconds":	1.000262975692749,
					"bytes":	2152202240,
					"bits_per_second":	17213091295.392242,
					"retransmits":	0,
					"snd_cwnd":	948488,
					"rtt":	255,
					"rttvar":	44,
					"pmtu":	9000,
					"omitted":	false,
					"sender":	true
				}],
			"sum":	{
				"start":	6.000038,
				"end":	7.000301,
				"seconds":	1.000262975692749,
				"bytes":	2152202240,
				"bits_per_second":	17213091295.392242,
				"retransmits":	0,
				"omitted":	false,
				"sender":	true
			}
		}, {
			"streams":	[{
					"socket":	5,
					"start":	7.000301,
					"end":	8.000324,
					"seconds":	1.0000230073928833,
					"bytes":	2258370560,
					"bits_per_second":	18066548815.813351,
					"retransmits":	0,
					"snd_cwnd":	984280,
					"rtt":	281,
					"rttvar":	35,
					"pmtu":	9000,
					"omitted":	false,
					"sender":	true
				}],
			"sum":	{
				"start":	7.000301,
				"end":	8.000324,
				"seconds":	1.0000230073928833,
				"bytes":	2258370560,
				"bits_per_second":	18066548815.813351,
				"retransmits":	0,
				"omitted":	false,
				"sender":	true
			}
		}, {
			"streams":	[{
					"socket":	5,
					"start":	8.000324,
					"end":	9.000428,
					"seconds":	1.0001039505004883,
					"bytes":	1971322880,
					"bits_per_second":	15768943850.394579,
					"retransmits":	0,
					"snd_cwnd":	966384,
					"rtt":	258,
					"rttvar":	64,
					"pmtu":	9000,
					"omitted":	false,
					"sender":	true
				}],
			"sum":	{
				"start":	8.000324,
				"end":	9.000428,
				"seconds":	1.0001039505004883,
				"bytes":	1971322880,
				"bits_per_second":	15768943850.394579,
				"retransmits":	0,
				"omitted":	false,
				"sender":	true
			}
		}, {
			"streams":	[{
					"socket":	5,
					"start":	9.000428,
					"end":	10.000166,
					"seconds":	0.99973797798156738,
					"bytes":	2046033920,
					"bits_per_second":	16372561331.567009,
					"retransmits":	0,
					"snd_cwnd":	930592,
					"rtt":	282,
					"rttvar":	49,
					"pmtu":	9000,
					"omitted":	false,
					"sender":	true
				}],
			"sum":	{
				"start":	9.000428,
				"end":	10.000166,
				"seconds":	0.99973797798156738,
				"bytes":	2046033920,
				"bits_per_second":	16372561331.567009,
				"retransmits":	0,
				"omitted":	false,
				"sender":	true
			}
		}],
	"end":	{
		"streams":	[{
				"sender":	{
					"socket":	5,
					"start":	0,
					"end":	10.000166,
					"seconds":	10.000166,
					"bytes":	23573270284,
					"bits_per_second":	18858303179.367222,
					"retransmits":	0,
					"max_snd_cwnd":	1861184,
					"max_rtt":	419,
					"min_rtt":	185,
					"mean_rtt":	292,
					"sender":	true
				},
				"receiver":	{
					"socket":	5,
					"start":	0,
					"end":	10.040111,
					"seconds":	10.000166,
					"bytes":	23570153472,
					"bits_per_second":	18780791146.233345,
					"sender":	true
				}
			}],
		"sum_sent":	{
			"start":	0,
			"end":	10.000166,
			"seconds":	10.000166,
			"bytes":	23573270284,
			"bits_per_second":	18858303179.367222,
			"retransmits":	0,
			"sender":	true
		},
		"sum_received":	{
			"start":	0,
			"end":	10.040111,
			"seconds":	10.040111,
			"bytes":	23570153472,
			"bits_per_second":	18780791146.233345,
			"sender":	true
		},
		"cpu_utilization_percent":	{
			"host_total":	62.410863166772671,
			"host_user":	2.036704921663326,
			"host_system":	60.3741681628388,
			"remote_total":	12.569338972386287,
			"remote_user":	0.7990281612921365,
			"remote_system":	11.7703177596485
		},
		"sender_tcp_congestion":	"bbr",
		"receiver_tcp_congestion":	"bbr"
	}
}
