{
	"start":	{
		"connected":	[{
				"socket":	5,
				"local_host":	"10.10.11.10",
				"local_port":	35008,
				"remote_host":	"10.10.11.15",
				"remote_port":	5201
			}],
		"version":	"iperf 3.9",
		"system_info":	"Linux bc0 6.8.0-94-generic #96~22.04.1-Ubuntu SMP PREEMPT_DYNAMIC Fri Jan 16 13:19:05 UTC 2 x86_64",
		"timestamp":	{
			"time":	"Thu, 23 Jul 2026 03:23:20 GMT",
			"timesecs":	1784777000
		},
		"connecting_to":	{
			"host":	"10.10.11.15",
			"port":	5201
		},
		"cookie":	"u2z2zxxi6743u6exwm7rrftddopxc23oag55",
		"sock_bufsize":	0,
		"sndbuf_actual":	212992,
		"rcvbuf_actual":	212992,
		"test_start":	{
			"protocol":	"UDP",
			"num_streams":	1,
			"blksize":	1400,
			"omit":	0,
			"duration":	10,
			"bytes":	0,
			"blocks":	0,
			"reverse":	0,
			"tos":	0
		}
	},
	"intervals":	[{
			"streams":	[{
					"socket":	5,
					"start":	0,
					"end":	1.000014,
					"seconds":	1.0000139474868774,
					"bytes":	330477000,
					"bits_per_second":	2643779125.9253345,
					"packets":	236055,
					"omitted":	false,
					"sender":	true
				}],
			"sum":	{
				"start":	0,
				"end":	1.000014,
				"seconds":	1.0000139474868774,
				"bytes":	330477000,
				"bits_per_second":	2643779125.9253345,
				"packets":	236055,
				"omitted":	false,
				"sender":	true
			}
		}, {
			"streams":	[{
					"socket":	5,
					"start":	1.000014,
					"end":	2.000012,
					"seconds":	0.99999797344207764,
					"bytes":	332694600,
					"bits_per_second":	2661562193.80995,
					"packets":	237639,
					"omitted":	false,
					"sender":	true
				}],
			"sum":	{
				"start":	1.000014,
				"end":	2.000012,
				"seconds":	0.99999797344207764,
				"bytes":	332694600,
				"bits_per_second":	2661562193.80995,
				"packets":	237639,
				"omitted":	false,
				"sender":	true
			}
		}, {
			"streams":	[{
					"socket":	5,
					"start":	2.000012,
					"end":	3.000011,
					"seconds":	0.99999898672103882,
					"bytes":	324367400,
					"bits_per_second":	2594941829.399961,
					"packets":	231691,
					"omitted":	false,
					"sender":	true
				}],
			"sum":	{
				"start":	2.000012,
				"end":	3.000011,
				"seconds":	0.99999898672103882,
				"bytes":	324367400,
				"bits_per_second":	2594941829.399961,
				"packets":	231691,
				"omitted":	false,
				"sender":	true
			}
		}, {
			"streams":	[{
					"socket":	5,
					"start":	3.000011,
					"end":	4.000011,
					"seconds":	1,
					"bytes":	328181000,
					"bits_per_second":	2625448000,
					"packets":	234415,
					"omitted":	false,
					"sender":	true
				}],
			"sum":	{
				"start":	3.000011,
				"end":	4.000011,
				"seconds":	1,
				"bytes":	328181000,
				"bits_per_second":	2625448000,
				"packets":	234415,
				"omitted":	false,
				"sender":	true
			}
		}, {
			"streams":	[{
					"socket":	5,
					"start":	4.000011,
					"end":	5.000014,
					"seconds":	1.0000029802322388,
					"bytes":	328447000,
					"bits_per_second":	2627568169.2366323,
					"packets":	234605,
					"omitted":	false,
					"sender":	true
				}],
			"sum":	{
				"start":	4.000011,
				"end":	5.000014,
				"seconds":	1.0000029802322388,
				"bytes":	328447000,
				"bits_per_second":	2627568169.2366323,
				"packets":	234605,
				"omitted":	false,
				"sender":	true
			}
		}, {
			"streams":	[{
					"socket":	5,
					"start":	5.000014,
					"end":	6.000015,
					"seconds":	1.0000009536743164,
					"bytes":	314070400,
					"bits_per_second":	2512560803.8352928,
					"packets":	224336,
					"omitted":	false,
					"sender":	true
				}],
			"sum":	{
				"start":	5.000014,
				"end":	6.000015,
				"seconds":	1.0000009536743164,
				"bytes":	314070400,
				"bits_per_second":	2512560803.8352928,
				"packets":	224336,
				"omitted":	false,
				"sender":	true
			}
		}, {
			"streams":	[{
					"socket":	5,
					"start":	6.000015,
					"end":	7.000013,
					"seconds":	0.99999797344207764,
					"bytes":	328249600,
					"bits_per_second":	2626002121.7454038,
					"packets":	234464,
					"omitted":	false,
					"sender":	true
				}],
			"sum":	{
				"start":	6.000015,
				"end":	7.000013,
				"seconds":	0.99999797344207764,
				"bytes":	328249600,
				"bits_per_second":	2626002121.7454038,
				"packets":	234464,
				"omitted":	false,
				"sender":	true
			}
		}, {
			"streams":	[{
					"socket":	5,
					"start":	7.000013,
					"end":	8.000015,
					"seconds":	1.0000020265579224,
					"bytes":	329154000,
					"bits_per_second":	2633226663.6136436,
					"packets":	235110,
					"omitted":	false,
					"sender":	true
				}],
			"sum":	{
				"start":	7.000013,
				"end":	8.000015,
				"seconds":	1.0000020265579224,
				"bytes":	329154000,
				"bits_per_second":	2633226663.6136436,
				"packets":	235110,
				"omitted":	false,
				"sender":	true
			}
		}, {
			"streams":	[{
					"socket":	5,
					"start":	8.000015,
					"end":	9.000012,
					"seconds":	0.99999701976776123,
					"bytes":	329295400,
					"bits_per_second":	2634371051.0375352,
					"packets":	235211,
					"omitted":	false,
					"sender":	true
				}],
			"sum":	{
				"start":	8.000015,
				"end":	9.000012,
				"seconds":	0.99999701976776123,
				"bytes":	329295400,
				"bits_per_second":	2634371051.0375352,
				"packets":	235211,
				"omitted":	false,
				"sender":	true
			}
		}, {
			"streams":	[{
					"socket":	5,
					"start":	9.000012,
					"end":	10.000021,
					"seconds":	1.0000089406967163,
					"bytes":	324417800,
					"bits_per_second":	2595319196.0381861,
					"packets":	231727,
					"omitted":	false,
					"sender":	true
				}],
			"sum":	{
				"start":	9.000012,
				"end":	10.000021,
				"seconds":	1.0000089406967163,
				"bytes":	324417800,
				"bits_per_second":	2595319196.0381861,
				"packets":	231727,
				"omitted":	false,
				"sender":	true
			}
		}],
	"end":	{
		"streams":	[{
				"udp":	{
					"socket":	5,
					"start":	0,
					"end":	10.000021,
					"seconds":	10.000021,
					"bytes":	3269354200,
					"bits_per_second":	2615477867.4964781,
					"jitter_ms":	0.0018970104132904069,
					"lost_packets":	383929,
					"packets":	2335253,
					"lost_percent":	16.440574104818623,
					"out_of_order":	0,
					"sender":	true
				}
			}],
		"sum":	{
			"start":	0,
			"end":	10.041304,
			"seconds":	10.041304,
			"bytes":	3269354200,
			"bits_per_second":	2615477867.4964781,
			"jitter_ms":	0.0018970104132904069,
			"lost_packets":	383929,
			"packets":	2335253,
			"lost_percent":	16.440574104818623,
			"sender":	true
		},
		"cpu_utilization_percent":	{
			"host_total":	99.575375866492578,
			"host_user":	23.502258992456142,
			"host_system":	76.073116874036444,
			"remote_total":	91.086773816598466,
			"remote_user":	26.464316284823614,
			"remote_system":	64.622457531774842
		}
	}
}
