{
	"start":	{
		"connected":	[{
				"socket":	5,
				"local_host":	"10.10.11.10",
				"local_port":	58547,
				"remote_host":	"10.10.11.15",
				"remote_port":	5201
			}],
		"version":	"iperf 3.9",
		"system_info":	"Linux bc0 6.8.0-94-generic #96~22.04.1-Ubuntu SMP PREEMPT_DYNAMIC Fri Jan 16 13:19:05 UTC 2 x86_64",
		"timestamp":	{
			"time":	"Thu, 23 Jul 2026 03:26:59 GMT",
			"timesecs":	1784777219
		},
		"connecting_to":	{
			"host":	"10.10.11.15",
			"port":	5201
		},
		"cookie":	"szrxfmyylduco37h4sj7hgawqgpi6ml7z63t",
		"sock_bufsize":	0,
		"sndbuf_actual":	212992,
		"rcvbuf_actual":	212992,
		"test_start":	{
			"protocol":	"UDP",
			"num_streams":	1,
			"blksize":	1400,
			"omit":	0,
			"duration":	10,
			"bytes":	0,
			"blocks":	0,
			"reverse":	0,
			"tos":	0
		}
	},
	"intervals":	[{
			"streams":	[{
					"socket":	5,
					"start":	0,
					"end":	1.000013,
					"seconds":	1.000012993812561,
					"bytes":	308876400,
					"bits_per_second":	2470979092.5608292,
					"packets":	220626,
					"omitted":	false,
					"sender":	true
				}],
			"sum":	{
				"start":	0,
				"end":	1.000013,
				"seconds":	1.000012993812561,
				"bytes":	308876400,
				"bits_per_second":	2470979092.5608292,
				"packets":	220626,
				"omitted":	false,
				"sender":	true
			}
		}, {
			"streams":	[{
					"socket":	5,
					"start":	1.000013,
					"end":	2.000011,
					"seconds":	0.99999797344207764,
					"bytes":	335088600,
					"bits_per_second":	2680714232.6226659,
					"packets":	239349,
					"omitted":	false,
					"sender":	true
				}],
			"sum":	{
				"start":	1.000013,
				"end":	2.000011,
				"seconds":	0.99999797344207764,
				"bytes":	335088600,
				"bits_per_second":	2680714232.6226659,
				"packets":	239349,
				"omitted":	false,
				"sender":	true
			}
		}, {
			"streams":	[{
					"socket":	5,
					"start":	2.000011,
					"end":	3.000011,
					"seconds":	1,
					"bytes":	308422800,
					"bits_per_second":	2467382400,
					"packets":	220302,
					"omitted":	false,
					"sender":	true
				}],
			"sum":	{
				"start":	2.000011,
				"end":	3.000011,
				"seconds":	1,
				"bytes":	308422800,
				"bits_per_second":	2467382400,
				"packets":	220302,
				"omitted":	false,
				"sender":	true
			}
		}, {
			"streams":	[{
					"socket":	5,
					"start":	3.000011,
					"end":	4.00001,
					"seconds":	0.99999898672103882,
					"bytes":	335143200,
					"bits_per_second":	2681148316.7511811,
					"packets":	239388,
					"omitted":	false,
					"sender":	true
				}],
			"sum":	{
				"start":	3.000011,
				"end":	4.00001,
				"seconds":	0.99999898672103882,
				"bytes":	335143200,
				"bits_per_second":	2681148316.7511811,
				"packets":	239388,
				"omitted":	false,
				"sender":	true
			}
		}, {
			"streams":	[{
					"socket":	5,
					"start":	4.00001,
					"end":	5.000012,
					"seconds":	1.0000020265579224,
					"bytes":	344384600,
					"bits_per_second":	2755071216.6885991,
					"packets":	245989,
					"omitted":	false,
					"sender":	true
				}],
			"sum":	{
				"start":	4.00001,
				"end":	5.000012,
				"seconds":	1.0000020265579224,
				"bytes":	344384600,
				"bits_per_second":	2755071216.6885991,
				"packets":	245989,
				"omitted":	false,
				"sender":	true
			}
		}, {
			"streams":	[{
					"socket":	5,
					"start":	5.000012,
					"end":	6.000013,
					"seconds":	1.0000009536743164,
					"bytes":	342179600,
					"bits_per_second":	2737434189.37932,
					"packets":	244414,
					"omitted":	false,
					"sender":	true
				}],
			"sum":	{
				"start":	5.000012,
				"end":	6.000013,
				"seconds":	1.0000009536743164,
				"bytes":	342179600,
				"bits_per_second":	2737434189.37932,
				"packets":	244414,
				"omitted":	false,
				"sender":	true
			}
		}, {
			"streams":	[{
					"socket":	5,
					"start":	6.000013,
					"end":	7.000011,
					"seconds":	0.99999797344207764,
					"bytes":	339924200,
					"bits_per_second":	2719399111.0198126,
					"packets":	242803,
					"omitted":	false,
					"sender":	true
				}],
			"sum":	{
				"start":	6.000013,
				"end":	7.000011,
				"seconds":	0.99999797344207764,
				"bytes":	339924200,
				"bits_per_second":	2719399111.0198126,
				"packets":	242803,
				"omitted":	false,
				"sender":	true
			}
		}, {
			"streams":	[{
					"socket":	5,
					"start":	7.000011,
					"end":	8.000013,
					"seconds":	1.0000020265579224,
					"bytes":	340309200,
					"bits_per_second":	2722468082.7607384,
					"packets":	243078,
					"omitted":	false,
					"sender":	true
				}],
			"sum":	{
				"start":	7.000011,
				"end":	8.000013,
				"seconds":	1.0000020265579224,
				"bytes":	340309200,
				"bits_per_second":	2722468082.7607384,
				"packets":	243078,
				"omitted":	false,
				"sender":	true
			}
		}, {
			"streams":	[{
					"socket":	5,
					"start":	8.000013,
					"end":	9.000013,
					"seconds":	1,
					"bytes":	343890400,
					"bits_per_second":	2751123200,
					"packets":	245636,
					"omitted":	false,
					"sender":	true
				}],
			"sum":	{
				"start":	8.000013,
				"end":	9.000013,
				"seconds":	1,
				"bytes":	343890400,
				"bits_per_second":	2751123200,
				"packets":	245636,
				"omitted":	false,
				"sender":	true
			}
		}, {
			"streams":	[{
					"socket":	5,
					"start":	9.000013,
					"end":	10.000019,
					"seconds":	1.0000059604644775,
					"bytes":	333124400,
					"bits_per_second":	2664979315.4854565,
					"packets":	237946,
					"omitted":	false,
					"sender":	true
				}],
			"sum":	{
				"start":	9.000013,
				"end":	10.000019,
				"seconds":	1.0000059604644775,
				"bytes":	333124400,
				"bits_per_second":	2664979315.4854565,
				"packets":	237946,
				"omitted":	false,
				"sender":	true
			}
		}],
	"end":	{
		"streams":	[{
				"udp":	{
					"socket":	5,
					"start":	0,
					"end":	10.000019,
					"seconds":	10.000019,
					"bytes":	3331343400,
					"bits_per_second":	2665069656.3676529,
					"jitter_ms":	0.0020599739976878344,
					"lost_packets":	428440,
					"packets":	2379531,
					"lost_percent":	18.005228761466022,
					"out_of_order":	0,
					"sender":	true
				}
			}],
		"sum":	{
			"start":	0,
			"end":	10.04105,
			"seconds":	10.04105,
			"bytes":	3331343400,
			"bits_per_second":	2665069656.3676529,
			"jitter_ms":	0.0020599739976878344,
			"lost_packets":	428440,
			"packets":	2379531,
			"lost_percent":	18.005228761466022,
			"sender":	true
		},
		"cpu_utilization_percent":	{
			"host_total":	99.576465333152967,
			"host_user":	23.7920048682784,
			"host_system":	75.784440629972366,
			"remote_total":	91.9359451402273,
			"remote_user":	26.892706730928435,
			"remote_system":	65.0432384092989
		}
	}
}
