{
	"start":	{
		"connected":	[{
				"socket":	5,
				"local_host":	"10.10.11.10",
				"local_port":	47316,
				"remote_host":	"10.10.11.15",
				"remote_port":	5201
			}],
		"version":	"iperf 3.9",
		"system_info":	"Linux bc0 6.8.0-94-generic #96~22.04.1-Ubuntu SMP PREEMPT_DYNAMIC Fri Jan 16 13:19:05 UTC 2 x86_64",
		"timestamp":	{
			"time":	"Thu, 23 Jul 2026 03:21:30 GMT",
			"timesecs":	1784776890
		},
		"connecting_to":	{
			"host":	"10.10.11.15",
			"port":	5201
		},
		"cookie":	"lvnhadz4qnuhde6k3ynq7oywg2empmquupzc",
		"sock_bufsize":	0,
		"sndbuf_actual":	212992,
		"rcvbuf_actual":	212992,
		"test_start":	{
			"protocol":	"UDP",
			"num_streams":	1,
			"blksize":	1400,
			"omit":	0,
			"duration":	10,
			"bytes":	0,
			"blocks":	0,
			"reverse":	0,
			"tos":	0
		}
	},
	"intervals":	[{
			"streams":	[{
					"socket":	5,
					"start":	0,
					"end":	1.000012,
					"seconds":	1.0000120401382446,
					"bytes":	343313600,
					"bits_per_second":	2746475732.0525007,
					"packets":	245224,
					"omitted":	false,
					"sender":	true
				}],
			"sum":	{
				"start":	0,
				"end":	1.000012,
				"seconds":	1.0000120401382446,
				"bytes":	343313600,
				"bits_per_second":	2746475732.0525007,
				"packets":	245224,
				"omitted":	false,
				"sender":	true
			}
		}, {
			"streams":	[{
					"socket":	5,
					"start":	1.000012,
					"end":	2.000011,
					"seconds":	0.99999898672103882,
					"bytes":	342304200,
					"bits_per_second":	2738436374.7999649,
					"packets":	244503,
					"omitted":	false,
					"sender":	true
				}],
			"sum":	{
				"start":	1.000012,
				"end":	2.000011,
				"seconds":	0.99999898672103882,
				"bytes":	342304200,
				"bits_per_second":	2738436374.7999649,
				"packets":	244503,
				"omitted":	false,
				"sender":	true
			}
		}, {
			"streams":	[{
					"socket":	5,
					"start":	2.000011,
					"end":	3.00001,
					"seconds":	0.99999898672103882,
					"bytes":	345020200,
					"bits_per_second":	2760164396.8165126,
					"packets":	246443,
					"omitted":	false,
					"sender":	true
				}],
			"sum":	{
				"start":	2.000011,
				"end":	3.00001,
				"seconds":	0.99999898672103882,
				"bytes":	345020200,
				"bits_per_second":	2760164396.8165126,
				"packets":	246443,
				"omitted":	false,
				"sender":	true
			}
		}, {
			"streams":	[{
					"socket":	5,
					"start":	3.00001,
					"end":	4.000014,
					"seconds":	1.0000040531158447,
					"bytes":	343649600,
					"bits_per_second":	2749185657.2320528,
					"packets":	245464,
					"omitted":	false,
					"sender":	true
				}],
			"sum":	{
				"start":	3.00001,
				"end":	4.000014,
				"seconds":	1.0000040531158447,
				"bytes":	343649600,
				"bits_per_second":	2749185657.2320528,
				"packets":	245464,
				"omitted":	false,
				"sender":	true
			}
		}, {
			"streams":	[{
					"socket":	5,
					"start":	4.000014,
					"end":	5.000013,
					"seconds":	0.99999898672103882,
					"bytes":	343959000,
					"bits_per_second":	2751674788.2141709,
					"packets":	245685,
					"omitted":	false,
					"sender":	true
				}],
			"sum":	{
				"start":	4.000014,
				"end":	5.000013,
				"seconds":	0.99999898672103882,
				"bytes":	343959000,
				"bits_per_second":	2751674788.2141709,
				"packets":	245685,
				"omitted":	false,
				"sender":	true
			}
		}, {
			"streams":	[{
					"socket":	5,
					"start":	5.000013,
					"end":	6.000012,
					"seconds":	0.99999898672103882,
					"bytes":	350383600,
					"bits_per_second":	2803071640.29352,
					"packets":	250274,
					"omitted":	false,
					"sender":	true
				}],
			"sum":	{
				"start":	5.000013,
				"end":	6.000012,
				"seconds":	0.99999898672103882,
				"bytes":	350383600,
				"bits_per_second":	2803071640.29352,
				"packets":	250274,
				"omitted":	false,
				"sender":	true
			}
		}, {
			"streams":	[{
					"socket":	5,
					"start":	6.000012,
					"end":	7.000013,
					"seconds":	1.0000009536743164,
					"bytes":	346544800,
					"bits_per_second":	2772355756.07552,
					"packets":	247532,
					"omitted":	false,
					"sender":	true
				}],
			"sum":	{
				"start":	6.000012,
				"end":	7.000013,
				"seconds":	1.0000009536743164,
				"bytes":	346544800,
				"bits_per_second":	2772355756.07552,
				"packets":	247532,
				"omitted":	false,
				"sender":	true
			}
		}, {
			"streams":	[{
					"socket":	5,
					"start":	7.000013,
					"end":	8.000013,
					"seconds":	1,
					"bytes":	349084400,
					"bits_per_second":	2792675200,
					"packets":	249346,
					"omitted":	false,
					"sender":	true
				}],
			"sum":	{
				"start":	7.000013,
				"end":	8.000013,
				"seconds":	1,
				"bytes":	349084400,
				"bits_per_second":	2792675200,
				"packets":	249346,
				"omitted":	false,
				"sender":	true
			}
		}, {
			"streams":	[{
					"socket":	5,
					"start":	8.000013,
					"end":	9.000011,
					"seconds":	0.99999797344207764,
					"bytes":	349323800,
					"bits_per_second":	2794596063.4107919,
					"packets":	249517,
					"omitted":	false,
					"sender":	true
				}],
			"sum":	{
				"start":	8.000013,
				"end":	9.000011,
				"seconds":	0.99999797344207764,
				"bytes":	349323800,
				"bits_per_second":	2794596063.4107919,
				"packets":	249517,
				"omitted":	false,
				"sender":	true
			}
		}, {
			"streams":	[{
					"socket":	5,
					"start":	9.000011,
					"end":	10.000018,
					"seconds":	1.0000070333480835,
					"bytes":	346733800,
					"bits_per_second":	2773850890.5411553,
					"packets":	247667,
					"omitted":	false,
					"sender":	true
				}],
			"sum":	{
				"start":	9.000011,
				"end":	10.000018,
				"seconds":	1.0000070333480835,
				"bytes":	346733800,
				"bits_per_second":	2773850890.5411553,
				"packets":	247667,
				"omitted":	false,
				"sender":	true
			}
		}],
	"end":	{
		"streams":	[{
				"udp":	{
					"socket":	5,
					"start":	0,
					"end":	10.000018,
					"seconds":	10.000018,
					"bytes":	3460317000,
					"bits_per_second":	2768248617.1524887,
					"jitter_ms":	0.00076953168919435746,
					"lost_packets":	360011,
					"packets":	2471655,
					"lost_percent":	14.5655845981741,
					"out_of_order":	0,
					"sender":	true
				}
			}],
		"sum":	{
			"start":	0,
			"end":	10.041227,
			"seconds":	10.041227,
			"bytes":	3460317000,
			"bits_per_second":	2768248617.1524887,
			"jitter_ms":	0.00076953168919435746,
			"lost_packets":	360011,
			"packets":	2471655,
			"lost_percent":	14.5655845981741,
			"sender":	true
		},
		"cpu_utilization_percent":	{
			"host_total":	99.5780712073146,
			"host_user":	23.186268029266344,
			"host_system":	76.3917932603463,
			"remote_total":	90.377001425519438,
			"remote_user":	27.418043790645523,
			"remote_system":	62.9589479315219
		}
	}
}
