{
	"start":	{
		"connected":	[{
				"socket":	5,
				"local_host":	"10.10.11.10",
				"local_port":	59840,
				"remote_host":	"10.10.11.15",
				"remote_port":	5201
			}],
		"version":	"iperf 3.9",
		"system_info":	"Linux bc0 6.8.0-94-generic #96~22.04.1-Ubuntu SMP PREEMPT_DYNAMIC Fri Jan 16 13:19:05 UTC 2 x86_64",
		"timestamp":	{
			"time":	"Thu, 23 Jul 2026 03:28:38 GMT",
			"timesecs":	1784777318
		},
		"connecting_to":	{
			"host":	"10.10.11.15",
			"port":	5201
		},
		"cookie":	"ozbdsbmdnrjaccj44bagqajxvnwyf7u77euw",
		"sock_bufsize":	0,
		"sndbuf_actual":	212992,
		"rcvbuf_actual":	212992,
		"test_start":	{
			"protocol":	"UDP",
			"num_streams":	1,
			"blksize":	64,
			"omit":	0,
			"duration":	10,
			"bytes":	0,
			"blocks":	0,
			"reverse":	0,
			"tos":	0
		}
	},
	"intervals":	[{
			"streams":	[{
					"socket":	5,
					"start":	0,
					"end":	1.000032,
					"seconds":	1.0000319480895996,
					"bytes":	23695360,
					"bits_per_second":	189556824.02160195,
					"packets":	370240,
					"omitted":	false,
					"sender":	true
				}],
			"sum":	{
				"start":	0,
				"end":	1.000032,
				"seconds":	1.0000319480895996,
				"bytes":	23695360,
				"bits_per_second":	189556824.02160195,
				"packets":	370240,
				"omitted":	false,
				"sender":	true
			}
		}, {
			"streams":	[{
					"socket":	5,
					"start":	1.000032,
					"end":	2.00003,
					"seconds":	0.99999797344207764,
					"bytes":	25699840,
					"bits_per_second":	205599136.65855923,
					"packets":	401560,
					"omitted":	false,
					"sender":	true
				}],
			"sum":	{
				"start":	1.000032,
				"end":	2.00003,
				"seconds":	0.99999797344207764,
				"bytes":	25699840,
				"bits_per_second":	205599136.65855923,
				"packets":	401560,
				"omitted":	false,
				"sender":	true
			}
		}, {
			"streams":	[{
					"socket":	5,
					"start":	2.00003,
					"end":	3.000013,
					"seconds":	0.999983012676239,
					"bytes":	25390080,
					"bits_per_second":	203124090.53468958,
					"packets":	396720,
					"omitted":	false,
					"sender":	true
				}],
			"sum":	{
				"start":	2.00003,
				"end":	3.000013,
				"seconds":	0.999983012676239,
				"bytes":	25390080,
				"bits_per_second":	203124090.53468958,
				"packets":	396720,
				"omitted":	false,
				"sender":	true
			}
		}, {
			"streams":	[{
					"socket":	5,
					"start":	3.000013,
					"end":	4.000032,
					"seconds":	1.0000189542770386,
					"bytes":	25617280,
					"bits_per_second":	204934355.6174489,
					"packets":	400270,
					"omitted":	false,
					"sender":	true
				}],
			"sum":	{
				"start":	3.000013,
				"end":	4.000032,
				"seconds":	1.0000189542770386,
				"bytes":	25617280,
				"bits_per_second":	204934355.6174489,
				"packets":	400270,
				"omitted":	false,
				"sender":	true
			}
		}, {
			"streams":	[{
					"socket":	5,
					"start":	4.000032,
					"end":	5.000024,
					"seconds":	0.9999920129776,
					"bytes":	25461120,
					"bits_per_second":	203690586.88128006,
					"packets":	397830,
					"omitted":	false,
					"sender":	true
				}],
			"sum":	{
				"start":	4.000032,
				"end":	5.000024,
				"seconds":	0.9999920129776,
				"bytes":	25461120,
				"bits_per_second":	203690586.88128006,
				"packets":	397830,
				"omitted":	false,
				"sender":	true
			}
		}, {
			"streams":	[{
					"socket":	5,
					"start":	5.000024,
					"end":	6.000017,
					"seconds":	0.99999302625656128,
					"bytes":	25243520,
					"bits_per_second":	201949568.34447721,
					"packets":	394430,
					"omitted":	false,
					"sender":	true
				}],
			"sum":	{
				"start":	5.000024,
				"end":	6.000017,
				"seconds":	0.99999302625656128,
				"bytes":	25243520,
				"bits_per_second":	201949568.34447721,
				"packets":	394430,
				"omitted":	false,
				"sender":	true
			}
		}, {
			"streams":	[{
					"socket":	5,
					"start":	6.000017,
					"end":	7.000017,
					"seconds":	1,
					"bytes":	25186560,
					"bits_per_second":	201492480,
					"packets":	393540,
					"omitted":	false,
					"sender":	true
				}],
			"sum":	{
				"start":	6.000017,
				"end":	7.000017,
				"seconds":	1,
				"bytes":	25186560,
				"bits_per_second":	201492480,
				"packets":	393540,
				"omitted":	false,
				"sender":	true
			}
		}, {
			"streams":	[{
					"socket":	5,
					"start":	7.000017,
					"end":	8.000012,
					"seconds":	0.999994993209839,
					"bytes":	24924160,
					"bits_per_second":	199394278.32531092,
					"packets":	389440,
					"omitted":	false,
					"sender":	true
				}],
			"sum":	{
				"start":	7.000017,
				"end":	8.000012,
				"seconds":	0.999994993209839,
				"bytes":	24924160,
				"bits_per_second":	199394278.32531092,
				"packets":	389440,
				"omitted":	false,
				"sender":	true
			}
		}, {
			"streams":	[{
					"socket":	5,
					"start":	8.000012,
					"end":	9.000037,
					"seconds":	1.0000250339508057,
					"bytes":	25076480,
					"bits_per_second":	200606818.01878643,
					"packets":	391820,
					"omitted":	false,
					"sender":	true
				}],
			"sum":	{
				"start":	8.000012,
				"end":	9.000037,
				"seconds":	1.0000250339508057,
				"bytes":	25076480,
				"bits_per_second":	200606818.01878643,
				"packets":	391820,
				"omitted":	false,
				"sender":	true
			}
		}, {
			"streams":	[{
					"socket":	5,
					"start":	9.000037,
					"end":	10.000034,
					"seconds":	0.99999701976776123,
					"bytes":	25401600,
					"bits_per_second":	203213405.62314278,
					"packets":	396900,
					"omitted":	false,
					"sender":	true
				}],
			"sum":	{
				"start":	9.000037,
				"end":	10.000034,
				"seconds":	0.99999701976776123,
				"bytes":	25401600,
				"bits_per_second":	203213405.62314278,
				"packets":	396900,
				"omitted":	false,
				"sender":	true
			}
		}],
	"end":	{
		"streams":	[{
				"udp":	{
					"socket":	5,
					"start":	0,
					"end":	10.000034,
					"seconds":	10.000034,
					"bytes":	251696000,
					"bits_per_second":	201356115.38920769,
					"jitter_ms":	0.0019947324483222469,
					"lost_packets":	1361370,
					"packets":	3932750,
					"lost_percent":	34.616235458648525,
					"out_of_order":	0,
					"sender":	true
				}
			}],
		"sum":	{
			"start":	0,
			"end":	10.040954,
			"seconds":	10.040954,
			"bytes":	251696000,
			"bits_per_second":	201356115.38920769,
			"jitter_ms":	0.0019947324483222469,
			"lost_packets":	1361370,
			"packets":	3932750,
			"lost_percent":	34.616235458648525,
			"sender":	true
		},
		"cpu_utilization_percent":	{
			"host_total":	99.581169290363164,
			"host_user":	19.043482262600278,
			"host_system":	80.5376969458455,
			"remote_total":	96.995436221087843,
			"remote_user":	31.422309527084934,
			"remote_system":	65.5731266940029
		}
	}
}
