{
	"start":	{
		"connected":	[{
				"socket":	5,
				"local_host":	"10.10.11.10",
				"local_port":	37555,
				"remote_host":	"10.10.11.15",
				"remote_port":	5201
			}],
		"version":	"iperf 3.9",
		"system_info":	"Linux bc0 6.8.0-94-generic #96~22.04.1-Ubuntu SMP PREEMPT_DYNAMIC Fri Jan 16 13:19:05 UTC 2 x86_64",
		"timestamp":	{
			"time":	"Thu, 23 Jul 2026 03:23:10 GMT",
			"timesecs":	1784776990
		},
		"connecting_to":	{
			"host":	"10.10.11.15",
			"port":	5201
		},
		"cookie":	"riuieqtlfgoigvhrvrc4wnnh64nqleetdtin",
		"sock_bufsize":	0,
		"sndbuf_actual":	212992,
		"rcvbuf_actual":	212992,
		"test_start":	{
			"protocol":	"UDP",
			"num_streams":	1,
			"blksize":	64,
			"omit":	0,
			"duration":	10,
			"bytes":	0,
			"blocks":	0,
			"reverse":	0,
			"tos":	0
		}
	},
	"intervals":	[{
			"streams":	[{
					"socket":	5,
					"start":	0,
					"end":	1.000012,
					"seconds":	1.0000120401382446,
					"bytes":	22911360,
					"bits_per_second":	183288673.17903626,
					"packets":	357990,
					"omitted":	false,
					"sender":	true
				}],
			"sum":	{
				"start":	0,
				"end":	1.000012,
				"seconds":	1.0000120401382446,
				"bytes":	22911360,
				"bits_per_second":	183288673.17903626,
				"packets":	357990,
				"omitted":	false,
				"sender":	true
			}
		}, {
			"streams":	[{
					"socket":	5,
					"start":	1.000012,
					"end":	2.000029,
					"seconds":	1.0000170469284058,
					"bytes":	24419840,
					"bits_per_second":	195355389.79065657,
					"packets":	381560,
					"omitted":	false,
					"sender":	true
				}],
			"sum":	{
				"start":	1.000012,
				"end":	2.000029,
				"seconds":	1.0000170469284058,
				"bytes":	24419840,
				"bits_per_second":	195355389.79065657,
				"packets":	381560,
				"omitted":	false,
				"sender":	true
			}
		}, {
			"streams":	[{
					"socket":	5,
					"start":	2.000029,
					"end":	3.000027,
					"seconds":	0.99999797344207764,
					"bytes":	24700160,
					"bits_per_second":	197601680.451251,
					"packets":	385940,
					"omitted":	false,
					"sender":	true
				}],
			"sum":	{
				"start":	2.000029,
				"end":	3.000027,
				"seconds":	0.99999797344207764,
				"bytes":	24700160,
				"bits_per_second":	197601680.451251,
				"packets":	385940,
				"omitted":	false,
				"sender":	true
			}
		}, {
			"streams":	[{
					"socket":	5,
					"start":	3.000027,
					"end":	4.000027,
					"seconds":	1,
					"bytes":	24960000,
					"bits_per_second":	199680000,
					"packets":	390000,
					"omitted":	false,
					"sender":	true
				}],
			"sum":	{
				"start":	3.000027,
				"end":	4.000027,
				"seconds":	1,
				"bytes":	24960000,
				"bits_per_second":	199680000,
				"packets":	390000,
				"omitted":	false,
				"sender":	true
			}
		}, {
			"streams":	[{
					"socket":	5,
					"start":	4.000027,
					"end":	5.000029,
					"seconds":	1.0000020265579224,
					"bytes":	25013760,
					"bits_per_second":	200109674.46615386,
					"packets":	390840,
					"omitted":	false,
					"sender":	true
				}],
			"sum":	{
				"start":	4.000027,
				"end":	5.000029,
				"seconds":	1.0000020265579224,
				"bytes":	25013760,
				"bits_per_second":	200109674.46615386,
				"packets":	390840,
				"omitted":	false,
				"sender":	true
			}
		}, {
			"streams":	[{
					"socket":	5,
					"start":	5.000029,
					"end":	6.000019,
					"seconds":	0.99998998641967773,
					"bytes":	24906880,
					"bits_per_second":	199257035.27632752,
					"packets":	389170,
					"omitted":	false,
					"sender":	true
				}],
			"sum":	{
				"start":	5.000029,
				"end":	6.000019,
				"seconds":	0.99998998641967773,
				"bytes":	24906880,
				"bits_per_second":	199257035.27632752,
				"packets":	389170,
				"omitted":	false,
				"sender":	true
			}
		}, {
			"streams":	[{
					"socket":	5,
					"start":	6.000019,
					"end":	7.000019,
					"seconds":	1,
					"bytes":	25054080,
					"bits_per_second":	200432640,
					"packets":	391470,
					"omitted":	false,
					"sender":	true
				}],
			"sum":	{
				"start":	6.000019,
				"end":	7.000019,
				"seconds":	1,
				"bytes":	25054080,
				"bits_per_second":	200432640,
				"packets":	391470,
				"omitted":	false,
				"sender":	true
			}
		}, {
			"streams":	[{
					"socket":	5,
					"start":	7.000019,
					"end":	8.000016,
					"seconds":	0.99999701976776123,
					"bytes":	25097600,
					"bits_per_second":	200781398.3751964,
					"packets":	392150,
					"omitted":	false,
					"sender":	true
				}],
			"sum":	{
				"start":	7.000019,
				"end":	8.000016,
				"seconds":	0.99999701976776123,
				"bytes":	25097600,
				"bits_per_second":	200781398.3751964,
				"packets":	392150,
				"omitted":	false,
				"sender":	true
			}
		}, {
			"streams":	[{
					"socket":	5,
					"start":	8.000016,
					"end":	9.000029,
					"seconds":	1.000012993812561,
					"bytes":	25196800,
					"bits_per_second":	201571780.81406251,
					"packets":	393700,
					"omitted":	false,
					"sender":	true
				}],
			"sum":	{
				"start":	8.000016,
				"end":	9.000029,
				"seconds":	1.000012993812561,
				"bytes":	25196800,
				"bits_per_second":	201571780.81406251,
				"packets":	393700,
				"omitted":	false,
				"sender":	true
			}
		}, {
			"streams":	[{
					"socket":	5,
					"start":	9.000029,
					"end":	10.000021,
					"seconds":	0.9999920129776,
					"bytes":	25271680,
					"bits_per_second":	202175054.7766912,
					"packets":	394870,
					"omitted":	false,
					"sender":	true
				}],
			"sum":	{
				"start":	9.000029,
				"end":	10.000021,
				"seconds":	0.9999920129776,
				"bytes":	25271680,
				"bits_per_second":	202175054.7766912,
				"packets":	394870,
				"omitted":	false,
				"sender":	true
			}
		}],
	"end":	{
		"streams":	[{
				"udp":	{
					"socket":	5,
					"start":	0,
					"end":	10.000021,
					"seconds":	10.000021,
					"bytes":	247532160,
					"bits_per_second":	198025312.14684448,
					"jitter_ms":	0.0073044968031056182,
					"lost_packets":	2058276,
					"packets":	3867690,
					"lost_percent":	53.2171916570356,
					"out_of_order":	0,
					"sender":	true
				}
			}],
		"sum":	{
			"start":	0,
			"end":	10.039872,
			"seconds":	10.039872,
			"bytes":	247532160,
			"bits_per_second":	198025312.14684448,
			"jitter_ms":	0.0073044968031056182,
			"lost_packets":	2058276,
			"packets":	3867690,
			"lost_percent":	53.2171916570356,
			"sender":	true
		},
		"cpu_utilization_percent":	{
			"host_total":	99.5828103873756,
			"host_user":	18.6442760988015,
			"host_system":	80.9385342885741,
			"remote_total":	97.2049434156714,
			"remote_user":	25.383932255037227,
			"remote_system":	71.821011160634157
		}
	}
}
