{
	"start":	{
		"connected":	[{
				"socket":	5,
				"local_host":	"10.10.11.10",
				"local_port":	35814,
				"remote_host":	"10.10.11.15",
				"remote_port":	5201
			}],
		"version":	"iperf 3.9",
		"system_info":	"Linux bc0 6.8.0-94-generic #96~22.04.1-Ubuntu SMP PREEMPT_DYNAMIC Fri Jan 16 13:19:05 UTC 2 x86_64",
		"timestamp":	{
			"time":	"Thu, 23 Jul 2026 03:24:59 GMT",
			"timesecs":	1784777099
		},
		"connecting_to":	{
			"host":	"10.10.11.15",
			"port":	5201
		},
		"cookie":	"ccdkuykj6zoheq32bh3hlfk7vr7cma5f5pj5",
		"sock_bufsize":	0,
		"sndbuf_actual":	212992,
		"rcvbuf_actual":	212992,
		"test_start":	{
			"protocol":	"UDP",
			"num_streams":	1,
			"blksize":	64,
			"omit":	0,
			"duration":	10,
			"bytes":	0,
			"blocks":	0,
			"reverse":	0,
			"tos":	0
		}
	},
	"intervals":	[{
			"streams":	[{
					"socket":	5,
					"start":	0,
					"end":	1.000033,
					"seconds":	1.0000330209732056,
					"bytes":	22835200,
					"bits_per_second":	182675567.8749679,
					"packets":	356800,
					"omitted":	false,
					"sender":	true
				}],
			"sum":	{
				"start":	0,
				"end":	1.000033,
				"seconds":	1.0000330209732056,
				"bytes":	22835200,
				"bits_per_second":	182675567.8749679,
				"packets":	356800,
				"omitted":	false,
				"sender":	true
			}
		}, {
			"streams":	[{
					"socket":	5,
					"start":	1.000033,
					"end":	2.000035,
					"seconds":	1.0000020265579224,
					"bytes":	24053760,
					"bits_per_second":	192429690.03008717,
					"packets":	375840,
					"omitted":	false,
					"sender":	true
				}],
			"sum":	{
				"start":	1.000033,
				"end":	2.000035,
				"seconds":	1.0000020265579224,
				"bytes":	24053760,
				"bits_per_second":	192429690.03008717,
				"packets":	375840,
				"omitted":	false,
				"sender":	true
			}
		}, {
			"streams":	[{
					"socket":	5,
					"start":	2.000035,
					"end":	3.000016,
					"seconds":	0.99998098611831665,
					"bytes":	23335680,
					"bits_per_second":	186688989.68236139,
					"packets":	364620,
					"omitted":	false,
					"sender":	true
				}],
			"sum":	{
				"start":	2.000035,
				"end":	3.000016,
				"seconds":	0.99998098611831665,
				"bytes":	23335680,
				"bits_per_second":	186688989.68236139,
				"packets":	364620,
				"omitted":	false,
				"sender":	true
			}
		}, {
			"streams":	[{
					"socket":	5,
					"start":	3.000016,
					"end":	4.000034,
					"seconds":	1.0000180006027222,
					"bytes":	24376960,
					"bits_per_second":	195012169.66340789,
					"packets":	380890,
					"omitted":	false,
					"sender":	true
				}],
			"sum":	{
				"start":	3.000016,
				"end":	4.000034,
				"seconds":	1.0000180006027222,
				"bytes":	24376960,
				"bits_per_second":	195012169.66340789,
				"packets":	380890,
				"omitted":	false,
				"sender":	true
			}
		}, {
			"streams":	[{
					"socket":	5,
					"start":	4.000034,
					"end":	5.000037,
					"seconds":	1.0000029802322388,
					"bytes":	24851200,
					"bits_per_second":	198809007.50298649,
					"packets":	388300,
					"omitted":	false,
					"sender":	true
				}],
			"sum":	{
				"start":	4.000034,
				"end":	5.000037,
				"seconds":	1.0000029802322388,
				"bytes":	24851200,
				"bits_per_second":	198809007.50298649,
				"packets":	388300,
				"omitted":	false,
				"sender":	true
			}
		}, {
			"streams":	[{
					"socket":	5,
					"start":	5.000037,
					"end":	6.000031,
					"seconds":	0.99999397993087769,
					"bytes":	24680960,
					"bits_per_second":	197448868.65583742,
					"packets":	385640,
					"omitted":	false,
					"sender":	true
				}],
			"sum":	{
				"start":	5.000037,
				"end":	6.000031,
				"seconds":	0.99999397993087769,
				"bytes":	24680960,
				"bits_per_second":	197448868.65583742,
				"packets":	385640,
				"omitted":	false,
				"sender":	true
			}
		}, {
			"streams":	[{
					"socket":	5,
					"start":	6.000031,
					"end":	7.000035,
					"seconds":	1.0000040531158447,
					"bytes":	24578560,
					"bits_per_second":	196627683.04522234,
					"packets":	384040,
					"omitted":	false,
					"sender":	true
				}],
			"sum":	{
				"start":	6.000031,
				"end":	7.000035,
				"seconds":	1.0000040531158447,
				"bytes":	24578560,
				"bits_per_second":	196627683.04522234,
				"packets":	384040,
				"omitted":	false,
				"sender":	true
			}
		}, {
			"streams":	[{
					"socket":	5,
					"start":	7.000035,
					"end":	8.000021,
					"seconds":	0.99998599290847778,
					"bytes":	24207360,
					"bits_per_second":	193661592.63565239,
					"packets":	378240,
					"omitted":	false,
					"sender":	true
				}],
			"sum":	{
				"start":	7.000035,
				"end":	8.000021,
				"seconds":	0.99998599290847778,
				"bytes":	24207360,
				"bits_per_second":	193661592.63565239,
				"packets":	378240,
				"omitted":	false,
				"sender":	true
			}
		}, {
			"streams":	[{
					"socket":	5,
					"start":	8.000021,
					"end":	9.000026,
					"seconds":	1.0000050067901611,
					"bytes":	24918400,
					"bits_per_second":	199346201.91539758,
					"packets":	389350,
					"omitted":	false,
					"sender":	true
				}],
			"sum":	{
				"start":	8.000021,
				"end":	9.000026,
				"seconds":	1.0000050067901611,
				"bytes":	24918400,
				"bits_per_second":	199346201.91539758,
				"packets":	389350,
				"omitted":	false,
				"sender":	true
			}
		}, {
			"streams":	[{
					"socket":	5,
					"start":	9.000026,
					"end":	10.000033,
					"seconds":	1.0000070333480835,
					"bytes":	24164480,
					"bits_per_second":	193314480.35197011,
					"packets":	377570,
					"omitted":	false,
					"sender":	true
				}],
			"sum":	{
				"start":	9.000026,
				"end":	10.000033,
				"seconds":	1.0000070333480835,
				"bytes":	24164480,
				"bits_per_second":	193314480.35197011,
				"packets":	377570,
				"omitted":	false,
				"sender":	true
			}
		}],
	"end":	{
		"streams":	[{
				"udp":	{
					"socket":	5,
					"start":	0,
					"end":	10.000033,
					"seconds":	10.000033,
					"bytes":	242002560,
					"bits_per_second":	193601409.11534992,
					"jitter_ms":	0.0020365570607183783,
					"lost_packets":	1283074,
					"packets":	3781290,
					"lost_percent":	33.932176585239432,
					"out_of_order":	0,
					"sender":	true
				}
			}],
		"sum":	{
			"start":	0,
			"end":	10.041133,
			"seconds":	10.041133,
			"bytes":	242002560,
			"bits_per_second":	193601409.11534992,
			"jitter_ms":	0.0020365570607183783,
			"lost_packets":	1283074,
			"packets":	3781290,
			"lost_percent":	33.932176585239432,
			"sender":	true
		},
		"cpu_utilization_percent":	{
			"host_total":	99.582871943233769,
			"host_user":	19.7229626228149,
			"host_system":	79.8599192383431,
			"remote_total":	96.6443355763467,
			"remote_user":	31.642811567552044,
			"remote_system":	65.0014851681755
		}
	}
}
