{
	"start":	{
		"connected":	[{
				"socket":	5,
				"local_host":	"10.10.11.10",
				"local_port":	45101,
				"remote_host":	"10.10.11.15",
				"remote_port":	5201
			}],
		"version":	"iperf 3.9",
		"system_info":	"Linux bc0 6.8.0-94-generic #96~22.04.1-Ubuntu SMP PREEMPT_DYNAMIC Fri Jan 16 13:19:05 UTC 2 x86_64",
		"timestamp":	{
			"time":	"Thu, 23 Jul 2026 03:28:28 GMT",
			"timesecs":	1784777308
		},
		"connecting_to":	{
			"host":	"10.10.11.15",
			"port":	5201
		},
		"cookie":	"l5acdr3ypqs62cj47rfx5maxrz4rjzicsjg6",
		"sock_bufsize":	0,
		"sndbuf_actual":	212992,
		"rcvbuf_actual":	212992,
		"test_start":	{
			"protocol":	"UDP",
			"num_streams":	1,
			"blksize":	8948,
			"omit":	0,
			"duration":	10,
			"bytes":	0,
			"blocks":	0,
			"reverse":	0,
			"tos":	0
		}
	},
	"intervals":	[{
			"streams":	[{
					"socket":	5,
					"start":	0,
					"end":	1.000022,
					"seconds":	1.0000220537185669,
					"bytes":	1941000160,
					"bits_per_second":	15527658837.382,
					"packets":	216920,
					"omitted":	false,
					"sender":	true
				}],
			"sum":	{
				"start":	0,
				"end":	1.000022,
				"seconds":	1.0000220537185669,
				"bytes":	1941000160,
				"bits_per_second":	15527658837.382,
				"packets":	216920,
				"omitted":	false,
				"sender":	true
			}
		}, {
			"streams":	[{
					"socket":	5,
					"start":	1.000022,
					"end":	2.000027,
					"seconds":	1.0000050067901611,
					"bytes":	2086315680,
					"bits_per_second":	16690441874.459839,
					"packets":	233160,
					"omitted":	false,
					"sender":	true
				}],
			"sum":	{
				"start":	1.000022,
				"end":	2.000027,
				"seconds":	1.0000050067901611,
				"bytes":	2086315680,
				"bits_per_second":	16690441874.459839,
				"packets":	233160,
				"omitted":	false,
				"sender":	true
			}
		}, {
			"streams":	[{
					"socket":	5,
					"start":	2.000027,
					"end":	3.000013,
					"seconds":	0.99998599290847778,
					"bytes":	2002025520,
					"bits_per_second":	16016428503.579908,
					"packets":	223740,
					"omitted":	false,
					"sender":	true
				}],
			"sum":	{
				"start":	2.000027,
				"end":	3.000013,
				"seconds":	0.99998599290847778,
				"bytes":	2002025520,
				"bits_per_second":	16016428503.579908,
				"packets":	223740,
				"omitted":	false,
				"sender":	true
			}
		}, {
			"streams":	[{
					"socket":	5,
					"start":	3.000013,
					"end":	4.000009,
					"seconds":	0.9999960064888,
					"bytes":	1961133160,
					"bits_per_second":	15689127934.708124,
					"packets":	219170,
					"omitted":	false,
					"sender":	true
				}],
			"sum":	{
				"start":	3.000013,
				"end":	4.000009,
				"seconds":	0.9999960064888,
				"bytes":	1961133160,
				"bits_per_second":	15689127934.708124,
				"packets":	219170,
				"omitted":	false,
				"sender":	true
			}
		}, {
			"streams":	[{
					"socket":	5,
					"start":	4.000009,
					"end":	5.000019,
					"seconds":	1.0000100135803223,
					"bytes":	1965965080,
					"bits_per_second":	15727563150.783115,
					"packets":	219710,
					"omitted":	false,
					"sender":	true
				}],
			"sum":	{
				"start":	4.000009,
				"end":	5.000019,
				"seconds":	1.0000100135803223,
				"bytes":	1965965080,
				"bits_per_second":	15727563150.783115,
				"packets":	219710,
				"omitted":	false,
				"sender":	true
			}
		}, {
			"streams":	[{
					"socket":	5,
					"start":	5.000019,
					"end":	6.000025,
					"seconds":	1.0000059604644775,
					"bytes":	1998177880,
					"bits_per_second":	15985327760.021725,
					"packets":	223310,
					"omitted":	false,
					"sender":	true
				}],
			"sum":	{
				"start":	5.000019,
				"end":	6.000025,
				"seconds":	1.0000059604644775,
				"bytes":	1998177880,
				"bits_per_second":	15985327760.021725,
				"packets":	223310,
				"omitted":	false,
				"sender":	true
			}
		}, {
			"streams":	[{
					"socket":	5,
					"start":	6.000025,
					"end":	7.00002,
					"seconds":	0.999994993209839,
					"bytes":	1670770560,
					"bits_per_second":	13366231401.915874,
					"packets":	186720,
					"omitted":	false,
					"sender":	true
				}],
			"sum":	{
				"start":	6.000025,
				"end":	7.00002,
				"seconds":	0.999994993209839,
				"bytes":	1670770560,
				"bits_per_second":	13366231401.915874,
				"packets":	186720,
				"omitted":	false,
				"sender":	true
			}
		}, {
			"streams":	[{
					"socket":	5,
					"start":	7.00002,
					"end":	8.000025,
					"seconds":	1.0000050067901611,
					"bytes":	1313745360,
					"bits_per_second":	10509910259.084721,
					"packets":	146820,
					"omitted":	false,
					"sender":	true
				}],
			"sum":	{
				"start":	7.00002,
				"end":	8.000025,
				"seconds":	1.0000050067901611,
				"bytes":	1313745360,
				"bits_per_second":	10509910259.084721,
				"packets":	146820,
				"omitted":	false,
				"sender":	true
			}
		}, {
			"streams":	[{
					"socket":	5,
					"start":	8.000025,
					"end":	9.000025,
					"seconds":	1,
					"bytes":	1314640160,
					"bits_per_second":	10517121280,
					"packets":	146920,
					"omitted":	false,
					"sender":	true
				}],
			"sum":	{
				"start":	8.000025,
				"end":	9.000025,
				"seconds":	1,
				"bytes":	1314640160,
				"bits_per_second":	10517121280,
				"packets":	146920,
				"omitted":	false,
				"sender":	true
			}
		}, {
			"streams":	[{
					"socket":	5,
					"start":	9.000025,
					"end":	10.000024,
					"seconds":	0.99999898672103882,
					"bytes":	1922477800,
					"bits_per_second":	15379837984.066256,
					"packets":	214850,
					"omitted":	false,
					"sender":	true
				}],
			"sum":	{
				"start":	9.000025,
				"end":	10.000024,
				"seconds":	0.99999898672103882,
				"bytes":	1922477800,
				"bits_per_second":	15379837984.066256,
				"packets":	214850,
				"omitted":	false,
				"sender":	true
			}
		}],
	"end":	{
		"streams":	[{
				"udp":	{
					"socket":	5,
					"start":	0,
					"end":	10.000024,
					"seconds":	10.000024,
					"bytes":	18176251360,
					"bits_per_second":	14540966189.681145,
					"jitter_ms":	0.00838502062103871,
					"lost_packets":	1025276,
					"packets":	2031320,
					"lost_percent":	50.473386763286925,
					"out_of_order":	0,
					"sender":	true
				}
			}],
		"sum":	{
			"start":	0,
			"end":	10.040851,
			"seconds":	10.040851,
			"bytes":	18176251360,
			"bits_per_second":	14540966189.681145,
			"jitter_ms":	0.00838502062103871,
			"lost_packets":	1025276,
			"packets":	2031320,
			"lost_percent":	50.473386763286925,
			"sender":	true
		},
		"cpu_utilization_percent":	{
			"host_total":	87.869029982016954,
			"host_user":	11.506815375137977,
			"host_system":	76.362214606879,
			"remote_total":	71.876403495605729,
			"remote_user":	17.29784684405054,
			"remote_system":	54.5785663664285
		}
	}
}
