{
	"start":	{
		"connected":	[{
				"socket":	5,
				"local_host":	"10.10.11.10",
				"local_port":	43031,
				"remote_host":	"10.10.11.15",
				"remote_port":	5201
			}],
		"version":	"iperf 3.9",
		"system_info":	"Linux bc0 6.8.0-94-generic #96~22.04.1-Ubuntu SMP PREEMPT_DYNAMIC Fri Jan 16 13:19:05 UTC 2 x86_64",
		"timestamp":	{
			"time":	"Thu, 23 Jul 2026 03:24:49 GMT",
			"timesecs":	1784777089
		},
		"connecting_to":	{
			"host":	"10.10.11.15",
			"port":	5201
		},
		"cookie":	"tb2wdcixthpbn3rrmm7pqqjbjdef6mcjtbfx",
		"sock_bufsize":	0,
		"sndbuf_actual":	212992,
		"rcvbuf_actual":	212992,
		"test_start":	{
			"protocol":	"UDP",
			"num_streams":	1,
			"blksize":	8948,
			"omit":	0,
			"duration":	10,
			"bytes":	0,
			"blocks":	0,
			"reverse":	0,
			"tos":	0
		}
	},
	"intervals":	[{
			"streams":	[{
					"socket":	5,
					"start":	0,
					"end":	1.00004,
					"seconds":	1.0000400543212891,
					"bytes":	1301934000,
					"bits_per_second":	10415054832.047514,
					"packets":	145500,
					"omitted":	false,
					"sender":	true
				}],
			"sum":	{
				"start":	0,
				"end":	1.00004,
				"seconds":	1.0000400543212891,
				"bytes":	1301934000,
				"bits_per_second":	10415054832.047514,
				"packets":	145500,
				"omitted":	false,
				"sender":	true
			}
		}, {
			"streams":	[{
					"socket":	5,
					"start":	1.00004,
					"end":	2.000015,
					"seconds":	0.999975025653839,
					"bytes":	1311508360,
					"bits_per_second":	10492328919.054459,
					"packets":	146570,
					"omitted":	false,
					"sender":	true
				}],
			"sum":	{
				"start":	1.00004,
				"end":	2.000015,
				"seconds":	0.999975025653839,
				"bytes":	1311508360,
				"bits_per_second":	10492328919.054459,
				"packets":	146570,
				"omitted":	false,
				"sender":	true
			}
		}, {
			"streams":	[{
					"socket":	5,
					"start":	2.000015,
					"end":	3.000043,
					"seconds":	1.0000280141830444,
					"bytes":	1299339080,
					"bits_per_second":	10394421448.774893,
					"packets":	145210,
					"omitted":	false,
					"sender":	true
				}],
			"sum":	{
				"start":	2.000015,
				"end":	3.000043,
				"seconds":	1.0000280141830444,
				"bytes":	1299339080,
				"bits_per_second":	10394421448.774893,
				"packets":	145210,
				"omitted":	false,
				"sender":	true
			}
		}, {
			"streams":	[{
					"socket":	5,
					"start":	3.000043,
					"end":	4.000033,
					"seconds":	0.99998998641967773,
					"bytes":	1583796000,
					"bits_per_second":	12670494877.018173,
					"packets":	177000,
					"omitted":	false,
					"sender":	true
				}],
			"sum":	{
				"start":	3.000043,
				"end":	4.000033,
				"seconds":	0.99998998641967773,
				"bytes":	1583796000,
				"bits_per_second":	12670494877.018173,
				"packets":	177000,
				"omitted":	false,
				"sender":	true
			}
		}, {
			"streams":	[{
					"socket":	5,
					"start":	4.000033,
					"end":	5.000038,
					"seconds":	1.0000050067901611,
					"bytes":	1969991680,
					"bits_per_second":	15759854533.71538,
					"packets":	220160,
					"omitted":	false,
					"sender":	true
				}],
			"sum":	{
				"start":	4.000033,
				"end":	5.000038,
				"seconds":	1.0000050067901611,
				"bytes":	1969991680,
				"bits_per_second":	15759854533.71538,
				"packets":	220160,
				"omitted":	false,
				"sender":	true
			}
		}, {
			"streams":	[{
					"socket":	5,
					"start":	5.000038,
					"end":	6.000031,
					"seconds":	0.99999302625656128,
					"bytes":	1958985640,
					"bits_per_second":	15671994412.468206,
					"packets":	218930,
					"omitted":	false,
					"sender":	true
				}],
			"sum":	{
				"start":	5.000038,
				"end":	6.000031,
				"seconds":	0.99999302625656128,
				"bytes":	1958985640,
				"bits_per_second":	15671994412.468206,
				"packets":	218930,
				"omitted":	false,
				"sender":	true
			}
		}, {
			"streams":	[{
					"socket":	5,
					"start":	6.000031,
					"end":	7.000037,
					"seconds":	1.0000059604644775,
					"bytes":	1289675240,
					"bits_per_second":	10317340423.8589,
					"packets":	144130,
					"omitted":	false,
					"sender":	true
				}],
			"sum":	{
				"start":	6.000031,
				"end":	7.000037,
				"seconds":	1.0000059604644775,
				"bytes":	1289675240,
				"bits_per_second":	10317340423.8589,
				"packets":	144130,
				"omitted":	false,
				"sender":	true
			}
		}, {
			"streams":	[{
					"socket":	5,
					"start":	7.000037,
					"end":	8.000046,
					"seconds":	1.0000089406967163,
					"bytes":	879051520,
					"bits_per_second":	7032349285.8978319,
					"packets":	98240,
					"omitted":	false,
					"sender":	true
				}],
			"sum":	{
				"start":	7.000037,
				"end":	8.000046,
				"seconds":	1.0000089406967163,
				"bytes":	879051520,
				"bits_per_second":	7032349285.8978319,
				"packets":	98240,
				"omitted":	false,
				"sender":	true
			}
		}, {
			"streams":	[{
					"socket":	5,
					"start":	8.000046,
					"end":	9.000051,
					"seconds":	1.0000050067901611,
					"bytes":	1300502320,
					"bits_per_second":	10403966469.523045,
					"packets":	145340,
					"omitted":	false,
					"sender":	true
				}],
			"sum":	{
				"start":	8.000046,
				"end":	9.000051,
				"seconds":	1.0000050067901611,
				"bytes":	1300502320,
				"bits_per_second":	10403966469.523045,
				"packets":	145340,
				"omitted":	false,
				"sender":	true
			}
		}, {
			"streams":	[{
					"socket":	5,
					"start":	9.000051,
					"end":	10.000041,
					"seconds":	0.99998998641967773,
					"bytes":	1312224200,
					"bits_per_second":	10497898721.552063,
					"packets":	146650,
					"omitted":	false,
					"sender":	true
				}],
			"sum":	{
				"start":	9.000051,
				"end":	10.000041,
				"seconds":	0.99998998641967773,
				"bytes":	1312224200,
				"bits_per_second":	10497898721.552063,
				"packets":	146650,
				"omitted":	false,
				"sender":	true
			}
		}],
	"end":	{
		"streams":	[{
				"udp":	{
					"socket":	5,
					"start":	0,
					"end":	10.000041,
					"seconds":	10.000041,
					"bytes":	14207008040,
					"bits_per_second":	11365559833.204685,
					"jitter_ms":	0.01550008528272776,
					"lost_packets":	852320,
					"packets":	1587730,
					"lost_percent":	53.681671316911569,
					"out_of_order":	0,
					"sender":	true
				}
			}],
		"sum":	{
			"start":	0,
			"end":	10.040758,
			"seconds":	10.040758,
			"bytes":	14207008040,
			"bits_per_second":	11365559833.204685,
			"jitter_ms":	0.01550008528272776,
			"lost_packets":	852320,
			"packets":	1587730,
			"lost_percent":	53.681671316911569,
			"sender":	true
		},
		"cpu_utilization_percent":	{
			"host_total":	77.509713493836657,
			"host_user":	10.117426802399358,
			"host_system":	67.392276773130433,
			"remote_total":	69.573099905027064,
			"remote_user":	15.799135857147661,
			"remote_system":	53.774002915457
		}
	}
}
