{
	"start":	{
		"connected":	[{
				"socket":	5,
				"local_host":	"10.10.11.10",
				"local_port":	54020,
				"remote_host":	"10.10.11.15",
				"remote_port":	5201
			}],
		"version":	"iperf 3.9",
		"system_info":	"Linux bc0 6.8.0-94-generic #96~22.04.1-Ubuntu SMP PREEMPT_DYNAMIC Fri Jan 16 13:19:05 UTC 2 x86_64",
		"timestamp":	{
			"time":	"Thu, 23 Jul 2026 03:21:10 GMT",
			"timesecs":	1784776870
		},
		"connecting_to":	{
			"host":	"10.10.11.15",
			"port":	5201
		},
		"cookie":	"6yb7kyf43nat37t56vlxjdicllvpre2gyhkb",
		"sock_bufsize":	0,
		"sndbuf_actual":	212992,
		"rcvbuf_actual":	212992,
		"test_start":	{
			"protocol":	"UDP",
			"num_streams":	1,
			"blksize":	8948,
			"omit":	0,
			"duration":	10,
			"bytes":	0,
			"blocks":	0,
			"reverse":	0,
			"tos":	0
		}
	},
	"intervals":	[{
			"streams":	[{
					"socket":	5,
					"start":	0,
					"end":	1.00004,
					"seconds":	1.0000400543212891,
					"bytes":	1436332960,
					"bits_per_second":	11490203447.699429,
					"packets":	160520,
					"omitted":	false,
					"sender":	true
				}],
			"sum":	{
				"start":	0,
				"end":	1.00004,
				"seconds":	1.0000400543212891,
				"bytes":	1436332960,
				"bits_per_second":	11490203447.699429,
				"packets":	160520,
				"omitted":	false,
				"sender":	true
			}
		}, {
			"streams":	[{
					"socket":	5,
					"start":	1.00004,
					"end":	2.000058,
					"seconds":	1.0000180006027222,
					"bytes":	1865836960,
					"bits_per_second":	14926426995.317596,
					"packets":	208520,
					"omitted":	false,
					"sender":	true
				}],
			"sum":	{
				"start":	1.00004,
				"end":	2.000058,
				"seconds":	1.0000180006027222,
				"bytes":	1865836960,
				"bits_per_second":	14926426995.317596,
				"packets":	208520,
				"omitted":	false,
				"sender":	true
			}
		}, {
			"streams":	[{
					"socket":	5,
					"start":	2.000058,
					"end":	3.000022,
					"seconds":	0.99996399879455566,
					"bytes":	1316787680,
					"bits_per_second":	10534680701.204214,
					"packets":	147160,
					"omitted":	false,
					"sender":	true
				}],
			"sum":	{
				"start":	2.000058,
				"end":	3.000022,
				"seconds":	0.99996399879455566,
				"bytes":	1316787680,
				"bits_per_second":	10534680701.204214,
				"packets":	147160,
				"omitted":	false,
				"sender":	true
			}
		}, {
			"streams":	[{
					"socket":	5,
					"start":	3.000022,
					"end":	4.000047,
					"seconds":	1.0000250339508057,
					"bytes":	1319293120,
					"bits_per_second":	10554080749.661715,
					"packets":	147440,
					"omitted":	false,
					"sender":	true
				}],
			"sum":	{
				"start":	3.000022,
				"end":	4.000047,
				"seconds":	1.0000250339508057,
				"bytes":	1319293120,
				"bits_per_second":	10554080749.661715,
				"packets":	147440,
				"omitted":	false,
				"sender":	true
			}
		}, {
			"streams":	[{
					"socket":	5,
					"start":	4.000047,
					"end":	5.000034,
					"seconds":	0.999987006187439,
					"bytes":	1318219360,
					"bits_per_second":	10545891911.342785,
					"packets":	147320,
					"omitted":	false,
					"sender":	true
				}],
			"sum":	{
				"start":	4.000047,
				"end":	5.000034,
				"seconds":	0.999987006187439,
				"bytes":	1318219360,
				"bits_per_second":	10545891911.342785,
				"packets":	147320,
				"omitted":	false,
				"sender":	true
			}
		}, {
			"streams":	[{
					"socket":	5,
					"start":	5.000034,
					"end":	6.000019,
					"seconds":	0.9999849796295166,
					"bytes":	1325556720,
					"bits_per_second":	10604613045.216772,
					"packets":	148140,
					"omitted":	false,
					"sender":	true
				}],
			"sum":	{
				"start":	5.000034,
				"end":	6.000019,
				"seconds":	0.9999849796295166,
				"bytes":	1325556720,
				"bits_per_second":	10604613045.216772,
				"packets":	148140,
				"omitted":	false,
				"sender":	true
			}
		}, {
			"streams":	[{
					"socket":	5,
					"start":	6.000019,
					"end":	7.00002,
					"seconds":	1.0000009536743164,
					"bytes":	1333341480,
					"bits_per_second":	10666721667.421505,
					"packets":	149010,
					"omitted":	false,
					"sender":	true
				}],
			"sum":	{
				"start":	6.000019,
				"end":	7.00002,
				"seconds":	1.0000009536743164,
				"bytes":	1333341480,
				"bits_per_second":	10666721667.421505,
				"packets":	149010,
				"omitted":	false,
				"sender":	true
			}
		}, {
			"streams":	[{
					"socket":	5,
					"start":	7.00002,
					"end":	8.000029,
					"seconds":	1.0000089406967163,
					"bytes":	1309002920,
					"bits_per_second":	10471929733.652218,
					"packets":	146290,
					"omitted":	false,
					"sender":	true
				}],
			"sum":	{
				"start":	7.00002,
				"end":	8.000029,
				"seconds":	1.0000089406967163,
				"bytes":	1309002920,
				"bits_per_second":	10471929733.652218,
				"packets":	146290,
				"omitted":	false,
				"sender":	true
			}
		}, {
			"streams":	[{
					"socket":	5,
					"start":	8.000029,
					"end":	9.000079,
					"seconds":	1.0000499486923218,
					"bytes":	1327614760,
					"bits_per_second":	10620387605.527153,
					"packets":	148370,
					"omitted":	false,
					"sender":	true
				}],
			"sum":	{
				"start":	8.000029,
				"end":	9.000079,
				"seconds":	1.0000499486923218,
				"bytes":	1327614760,
				"bits_per_second":	10620387605.527153,
				"packets":	148370,
				"omitted":	false,
				"sender":	true
			}
		}, {
			"streams":	[{
					"socket":	5,
					"start":	9.000079,
					"end":	10.00005,
					"seconds":	0.99997097253799438,
					"bytes":	1314819120,
					"bits_per_second":	10518858295.759523,
					"packets":	146940,
					"omitted":	false,
					"sender":	true
				}],
			"sum":	{
				"start":	9.000079,
				"end":	10.00005,
				"seconds":	0.99997097253799438,
				"bytes":	1314819120,
				"bits_per_second":	10518858295.759523,
				"packets":	146940,
				"omitted":	false,
				"sender":	true
			}
		}],
	"end":	{
		"streams":	[{
				"udp":	{
					"socket":	5,
					"start":	0,
					"end":	10.00005,
					"seconds":	10.00005,
					"bytes":	13866805080,
					"bits_per_second":	11093388597.057014,
					"jitter_ms":	0.018403184522451377,
					"lost_packets":	855528,
					"packets":	1549710,
					"lost_percent":	55.205683644036625,
					"out_of_order":	0,
					"sender":	true
				}
			}],
		"sum":	{
			"start":	0,
			"end":	10.040936,
			"seconds":	10.040936,
			"bytes":	13866805080,
			"bits_per_second":	11093388597.057014,
			"jitter_ms":	0.018403184522451377,
			"lost_packets":	855528,
			"packets":	1549710,
			"lost_percent":	55.205683644036625,
			"sender":	true
		},
		"cpu_utilization_percent":	{
			"host_total":	68.5243340167237,
			"host_user":	8.62691497497712,
			"host_system":	59.897428959849833,
			"remote_total":	67.138640368338258,
			"remote_user":	16.220136003191115,
			"remote_system":	50.918514079938348
		}
	}
}
