{
  "iperf3-tcp-1stream": {
    "metrics": {
      "Gbps": [
        36.62487346844303,
        0.3995891594283287,
        4,
        [
          36.17226090160845,
          36.6605122464877,
          37.138280565982924,
          36.52844015969302
        ]
      ]
    },
    "cpu": {
      "h90": {
        "busy_mean": 5.046653225806452,
        "busy_sd": 0.39035671608160805,
        "usr_mean": 0.8054422263352723,
        "dp_mean": 2.893753305129561,
        "n": 4
      },
      "h253": {
        "busy_mean": 2.855518244315178,
        "busy_sd": 0.02079387910962617,
        "usr_mean": 0.18971509783183502,
        "dp_mean": 2.6626586462189317,
        "n": 4
      },
      "d29": {
        "busy_mean": 7.890588974087784,
        "busy_sd": 0.01938195036474324,
        "usr_mean": 7.075083950290852,
        "dp_mean": 0.8046258593336859,
        "n": 4
      },
      "d20": {
        "busy_mean": 8.076095980962457,
        "busy_sd": 0.1027630332516505,
        "usr_mean": 7.139580909571655,
        "dp_mean": 0.9178172924378636,
        "n": 4
      }
    }
  },
  "iperf3-tcp-8stream": {
    "metrics": {
      "Gbps": [
        36.96170060586575,
        0.4359003196326189,
        4,
        [
          37.271783335576075,
          36.56985483698685,
          36.60446765521094,
          37.40069659568913
        ]
      ]
    },
    "cpu": {
      "h90": {
        "busy_mean": 5.936913670015862,
        "busy_sd": 0.207293539434177,
        "usr_mean": 0.7881193812797462,
        "dp_mean": 3.9712982548915914,
        "n": 4
      },
      "h253": {
        "busy_mean": 4.049780539397144,
        "busy_sd": 0.39888151798546834,
        "usr_mean": 0.19239687995769433,
        "dp_mean": 3.851140269698572,
        "n": 4
      },
      "d29": {
        "busy_mean": 7.82091882601798,
        "busy_sd": 0.15978577999998267,
        "usr_mean": 7.029935219460603,
        "dp_mean": 0.7809565044949762,
        "n": 4
      },
      "d20": {
        "busy_mean": 7.9777207826546785,
        "busy_sd": 0.10104244287779264,
        "usr_mean": 7.104126784769963,
        "dp_mean": 0.8558970121628768,
        "n": 4
      }
    }
  },
  "iperf3-tcp-16stream": {
    "metrics": {
      "Gbps": [
        36.800152619410554,
        0.6527056828583051,
        4,
        [
          36.8830528239515,
          36.336945665660004,
          37.69184871817533,
          36.28876326985538
        ]
      ]
    },
    "cpu": {
      "h90": {
        "busy_mean": 6.349070597567426,
        "busy_sd": 0.32541682551282824,
        "usr_mean": 0.786424510840825,
        "dp_mean": 4.264971575885775,
        "n": 4
      },
      "h253": {
        "busy_mean": 4.109690639873083,
        "busy_sd": 0.44730713620788776,
        "usr_mean": 0.174522078265468,
        "dp_mean": 3.9307119249074565,
        "n": 4
      },
      "d29": {
        "busy_mean": 7.841054336329982,
        "busy_sd": 0.22651660230167042,
        "usr_mean": 7.041148202009519,
        "dp_mean": 0.7888075092543628,
        "n": 4
      },
      "d20": {
        "busy_mean": 8.044419619249076,
        "busy_sd": 0.05547924491655886,
        "usr_mean": 7.148075092543627,
        "dp_mean": 0.8784531993654151,
        "n": 4
      }
    }
  },
  "iperf3-udp-max": {
    "metrics": {
      "Gbps_send": [
        16.205131140326,
        0.38410629755855513,
        4,
        [
          15.67020982470394,
          16.578928577101188,
          16.242292885864156,
          16.329093273634708
        ]
      ],
      "loss_pct": [
        41.661642500089116,
        6.668350493064739,
        4,
        [
          32.234730663907854,
          47.25208507864256,
          41.85916045822903,
          45.30059379957704
        ]
      ]
    },
    "cpu": {
      "h90": {
        "busy_mean": 4.959057377049181,
        "busy_sd": 0.23108360062037492,
        "usr_mean": 0.9766803278688525,
        "dp_mean": 2.7212295081967213,
        "n": 4
      },
      "h253": {
        "busy_mean": 1.773975409836062,
        "busy_sd": 0.12421624757784733,
        "usr_mean": 0.486844262295082,
        "dp_mean": 1.2812704918032787,
        "n": 4
      },
      "d29": {
        "busy_mean": 7.950286885245902,
        "busy_sd": 0.07662180916256064,
        "usr_mean": 7.086065573770492,
        "dp_mean": 0.8541393442622951,
        "n": 4
      },
      "d20": {
        "busy_mean": 8.058155737704922,
        "busy_sd": 0.05867804879487448,
        "usr_mean": 7.1473360655737705,
        "dp_mean": 0.8909426229508197,
        "n": 4
      }
    }
  },
  "iperf3-udp-64b": {
    "metrics": {
      "Gbps_send": [
        0.2266854382345317,
        0.00321544631796381,
        4,
        [
          0.22301199936146696,
          0.230817478995888,
          0.2260412799549707,
          0.2268709946258011
        ]
      ],
      "loss_pct": [
        12.426521069729194,
        2.661533487450266,
        4,
        [
          12.403698138418465,
          8.67604793385619,
          14.494594404818262,
          14.13174380182386
        ]
      ]
    },
    "cpu": {
      "h90": {
        "busy_mean": 4.994467213114753,
        "busy_sd": 0.3040146549400957,
        "usr_mean": 1.1624590163934427,
        "dp_mean": 2.564344262295082,
        "n": 4
      },
      "h253": {
        "busy_mean": 3.1182786885245903,
        "busy_sd": 0.08889423936538089,
        "usr_mean": 0.7874590163934426,
        "dp_mean": 2.3249180327868855,
        "n": 4
      },
      "d29": {
        "busy_mean": 7.940163934426231,
        "busy_sd": 0.07676555167427151,
        "usr_mean": 7.081229508196722,
        "dp_mean": 0.8491803278688526,
        "n": 4
      },
      "d20": {
        "busy_mean": 8.028114754098365,
        "busy_sd": 0.025942590578282534,
        "usr_mean": 7.139795081967213,
        "dp_mean": 0.8732786885245902,
        "n": 4
      }
    }
  },
  "iperf3-udp-1400b": {
    "metrics": {
      "Gbps_send": [
        4.396194879655075,
        0.03935590090597374,
        4,
        [
          4.444070192767243,
          4.359492996287302,
          4.41234711822947,
          4.368869211336285
        ]
      ],
      "loss_pct": [
        8.114683161180276,
        1.6474105954380345,
        4,
        [
          9.87424566933235,
          6.19207739513343,
          9.013554258280983,
          7.378855321974342
        ]
      ]
    },
    "cpu": {
      "h90": {
        "busy_mean": 5.040081967213112,
        "busy_sd": 0.3111641383977465,
        "usr_mean": 1.1384426229508198,
        "dp_mean": 2.5910245901639346,
        "n": 4
      },
      "h253": {
        "busy_mean": 2.8282377049180347,
        "busy_sd": 0.07662964200297252,
        "usr_mean": 0.7077868852459016,
        "dp_mean": 2.1149180327868855,
        "n": 4
      },
      "d29": {
        "busy_mean": 7.829262295081968,
        "busy_sd": 0.15608649467159347,
        "usr_mean": 7.034385245901639,
        "dp_mean": 0.7856147540983607,
        "n": 4
      },
      "d20": {
        "busy_mean": 8.01704918032787,
        "busy_sd": 0.17161833577933386,
        "usr_mean": 7.1025,
        "dp_mean": 0.8945081967213115,
        "n": 4
      }
    }
  },
  "netperf-tcp-rr": {
    "metrics": {
      "mean_us": [
        72.05,
        2.0678491240900536,
        4,
        [
          71.31,
          74.97,
          71.79,
          70.13
        ]
      ],
      "p99_us": [
        97.25,
        1.5,
        4,
        [
          96.0,
          98.0,
          96.0,
          99.0
        ]
      ],
      "trans_s": [
        13857.923499999999,
        389.99063914278776,
        4,
        [
          13990.551,
          13311.942,
          13898.526,
          14230.675
        ]
      ]
    },
    "cpu": {
      "h90": {
        "busy_mean": 3.7712704918032784,
        "busy_sd": 0.22083049839384444,
        "usr_mean": 0.8949180327868853,
        "dp_mean": 1.4468852459016392,
        "n": 4
      },