{
	"start":	{
		"connected":	[{
				"socket":	5,
				"local_host":	"10.99.99.1",
				"local_port":	51287,
				"remote_host":	"10.99.99.2",
				"remote_port":	5201
			}],
		"version":	"iperf 3.16",
		"system_info":	"Linux edge-7bf6f060000000000000ac1f6b24deb2-mt24326005fn 6.8.0-1013-bluefield-64k #17-Ubuntu SMP PREEMPT_DYNAMIC Wed Nov  5 22:26:14 UTC 2025 aarch64",
		"timestamp":	{
			"time":	"Thu, 14 May 2026 22:44:28 GMT",
			"timesecs":	1778798668
		},
		"connecting_to":	{
			"host":	"10.99.99.2",
			"port":	5201
		},
		"cookie":	"z7gj3v6gwjz2s446eki6o3m72u2nrhvf342u",
		"tcp_mss_default":	9164,
		"target_bitrate":	0,
		"fq_rate":	0,
		"sock_bufsize":	0,
		"sndbuf_actual":	16384,
		"rcvbuf_actual":	131072,
		"test_start":	{
			"protocol":	"TCP",
			"num_streams":	1,
			"blksize":	131072,
			"omit":	0,
			"duration":	15,
			"bytes":	0,
			"blocks":	0,
			"reverse":	0,
			"tos":	0,
			"target_bitrate":	0,
			"bidir":	0,
			"fqrate":	0
		}
	},
	"intervals":	[{
			"streams":	[{
					"socket":	5,
					"start":	0,
					"end":	1.001046,
					"seconds":	1.0010459423065186,
					"bytes":	873594880,
					"bits_per_second":	6981456838.9310284,
					"retransmits":	0,
					"snd_cwnd":	4362064,
					"snd_wnd":	5791104,
					"rtt":	4081,
					"rttvar":	318,
					"pmtu":	9216,
					"omitted":	false,
					"sender":	true
				}],
			"sum":	{
				"start":	0,
				"end":	1.001046,
				"seconds":	1.0010459423065186,
				"bytes":	873594880,
				"bits_per_second":	6981456838.9310284,
				"retransmits":	0,
				"omitted":	false,
				"sender":	true
			}
		}, {
			"streams":	[{
					"socket":	5,
					"start":	1.001046,
					"end":	2.001043,
					"seconds":	0.99999701976776123,
					"bytes":	882638848,
					"bits_per_second":	7061131827.8127155,
					"retransmits":	0,
					"snd_cwnd":	4362064,
					"snd_wnd":	5791104,
					"rtt":	3673,
					"rttvar":	101,
					"pmtu":	9216,
					"omitted":	false,
					"sender":	true
				}],
			"sum":	{
				"start":	1.001046,
				"end":	2.001043,
				"seconds":	0.99999701976776123,
				"bytes":	882638848,
				"bits_per_second":	7061131827.8127155,
				"retransmits":	0,
				"omitted":	false,
				"sender":	true
			}
		}, {
			"streams":	[{
					"socket":	5,
					"start":	2.001043,
					"end":	3.001136,
					"seconds":	1.0000929832458496,
					"bytes":	937558016,
					"bits_per_second":	7499766775.3421135,
					"retransmits":	0,
					"snd_cwnd":	4362064,
					"snd_wnd":	5791104,
					"rtt":	3558,
					"rttvar":	82,
					"pmtu":	9216,
					"omitted":	false,
					"sender":	true
				}],
			"sum":	{
				"start":	2.001043,
				"end":	3.001136,
				"seconds":	1.0000929832458496,
				"bytes":	937558016,
				"bits_per_second":	7499766775.3421135,
				"retransmits":	0,
				"omitted":	false,
				"sender":	true
			}
		}, {
			"streams":	[{
					"socket":	5,
					"start":	3.001136,
					"end":	4.001109,
					"seconds":	0.99997299909591675,
					"bytes":	920518656,
					"bits_per_second":	7364348092.05647,
					"retransmits":	0,
					"snd_cwnd":	4362064,
					"snd_wnd":	5790848,
					"rtt":	3736,
					"rttvar":	97,
					"pmtu":	9216,
					"omitted":	false,
					"sender":	true
				}],
			"sum":	{
				"start":	3.001136,
				"end":	4.001109,
				"seconds":	0.99997299909591675,
				"bytes":	920518656,
				"bits_per_second":	7364348092.05647,
				"retransmits":	0,
				"omitted":	false,
				"sender":	true
			}
		}, {
			"streams":	[{
					"socket":	5,
					"start":	4.001109,
					"end":	5.00107,
					"seconds":	0.999961018562317,
					"bytes":	880541696,
					"bits_per_second":	7044608176.9546518,
					"retransmits":	0,
					"snd_cwnd":	4362064,
					"snd_wnd":	5791104,
					"rtt":	3940,
					"rttvar":	115,
					"pmtu":	9216,
					"omitted":	false,
					"sender":	true
				}],
			"sum":	{
				"start":	4.001109,
				"end":	5.00107,
				"seconds":	0.999961018562317,
				"bytes":	880541696,
				"bits_per_second":	7044608176.9546518,
				"retransmits":	0,
				"omitted":	false,
				"sender":	true
			}
		}, {
			"streams":	[{
					"socket":	5,
					"start":	5.00107,
					"end":	6.00109,
					"seconds":	1.0000200271606445,
					"bytes":	920911872,
					"bits_per_second":	7367147432.9548683,
					"retransmits":	0,
					"snd_cwnd":	4362064,
					"snd_wnd":	5791104,
					"rtt":	4659,
					"rttvar":	216,
					"pmtu":	9216,
					"omitted":	false,
					"sender":	true
				}],
			"sum":	{
				"start":	5.00107,
				"end":	6.00109,
				"seconds":	1.0000200271606445,
				"bytes":	920911872,
				"bits_per_second":	7367147432.9548683,
				"retransmits":	0,
				"omitted":	false,
				"sender":	true
			}
		}, {
			"streams":	[{
					"socket":	5,
					"start":	6.00109,
					"end":	7.00107,
					"seconds":	0.99997997283935547,
					"bytes":	938737664,
					"bits_per_second":	7510051717.0121851,
					"retransmits":	0,
					"snd_cwnd":	4362064,
					"snd_wnd":	5791104,
					"rtt":	4036,
					"rttvar":	131,
					"pmtu":	9216,
					"omitted":	false,
					"sender":	true
				}],
			"sum":	{
				"start":	6.00109,
				"end":	7.00107,
				"seconds":	0.99997997283935547,
				"bytes":	938737664,
				"bits_per_second":	7510051717.0121851,
				"retransmits":	0,
				"omitted":	false,
				"sender":	true
			}
		}, {
			"streams":	[{
					"socket":	5,
					"start":	7.00107,
					"end":	8.001051,
					"seconds":	0.99998098611831665,
					"bytes":	827850752,
					"bits_per_second":	6622931943.6443729,
					"retransmits":	0,
					"snd_cwnd":	4362064,
					"snd_wnd":	5791104,
					"rtt":	3661,
					"rttvar":	268,
					"pmtu":	9216,
					"omitted":	false,
					"sender":	true
				}],
			"sum":	{
				"start":	7.00107,
				"end":	8.001051,
				"seconds":	0.99998098611831665,
				"bytes":	827850752,
				"bits_per_second":	6622931943.6443729,
				"retransmits":	0,
				"omitted":	false,
				"sender":	true
			}
		}, {
			"streams":	[{
					"socket":	5,
					"start":	8.001051,
					"end":	9.00104,
					"seconds":	0.99998897314071655,
					"bytes":	832045056,
					"bits_per_second":	6656433847.5593662,
					"retransmits":	0,
					"snd_cwnd":	4362064,
					"snd_wnd":	5791104,
					"rtt":	4933,
					"rttvar":	183,
					"pmtu":	9216,
					"omitted":	false,
					"sender":	true
				}],
			"sum":	{
				"start":	8.001051,
				"end":	9.00104,
				"seconds":	0.99998897314071655,
				"bytes":	832045056,
				"bits_per_second":	6656433847.5593662,
				"retransmits":	0,
				"omitted":	false,
				"sender":	true
			}
		}, {
			"streams":	[{
					"socket":	5,
					"start":	9.00104,
					"end":	10.001038,
					"seconds":	0.99999797344207764,
					"bytes":	884998144,
					"bits_per_second":	7079999500.0290775,
					"retransmits":	0,
					"snd_cwnd":	4362064,
					"snd_wnd":	5791104,
					"rtt":	3481,
					"rttvar":	291,
					"pmtu":	9216,
					"omitted":	false,
					"sender":	true
				}],
			"sum":	{
				"start":	9.00104,
				"end":	10.001038,
				"seconds":	0.99999797344207764,
				"bytes":	884998144,
				"bits_per_second":	7079999500.0290775,
				"retransmits":	0,
				"omitted":	false,
				"sender":	true
			}
		}, {
			"streams":	[{
					"socket":	5,
					"start":	10.001038,
					"end":	11.000038,
					"seconds":	0.99900001287460327,
					"bytes":	916586496,
					"bits_per_second":	7340031905.405407,
					"retransmits":	0,
					"snd_cwnd":	4362064,
					"snd_wnd":	5791104,
					"rtt":	3286,
					"rttvar":	83,
					"pmtu":	9216,
					"omitted":	false,
					"sender":	true
				}],
			"sum":	{
				"start":	10.001038,
				"end":	11.000038,
				"seconds":	0.99900001287460327,
				"bytes":	916586496,
				"bits_per_second":	7340031905.405407,
				"retransmits":	0,
				"omitted":	false,
				"sender":	true
			}
		}, {
			"streams":	[{
					"socket":	5,
					"start":	11.000038,
					"end":	12.001038,
					"seconds":	1.0010000467300415,
					"bytes":	927465472,
					"bits_per_second":	7412311118.50389,
					"retransmits":	0,
					"snd_cwnd":	4362064,
					"snd_wnd":	5791104,
					"rtt":	3968,
					"rttvar":	107,
					"pmtu":	9216,
					"omitted":	false,
					"sender":	true
				}],
			"sum":	{
				"start":	11.000038,
				"end":	12.001038,