{
	"start":	{
		"connected":	[{
				"socket":	5,
				"local_host":	"10.99.99.1",
				"local_port":	48721,
				"remote_host":	"10.99.99.2",
				"remote_port":	5201
			}],
		"version":	"iperf 3.16",
		"system_info":	"Linux edge-7bf6f060000000000000ac1f6b24deb2-mt24326005fn 6.8.0-1013-bluefield-64k #17-Ubuntu SMP PREEMPT_DYNAMIC Wed Nov  5 22:26:14 UTC 2025 aarch64",
		"timestamp":	{
			"time":	"Thu, 14 May 2026 22:45:46 GMT",
			"timesecs":	1778798746
		},
		"connecting_to":	{
			"host":	"10.99.99.2",
			"port":	5201
		},
		"cookie":	"2bthyuzpo46odjflydys7san665bcvzu33bf",
		"tcp_mss_default":	9164,
		"target_bitrate":	0,
		"fq_rate":	0,
		"sock_bufsize":	0,
		"sndbuf_actual":	16384,
		"rcvbuf_actual":	131072,
		"test_start":	{
			"protocol":	"TCP",
			"num_streams":	1,
			"blksize":	131072,
			"omit":	0,
			"duration":	15,
			"bytes":	0,
			"blocks":	0,
			"reverse":	0,
			"tos":	0,
			"target_bitrate":	0,
			"bidir":	0,
			"fqrate":	0
		}
	},
	"intervals":	[{
			"streams":	[{
					"socket":	5,
					"start":	0,
					"end":	1.001032,
					"seconds":	1.0010319948196411,
					"bytes":	938606592,
					"bits_per_second":	7501111627.6587067,
					"retransmits":	0,
					"snd_cwnd":	4297916,
					"snd_wnd":	5791104,
					"rtt":	3107,
					"rttvar":	139,
					"pmtu":	9216,
					"omitted":	false,
					"sender":	true
				}],
			"sum":	{
				"start":	0,
				"end":	1.001032,
				"seconds":	1.0010319948196411,
				"bytes":	938606592,
				"bits_per_second":	7501111627.6587067,
				"retransmits":	0,
				"omitted":	false,
				"sender":	true
			}
		}, {
			"streams":	[{
					"socket":	5,
					"start":	1.001032,
					"end":	2.001043,
					"seconds":	1.0000109672546387,
					"bytes":	917504000,
					"bits_per_second":	7339951500.8828545,
					"retransmits":	0,
					"snd_cwnd":	4297916,
					"snd_wnd":	5791104,
					"rtt":	3379,
					"rttvar":	265,
					"pmtu":	9216,
					"omitted":	false,
					"sender":	true
				}],
			"sum":	{
				"start":	1.001032,
				"end":	2.001043,
				"seconds":	1.0000109672546387,
				"bytes":	917504000,
				"bits_per_second":	7339951500.8828545,
				"retransmits":	0,
				"omitted":	false,
				"sender":	true
			}
		}, {
			"streams":	[{
					"socket":	5,
					"start":	2.001043,
					"end":	3.001054,
					"seconds":	1.0000109672546387,
					"bytes":	930611200,
					"bits_per_second":	7444807950.8954668,
					"retransmits":	0,
					"snd_cwnd":	4297916,
					"snd_wnd":	5791104,
					"rtt":	3514,
					"rttvar":	331,
					"pmtu":	9216,
					"omitted":	false,
					"sender":	true
				}],
			"sum":	{
				"start":	2.001043,
				"end":	3.001054,
				"seconds":	1.0000109672546387,
				"bytes":	930611200,
				"bits_per_second":	7444807950.8954668,
				"retransmits":	0,
				"omitted":	false,
				"sender":	true
			}
		}, {
			"streams":	[{
					"socket":	5,
					"start":	3.001054,
					"end":	4.001046,
					"seconds":	0.9999920129776,
					"bytes":	931397632,
					"bits_per_second":	7451240569.2253332,
					"retransmits":	0,
					"snd_cwnd":	4297916,
					"snd_wnd":	5781888,
					"rtt":	3822,
					"rttvar":	169,
					"pmtu":	9216,
					"omitted":	false,
					"sender":	true
				}],
			"sum":	{
				"start":	3.001054,
				"end":	4.001046,
				"seconds":	0.9999920129776,
				"bytes":	931397632,
				"bits_per_second":	7451240569.2253332,
				"retransmits":	0,
				"omitted":	false,
				"sender":	true
			}
		}, {
			"streams":	[{
					"socket":	5,
					"start":	4.001046,
					"end":	5.001055,
					"seconds":	1.0000089406967163,
					"bytes":	934543360,
					"bits_per_second":	7476280036.8476248,
					"retransmits":	0,
					"snd_cwnd":	4297916,
					"snd_wnd":	5790848,
					"rtt":	3533,
					"rttvar":	97,
					"pmtu":	9216,
					"omitted":	false,
					"sender":	true
				}],
			"sum":	{
				"start":	4.001046,
				"end":	5.001055,
				"seconds":	1.0000089406967163,
				"bytes":	934543360,
				"bits_per_second":	7476280036.8476248,
				"retransmits":	0,
				"omitted":	false,
				"sender":	true
			}
		}, {
			"streams":	[{
					"socket":	5,
					"start":	5.001055,
					"end":	6.001052,
					"seconds":	0.99999701976776123,
					"bytes":	934281216,
					"bits_per_second":	7474272003.0663853,
					"retransmits":	0,
					"snd_cwnd":	4297916,
					"snd_wnd":	5791104,
					"rtt":	4255,
					"rttvar":	167,
					"pmtu":	9216,
					"omitted":	false,
					"sender":	true
				}],
			"sum":	{
				"start":	5.001055,
				"end":	6.001052,
				"seconds":	0.99999701976776123,
				"bytes":	934281216,
				"bits_per_second":	7474272003.0663853,
				"retransmits":	0,
				"omitted":	false,
				"sender":	true
			}
		}, {
			"streams":	[{
					"socket":	5,
					"start":	6.001052,
					"end":	7.001042,
					"seconds":	0.99998998641967773,
					"bytes":	928514048,
					"bits_per_second":	7428186766.7448378,
					"retransmits":	0,
					"snd_cwnd":	4297916,
					"snd_wnd":	5791104,
					"rtt":	3127,
					"rttvar":	52,
					"pmtu":	9216,
					"omitted":	false,
					"sender":	true
				}],
			"sum":	{
				"start":	6.001052,
				"end":	7.001042,
				"seconds":	0.99998998641967773,
				"bytes":	928514048,
				"bits_per_second":	7428186766.7448378,
				"retransmits":	0,
				"omitted":	false,
				"sender":	true
			}
		}, {
			"streams":	[{
					"socket":	5,
					"start":	7.001042,
					"end":	8.001058,
					"seconds":	1.0000159740448,
					"bytes":	947388416,
					"bits_per_second":	7578986260.93393,
					"retransmits":	0,
					"snd_cwnd":	4297916,
					"snd_wnd":	5791104,
					"rtt":	3691,
					"rttvar":	86,
					"pmtu":	9216,
					"omitted":	false,
					"sender":	true
				}],
			"sum":	{
				"start":	7.001042,
				"end":	8.001058,
				"seconds":	1.0000159740448,
				"bytes":	947388416,
				"bits_per_second":	7578986260.93393,
				"retransmits":	0,
				"omitted":	false,
				"sender":	true
			}
		}, {
			"streams":	[{
					"socket":	5,
					"start":	8.001058,
					"end":	9.001041,
					"seconds":	0.999983012676239,
					"bytes":	942800896,
					"bits_per_second":	7542535295.4890432,
					"retransmits":	0,
					"snd_cwnd":	4297916,
					"snd_wnd":	5790848,
					"rtt":	3248,
					"rttvar":	84,
					"pmtu":	9216,
					"omitted":	false,
					"sender":	true
				}],
			"sum":	{
				"start":	8.001058,
				"end":	9.001041,
				"seconds":	0.999983012676239,
				"bytes":	942800896,
				"bits_per_second":	7542535295.4890432,
				"retransmits":	0,
				"omitted":	false,
				"sender":	true
			}
		}, {
			"streams":	[{
					"socket":	5,
					"start":	9.001041,
					"end":	10.001066,
					"seconds":	1.0000250339508057,
					"bytes":	936902656,
					"bits_per_second":	7495033617.6971273,
					"retransmits":	0,
					"snd_cwnd":	4297916,
					"snd_wnd":	5790848,
					"rtt":	3140,
					"rttvar":	39,
					"pmtu":	9216,
					"omitted":	false,
					"sender":	true
				}],
			"sum":	{
				"start":	9.001041,
				"end":	10.001066,
				"seconds":	1.0000250339508057,
				"bytes":	936902656,
				"bits_per_second":	7495033617.6971273,
				"retransmits":	0,
				"omitted":	false,
				"sender":	true
			}
		}, {
			"streams":	[{
					"socket":	5,
					"start":	10.001066,
					"end":	11.001047,
					"seconds":	0.99998098611831665,
					"bytes":	940965888,
					"bits_per_second":	7527870238.0340338,
					"retransmits":	0,
					"snd_cwnd":	4297916,
					"snd_wnd":	5791104,
					"rtt":	3834,
					"rttvar":	114,
					"pmtu":	9216,
					"omitted":	false,
					"sender":	true
				}],
			"sum":	{
				"start":	10.001066,
				"end":	11.001047,
				"seconds":	0.99998098611831665,
				"bytes":	940965888,
				"bits_per_second":	7527870238.0340338,
				"retransmits":	0,
				"omitted":	false,
				"sender":	true
			}
		}, {
			"streams":	[{
					"socket":	5,
					"start":	11.001047,
					"end":	12.001037,
					"seconds":	0.99998998641967773,
					"bytes":	922877952,
					"bits_per_second":	7383097547.2403164,
					"retransmits":	0,
					"snd_cwnd":	4297916,
					"snd_wnd":	5791104,
					"rtt":	3790,
					"rttvar":	105,
					"pmtu":	9216,
					"omitted":	false,
					"sender":	true
				}],
			"sum":	{
				"start":	11.001047,
				"end":	12.001037,