{
	"start":	{
		"connected":	[{
				"socket":	5,
				"local_host":	"10.99.99.1",
				"local_port":	37759,
				"remote_host":	"10.99.99.2",
				"remote_port":	5201
			}],
		"version":	"iperf 3.16",
		"system_info":	"Linux edge-7bf6f060000000000000ac1f6b24deb2-mt24326005fn 6.8.0-1013-bluefield-64k #17-Ubuntu SMP PREEMPT_DYNAMIC Wed Nov  5 22:26:14 UTC 2025 aarch64",
		"timestamp":	{
			"time":	"Thu, 14 May 2026 22:45:07 GMT",
			"timesecs":	1778798707
		},
		"connecting_to":	{
			"host":	"10.99.99.2",
			"port":	5201
		},
		"cookie":	"7z462p4yor3i4ankrs3vpvp2k6dagro7wigd",
		"tcp_mss_default":	9164,
		"target_bitrate":	0,
		"fq_rate":	0,
		"sock_bufsize":	0,
		"sndbuf_actual":	16384,
		"rcvbuf_actual":	131072,
		"test_start":	{
			"protocol":	"TCP",
			"num_streams":	1,
			"blksize":	131072,
			"omit":	0,
			"duration":	15,
			"bytes":	0,
			"blocks":	0,
			"reverse":	0,
			"tos":	0,
			"target_bitrate":	0,
			"bidir":	0,
			"fqrate":	0
		}
	},
	"intervals":	[{
			"streams":	[{
					"socket":	5,
					"start":	0,
					"end":	1.001065,
					"seconds":	1.0010650157928467,
					"bytes":	857473024,
					"bits_per_second":	6852486185.9916553,
					"retransmits":	0,
					"snd_cwnd":	4352900,
					"snd_wnd":	5781888,
					"rtt":	2632,
					"rttvar":	18,
					"pmtu":	9216,
					"omitted":	false,
					"sender":	true
				}],
			"sum":	{
				"start":	0,
				"end":	1.001065,
				"seconds":	1.0010650157928467,
				"bytes":	857473024,
				"bits_per_second":	6852486185.9916553,
				"retransmits":	0,
				"omitted":	false,
				"sender":	true
			}
		}, {
			"streams":	[{
					"socket":	5,
					"start":	1.001065,
					"end":	2.001054,
					"seconds":	0.99998897314071655,
					"bytes":	826146816,
					"bits_per_second":	6609247407.24113,
					"retransmits":	0,
					"snd_cwnd":	4352900,
					"snd_wnd":	5791104,
					"rtt":	3591,
					"rttvar":	251,
					"pmtu":	9216,
					"omitted":	false,
					"sender":	true
				}],
			"sum":	{
				"start":	1.001065,
				"end":	2.001054,
				"seconds":	0.99998897314071655,
				"bytes":	826146816,
				"bits_per_second":	6609247407.24113,
				"retransmits":	0,
				"omitted":	false,
				"sender":	true
			}
		}, {
			"streams":	[{
					"socket":	5,
					"start":	2.001054,
					"end":	3.001046,
					"seconds":	0.9999920129776,
					"bytes":	897187840,
					"bits_per_second":	7177560047.3328743,
					"retransmits":	0,
					"snd_cwnd":	4352900,
					"snd_wnd":	5791104,
					"rtt":	2514,
					"rttvar":	146,
					"pmtu":	9216,
					"omitted":	false,
					"sender":	true
				}],
			"sum":	{
				"start":	2.001054,
				"end":	3.001046,
				"seconds":	0.9999920129776,
				"bytes":	897187840,
				"bits_per_second":	7177560047.3328743,
				"retransmits":	0,
				"omitted":	false,
				"sender":	true
			}
		}, {
			"streams":	[{
					"socket":	5,
					"start":	3.001046,
					"end":	4.001047,
					"seconds":	1.0000009536743164,
					"bytes":	873725952,
					"bits_per_second":	6989800950.0063572,
					"retransmits":	0,
					"snd_cwnd":	4352900,
					"snd_wnd":	5790848,
					"rtt":	3615,
					"rttvar":	74,
					"pmtu":	9216,
					"omitted":	false,
					"sender":	true
				}],
			"sum":	{
				"start":	3.001046,
				"end":	4.001047,
				"seconds":	1.0000009536743164,
				"bytes":	873725952,
				"bits_per_second":	6989800950.0063572,
				"retransmits":	0,
				"omitted":	false,
				"sender":	true
			}
		}, {
			"streams":	[{
					"socket":	5,
					"start":	4.001047,
					"end":	5.001047,
					"seconds":	1,
					"bytes":	831127552,
					"bits_per_second":	6649020416,
					"retransmits":	0,
					"snd_cwnd":	4352900,
					"snd_wnd":	5791104,
					"rtt":	3464,
					"rttvar":	255,
					"pmtu":	9216,
					"omitted":	false,
					"sender":	true
				}],
			"sum":	{
				"start":	4.001047,
				"end":	5.001047,
				"seconds":	1,
				"bytes":	831127552,
				"bits_per_second":	6649020416,
				"retransmits":	0,
				"omitted":	false,
				"sender":	true
			}
		}, {
			"streams":	[{
					"socket":	5,
					"start":	5.001047,
					"end":	6.001066,
					"seconds":	1.0000189542770386,
					"bytes":	820510720,
					"bits_per_second":	6563961344.8582,
					"retransmits":	0,
					"snd_cwnd":	4352900,
					"snd_wnd":	5791104,
					"rtt":	3026,
					"rttvar":	374,
					"pmtu":	9216,
					"omitted":	false,
					"sender":	true
				}],
			"sum":	{
				"start":	5.001047,
				"end":	6.001066,
				"seconds":	1.0000189542770386,
				"bytes":	820510720,
				"bits_per_second":	6563961344.8582,
				"retransmits":	0,
				"omitted":	false,
				"sender":	true
			}
		}, {
			"streams":	[{
					"socket":	5,
					"start":	6.001066,
					"end":	7.00007,
					"seconds":	0.99900400638580322,
					"bytes":	871628800,
					"bits_per_second":	6979982417.91545,
					"retransmits":	0,
					"snd_cwnd":	4352900,
					"snd_wnd":	5791104,
					"rtt":	3562,
					"rttvar":	422,
					"pmtu":	9216,
					"omitted":	false,
					"sender":	true
				}],
			"sum":	{
				"start":	6.001066,
				"end":	7.00007,
				"seconds":	0.99900400638580322,
				"bytes":	871628800,
				"bits_per_second":	6979982417.91545,
				"retransmits":	0,
				"omitted":	false,
				"sender":	true
			}
		}, {
			"streams":	[{
					"socket":	5,
					"start":	7.00007,
					"end":	8.001052,
					"seconds":	1.0009820461273193,
					"bytes":	906756096,
					"bits_per_second":	7246931946.5469465,
					"retransmits":	0,
					"snd_cwnd":	4352900,
					"snd_wnd":	5790848,
					"rtt":	4568,
					"rttvar":	8,
					"pmtu":	9216,
					"omitted":	false,
					"sender":	true
				}],
			"sum":	{
				"start":	7.00007,
				"end":	8.001052,
				"seconds":	1.0009820461273193,
				"bytes":	906756096,
				"bits_per_second":	7246931946.5469465,
				"retransmits":	0,
				"omitted":	false,
				"sender":	true
			}
		}, {
			"streams":	[{
					"socket":	5,
					"start":	8.001052,
					"end":	9.001042,
					"seconds":	0.99998998641967773,
					"bytes":	840040448,
					"bits_per_second":	6720390879.1738653,
					"retransmits":	0,
					"snd_cwnd":	4352900,
					"snd_wnd":	5791104,
					"rtt":	3398,
					"rttvar":	81,
					"pmtu":	9216,
					"omitted":	false,
					"sender":	true
				}],
			"sum":	{
				"start":	8.001052,
				"end":	9.001042,
				"seconds":	0.99998998641967773,
				"bytes":	840040448,
				"bits_per_second":	6720390879.1738653,
				"retransmits":	0,
				"omitted":	false,
				"sender":	true
			}
		}, {
			"streams":	[{
					"socket":	5,
					"start":	9.001042,
					"end":	10.001052,
					"seconds":	1.0000100135803223,
					"bytes":	924057600,
					"bits_per_second":	7392386775.7412481,
					"retransmits":	0,
					"snd_cwnd":	4352900,
					"snd_wnd":	5790848,
					"rtt":	3393,
					"rttvar":	267,
					"pmtu":	9216,
					"omitted":	false,
					"sender":	true
				}],
			"sum":	{
				"start":	9.001042,
				"end":	10.001052,
				"seconds":	1.0000100135803223,
				"bytes":	924057600,
				"bits_per_second":	7392386775.7412481,
				"retransmits":	0,
				"omitted":	false,
				"sender":	true
			}
		}, {
			"streams":	[{
					"socket":	5,
					"start":	10.001052,
					"end":	11.001086,
					"seconds":	1.000033974647522,
					"bytes":	942538752,
					"bits_per_second":	7540053845.3283081,
					"retransmits":	0,
					"snd_cwnd":	4352900,
					"snd_wnd":	5791104,
					"rtt":	2488,
					"rttvar":	332,
					"pmtu":	9216,
					"omitted":	false,
					"sender":	true
				}],
			"sum":	{
				"start":	10.001052,
				"end":	11.001086,
				"seconds":	1.000033974647522,
				"bytes":	942538752,
				"bits_per_second":	7540053845.3283081,
				"retransmits":	0,
				"omitted":	false,
				"sender":	true
			}
		}, {
			"streams":	[{
					"socket":	5,
					"start":	11.001086,
					"end":	12.001048,
					"seconds":	0.9999619722366333,
					"bytes":	958005248,
					"bits_per_second":	7664333441.4584751,
					"retransmits":	0,
					"snd_cwnd":	4352900,
					"snd_wnd":	5790848,
					"rtt":	3360,
					"rttvar":	25,
					"pmtu":	9216,
					"omitted":	false,
					"sender":	true
				}],
			"sum":	{
				"start":	11.001086,
				"end":	12.001048,
				"seconds":	0.9999619722366333,
				"bytes":	958005248,