{
	"start":	{
		"connected":	[{
				"socket":	5,
				"local_host":	"10.99.99.1",
				"local_port":	46875,
				"remote_host":	"10.99.99.2",
				"remote_port":	5201
			}],
		"version":	"iperf 3.16",
		"system_info":	"Linux edge-7bf6f060000000000000ac1f6b24deb2-mt24326005fn 6.8.0-1013-bluefield-64k #17-Ubuntu SMP PREEMPT_DYNAMIC Wed Nov  5 22:26:14 UTC 2025 aarch64",
		"timestamp":	{
			"time":	"Thu, 14 May 2026 22:36:28 GMT",
			"timesecs":	1778798188
		},
		"connecting_to":	{
			"host":	"10.99.99.2",
			"port":	5201
		},
		"cookie":	"rbshoyd7whuhmw6cw6bsjcyecyw7vmogrciq",
		"tcp_mss_default":	9164,
		"target_bitrate":	0,
		"fq_rate":	0,
		"sock_bufsize":	0,
		"sndbuf_actual":	16384,
		"rcvbuf_actual":	131072,
		"test_start":	{
			"protocol":	"TCP",
			"num_streams":	1,
			"blksize":	131072,
			"omit":	0,
			"duration":	15,
			"bytes":	0,
			"blocks":	0,
			"reverse":	0,
			"tos":	0,
			"target_bitrate":	0,
			"bidir":	0,
			"fqrate":	0
		}
	},
	"intervals":	[{
			"streams":	[{
					"socket":	5,
					"start":	0,
					"end":	1.001041,
					"seconds":	1.001041054725647,
					"bytes":	929038336,
					"bits_per_second":	7424577296.71932,
					"retransmits":	0,
					"snd_cwnd":	4435376,
					"snd_wnd":	5791104,
					"rtt":	3198,
					"rttvar":	58,
					"pmtu":	9216,
					"omitted":	false,
					"sender":	true
				}],
			"sum":	{
				"start":	0,
				"end":	1.001041,
				"seconds":	1.001041054725647,
				"bytes":	929038336,
				"bits_per_second":	7424577296.71932,
				"retransmits":	0,
				"omitted":	false,
				"sender":	true
			}
		}, {
			"streams":	[{
					"socket":	5,
					"start":	1.001041,
					"end":	2.001095,
					"seconds":	1.0000540018081665,
					"bytes":	959315968,
					"bits_per_second":	7674113328.0042133,
					"retransmits":	0,
					"snd_cwnd":	4435376,
					"snd_wnd":	5791104,
					"rtt":	3344,
					"rttvar":	18,
					"pmtu":	9216,
					"omitted":	false,
					"sender":	true
				}],
			"sum":	{
				"start":	1.001041,
				"end":	2.001095,
				"seconds":	1.0000540018081665,
				"bytes":	959315968,
				"bits_per_second":	7674113328.0042133,
				"retransmits":	0,
				"omitted":	false,
				"sender":	true
			}
		}, {
			"streams":	[{
					"socket":	5,
					"start":	2.001095,
					"end":	3.001098,
					"seconds":	1.0000029802322388,
					"bytes":	966131712,
					"bits_per_second":	7729030661.6936474,
					"retransmits":	0,
					"snd_cwnd":	4435376,
					"snd_wnd":	5781888,
					"rtt":	3122,
					"rttvar":	24,
					"pmtu":	9216,
					"omitted":	false,
					"sender":	true
				}],
			"sum":	{
				"start":	2.001095,
				"end":	3.001098,
				"seconds":	1.0000029802322388,
				"bytes":	966131712,
				"bits_per_second":	7729030661.6936474,
				"retransmits":	0,
				"omitted":	false,
				"sender":	true
			}
		}, {
			"streams":	[{
					"socket":	5,
					"start":	3.001098,
					"end":	4.001052,
					"seconds":	0.9999539852142334,
					"bytes":	955121664,
					"bits_per_second":	7641324925.92944,
					"retransmits":	0,
					"snd_cwnd":	4435376,
					"snd_wnd":	5790848,
					"rtt":	3336,
					"rttvar":	82,
					"pmtu":	9216,
					"omitted":	false,
					"sender":	true
				}],
			"sum":	{
				"start":	3.001098,
				"end":	4.001052,
				"seconds":	0.9999539852142334,
				"bytes":	955121664,
				"bits_per_second":	7641324925.92944,
				"retransmits":	0,
				"omitted":	false,
				"sender":	true
			}
		}, {
			"streams":	[{
					"socket":	5,
					"start":	4.001052,
					"end":	5.001097,
					"seconds":	1.0000449419021606,
					"bytes":	957612032,
					"bits_per_second":	7660551976.2225885,
					"retransmits":	0,
					"snd_cwnd":	4435376,
					"snd_wnd":	5791104,
					"rtt":	3126,
					"rttvar":	35,
					"pmtu":	9216,
					"omitted":	false,
					"sender":	true
				}],
			"sum":	{
				"start":	4.001052,
				"end":	5.001097,
				"seconds":	1.0000449419021606,
				"bytes":	957612032,
				"bits_per_second":	7660551976.2225885,
				"retransmits":	0,
				"omitted":	false,
				"sender":	true
			}
		}, {
			"streams":	[{
					"socket":	5,
					"start":	5.001097,
					"end":	6.001097,
					"seconds":	1,
					"bytes":	961150976,
					"bits_per_second":	7689207808,
					"retransmits":	0,
					"snd_cwnd":	4435376,
					"snd_wnd":	5791104,
					"rtt":	4009,
					"rttvar":	152,
					"pmtu":	9216,
					"omitted":	false,
					"sender":	true
				}],
			"sum":	{
				"start":	5.001097,
				"end":	6.001097,
				"seconds":	1,
				"bytes":	961150976,
				"bits_per_second":	7689207808,
				"retransmits":	0,
				"omitted":	false,
				"sender":	true
			}
		}, {
			"streams":	[{
					"socket":	5,
					"start":	6.001097,
					"end":	7.001044,
					"seconds":	0.99994701147079468,
					"bytes":	949092352,
					"bits_per_second":	7593141165.3824024,
					"retransmits":	0,
					"snd_cwnd":	4435376,
					"snd_wnd":	5790848,
					"rtt":	3939,
					"rttvar":	13,
					"pmtu":	9216,
					"omitted":	false,
					"sender":	true
				}],
			"sum":	{
				"start":	6.001097,
				"end":	7.001044,
				"seconds":	0.99994701147079468,
				"bytes":	949092352,
				"bits_per_second":	7593141165.3824024,
				"retransmits":	0,
				"omitted":	false,
				"sender":	true
			}
		}, {
			"streams":	[{
					"socket":	5,
					"start":	7.001044,
					"end":	8.000294,
					"seconds":	0.99924999475479126,
					"bytes":	948568064,
					"bits_per_second":	7594240232.00738,
					"retransmits":	0,
					"snd_cwnd":	4435376,
					"snd_wnd":	5791104,
					"rtt":	3517,
					"rttvar":	20,
					"pmtu":	9216,
					"omitted":	false,
					"sender":	true
				}],
			"sum":	{
				"start":	7.001044,
				"end":	8.000294,
				"seconds":	0.99924999475479126,
				"bytes":	948568064,
				"bits_per_second":	7594240232.00738,
				"retransmits":	0,
				"omitted":	false,
				"sender":	true
			}
		}, {
			"streams":	[{
					"socket":	5,
					"start":	8.000294,
					"end":	9.001035,
					"seconds":	1.0007410049438477,
					"bytes":	958660608,
					"bits_per_second":	7663606093.9966478,
					"retransmits":	0,
					"snd_cwnd":	4435376,
					"snd_wnd":	5790848,
					"rtt":	3797,
					"rttvar":	269,
					"pmtu":	9216,
					"omitted":	false,
					"sender":	true
				}],
			"sum":	{
				"start":	8.000294,
				"end":	9.001035,
				"seconds":	1.0007410049438477,
				"bytes":	958660608,
				"bits_per_second":	7663606093.9966478,
				"retransmits":	0,
				"omitted":	false,
				"sender":	true
			}
		}, {
			"streams":	[{
					"socket":	5,
					"start":	9.001035,
					"end":	10.001061,
					"seconds":	1.0000259876251221,
					"bytes":	955777024,
					"bits_per_second":	7646017490.16379,
					"retransmits":	0,
					"snd_cwnd":	4435376,
					"snd_wnd":	5791104,
					"rtt":	3618,
					"rttvar":	306,
					"pmtu":	9216,
					"omitted":	false,
					"sender":	true
				}],
			"sum":	{
				"start":	9.001035,
				"end":	10.001061,
				"seconds":	1.0000259876251221,
				"bytes":	955777024,
				"bits_per_second":	7646017490.16379,
				"retransmits":	0,
				"omitted":	false,
				"sender":	true
			}
		}, {
			"streams":	[{
					"socket":	5,
					"start":	10.001061,
					"end":	11.00104,
					"seconds":	0.999979019165039,
					"bytes":	961019904,
					"bits_per_second":	7688320539.3843632,
					"retransmits":	0,
					"snd_cwnd":	4435376,
					"snd_wnd":	5781888,
					"rtt":	3295,
					"rttvar":	218,
					"pmtu":	9216,
					"omitted":	false,
					"sender":	true
				}],
			"sum":	{
				"start":	10.001061,
				"end":	11.00104,
				"seconds":	0.999979019165039,
				"bytes":	961019904,
				"bits_per_second":	7688320539.3843632,
				"retransmits":	0,
				"omitted":	false,
				"sender":	true
			}
		}, {
			"streams":	[{
					"socket":	5,
					"start":	11.00104,
					"end":	12.001062,
					"seconds":	1.0000220537185669,
					"bytes":	941883392,
					"bits_per_second":	7534900963.4147234,
					"retransmits":	0,
					"snd_cwnd":	4435376,
					"snd_wnd":	5791104,
					"rtt":	3903,
					"rttvar":	257,
					"pmtu":	9216,
					"omitted":	false,
					"sender":	true
				}],
			"sum":	{
				"start":	11.00104,
				"end":	12.001062,
				"seconds":	1.0000220537185669,
				"bytes":	941883392,