{
	"start":	{
		"connected":	[{
				"socket":	5,
				"local_host":	"10.10.11.10",
				"local_port":	49646,
				"remote_host":	"10.10.11.11",
				"remote_port":	5201
			}],
		"version":	"iperf 3.9",
		"system_info":	"Linux probe-c 6.8.0-94-generic #96~22.04.1-Ubuntu SMP PREEMPT_DYNAMIC Fri Jan 16 13:19:05 UTC 2 x86_64",
		"timestamp":	{
			"time":	"Fri, 24 Jul 2026 02:06:35 GMT",
			"timesecs":	1784858795
		},
		"connecting_to":	{
			"host":	"10.10.11.11",
			"port":	5201
		},
		"cookie":	"ddtq2lm3qfq4dou655tmcocytcmoek53ppbg",
		"tcp_mss_default":	8948,
		"sock_bufsize":	0,
		"sndbuf_actual":	16384,
		"rcvbuf_actual":	131072,
		"test_start":	{
			"protocol":	"TCP",
			"num_streams":	1,
			"blksize":	131072,
			"omit":	0,
			"duration":	10,
			"bytes":	0,
			"blocks":	0,
			"reverse":	0,
			"tos":	0
		}
	},
	"intervals":	[{
			"streams":	[{
					"socket":	5,
					"start":	0,
					"end":	1.00003,
					"seconds":	1.0000300407409668,
					"bytes":	2275409920,
					"bits_per_second":	18202732536.426987,
					"retransmits":	0,
					"snd_cwnd":	1360096,
					"rtt":	312,
					"rttvar":	45,
					"pmtu":	9000,
					"omitted":	false,
					"sender":	true
				}],
			"sum":	{
				"start":	0,
				"end":	1.00003,
				"seconds":	1.0000300407409668,
				"bytes":	2275409920,
				"bits_per_second":	18202732536.426987,
				"retransmits":	0,
				"omitted":	false,
				"sender":	true
			}
		}, {
			"streams":	[{
					"socket":	5,
					"start":	1.00003,
					"end":	2.000095,
					"seconds":	1.0000649690628052,
					"bytes":	2692218880,
					"bits_per_second":	21536351843.404491,
					"retransmits":	0,
					"snd_cwnd":	1163240,
					"rtt":	202,
					"rttvar":	30,
					"pmtu":	9000,
					"omitted":	false,
					"sender":	true
				}],
			"sum":	{
				"start":	1.00003,
				"end":	2.000095,
				"seconds":	1.0000649690628052,
				"bytes":	2692218880,
				"bits_per_second":	21536351843.404491,
				"retransmits":	0,
				"omitted":	false,
				"sender":	true
			}
		}, {
			"streams":	[{
					"socket":	5,
					"start":	2.000095,
					"end":	3.000025,
					"seconds":	0.99993002414703369,
					"bytes":	2967470080,
					"bits_per_second":	23741421966.25272,
					"retransmits":	0,
					"snd_cwnd":	966384,
					"rtt":	197,
					"rttvar":	39,
					"pmtu":	9000,
					"omitted":	false,
					"sender":	true
				}],
			"sum":	{
				"start":	2.000095,
				"end":	3.000025,
				"seconds":	0.99993002414703369,
				"bytes":	2967470080,
				"bits_per_second":	23741421966.25272,
				"retransmits":	0,
				"omitted":	false,
				"sender":	true
			}
		}, {
			"streams":	[{
					"socket":	5,
					"start":	3.000025,
					"end":	4.000241,
					"seconds":	1.000216007232666,
					"bytes":	3190292480,
					"bits_per_second":	25516828020.592857,
					"retransmits":	0,
					"snd_cwnd":	1324304,
					"rtt":	254,
					"rttvar":	37,
					"pmtu":	9000,
					"omitted":	false,
					"sender":	true
				}],
			"sum":	{
				"start":	3.000025,
				"end":	4.000241,
				"seconds":	1.000216007232666,
				"bytes":	3190292480,
				"bits_per_second":	25516828020.592857,
				"retransmits":	0,
				"omitted":	false,
				"sender":	true
			}
		}, {
			"streams":	[{
					"socket":	5,
					"start":	4.000241,
					"end":	5.000177,
					"seconds":	0.99993598461151123,
					"bytes":	3004170240,
					"bits_per_second":	24034900523.4943,
					"retransmits":	0,
					"snd_cwnd":	1109552,
					"rtt":	203,
					"rttvar":	30,
					"pmtu":	9000,
					"omitted":	false,
					"sender":	true
				}],
			"sum":	{
				"start":	4.000241,
				"end":	5.000177,
				"seconds":	0.99993598461151123,
				"bytes":	3004170240,
				"bits_per_second":	24034900523.4943,
				"retransmits":	0,
				"omitted":	false,
				"sender":	true
			}
		}, {
			"streams":	[{
					"socket":	5,
					"start":	5.000177,
					"end":	6.000028,
					"seconds":	0.99985098838806152,
					"bytes":	3064463360,
					"bits_per_second":	24519360549.439171,
					"retransmits":	0,
					"snd_cwnd":	1145344,
					"rtt":	251,
					"rttvar":	47,
					"pmtu":	9000,
					"omitted":	false,
					"sender":	true
				}],
			"sum":	{
				"start":	5.000177,
				"end":	6.000028,
				"seconds":	0.99985098838806152,
				"bytes":	3064463360,
				"bits_per_second":	24519360549.439171,
				"retransmits":	0,
				"omitted":	false,
				"sender":	true
			}
		}, {
			"streams":	[{
					"socket":	5,
					"start":	6.000028,
					"end":	7.000096,
					"seconds":	1.0000679492950439,
					"bytes":	3077570560,
					"bits_per_second":	24618891643.668049,
					"retransmits":	0,
					"snd_cwnd":	1127448,
					"rtt":	207,
					"rttvar":	42,
					"pmtu":	9000,
					"omitted":	false,
					"sender":	true
				}],
			"sum":	{
				"start":	6.000028,
				"end":	7.000096,
				"seconds":	1.0000679492950439,
				"bytes":	3077570560,
				"bits_per_second":	24618891643.668049,
				"retransmits":	0,
				"omitted":	false,
				"sender":	true
			}
		}, {
			"streams":	[{
					"socket":	5,
					"start":	7.000096,
					"end":	8.000031,
					"seconds":	0.99993497133255,
					"bytes":	3124756480,
					"bits_per_second":	24999677535.716827,
					"retransmits":	0,
					"snd_cwnd":	1413784,
					"rtt":	251,
					"rttvar":	42,
					"pmtu":	9000,
					"omitted":	false,
					"sender":	true
				}],
			"sum":	{
				"start":	7.000096,
				"end":	8.000031,
				"seconds":	0.99993497133255,
				"bytes":	3124756480,
				"bits_per_second":	24999677535.716827,
				"retransmits":	0,
				"omitted":	false,
				"sender":	true
			}
		}, {
			"streams":	[{
					"socket":	5,
					"start":	8.000031,
					"end":	9.000246,
					"seconds":	1.0002150535583496,
					"bytes":	3061841920,
					"bits_per_second":	24489468812.58976,
					"retransmits":	0,
					"snd_cwnd":	1127448,
					"rtt":	237,
					"rttvar":	42,
					"pmtu":	9000,
					"omitted":	false,
					"sender":	true
				}],
			"sum":	{
				"start":	8.000031,
				"end":	9.000246,
				"seconds":	1.0002150535583496,
				"bytes":	3061841920,
				"bits_per_second":	24489468812.58976,
				"retransmits":	0,
				"omitted":	false,
				"sender":	true
			}
		}, {
			"streams":	[{
					"socket":	5,
					"start":	9.000246,
					"end":	10.000034,
					"seconds":	0.999787986278534,
					"bytes":	3114270720,
					"bits_per_second":	24919449025.1247,
					"retransmits":	0,
					"snd_cwnd":	1395888,
					"rtt":	262,
					"rttvar":	29,
					"pmtu":	9000,
					"omitted":	false,
					"sender":	true
				}],
			"sum":	{
				"start":	9.000246,
				"end":	10.000034,
				"seconds":	0.999787986278534,
				"bytes":	3114270720,
				"bits_per_second":	24919449025.1247,
				"retransmits":	0,
				"omitted":	false,
				"sender":	true
			}
		}],
	"end":	{
		"streams":	[{
				"sender":	{
					"socket":	5,
					"start":	0,
					"end":	10.000034,
					"seconds":	10.000034,
					"bytes":	29572464640,
					"bits_per_second":	23657891275.169666,
					"retransmits":	0,
					"max_snd_cwnd":	1413784,
					"max_rtt":	312,
					"min_rtt":	197,
					"mean_rtt":	237,
					"sender":	true
				},
				"receiver":	{
					"socket":	5,
					"start":	0,
					"end":	10.039286,
					"seconds":	10.000034,
					"bytes":	29569712128,
					"bits_per_second":	23563199317.561028,
					"sender":	true
				}
			}],
		"sum_sent":	{
			"start":	0,
			"end":	10.000034,
			"seconds":	10.000034,
			"bytes":	29572464640,
			"bits_per_second":	23657891275.169666,
			"retransmits":	0,
			"sender":	true
		},
		"sum_received":	{
			"start":	0,
			"end":	10.039286,
			"seconds":	10.039286,
			"bytes":	29569712128,
			"bits_per_second":	23563199317.561028,
			"sender":	true
		},
		"cpu_utilization_percent":	{
			"host_total":	64.476049078652025,
			"host_user":	1.787341776671642,
			"host_system":	62.688687465329252,
			"remote_total":	66.238586390450024,
			"remote_user":	3.7426822492908816,
			"remote_system":	62.49589532100552
		},
		"sender_tcp_congestion":	"bbr",
		"receiver_tcp_congestion":	"bbr"
	}
}
