{
	"start":	{
		"connected":	[{
				"socket":	5,
				"local_host":	"10.10.11.10",
				"local_port":	47890,
				"remote_host":	"10.10.11.11",
				"remote_port":	5201
			}],
		"version":	"iperf 3.9",
		"system_info":	"Linux probe-c 6.8.0-94-generic #96~22.04.1-Ubuntu SMP PREEMPT_DYNAMIC Fri Jan 16 13:19:05 UTC 2 x86_64",
		"timestamp":	{
			"time":	"Fri, 24 Jul 2026 02:13:53 GMT",
			"timesecs":	1784859233
		},
		"connecting_to":	{
			"host":	"10.10.11.11",
			"port":	5201
		},
		"cookie":	"rvc22ln26kdghjyezyx3rvdx2t77xs4x6f6d",
		"tcp_mss_default":	8948,
		"sock_bufsize":	0,
		"sndbuf_actual":	16384,
		"rcvbuf_actual":	131072,
		"test_start":	{
			"protocol":	"TCP",
			"num_streams":	1,
			"blksize":	131072,
			"omit":	0,
			"duration":	10,
			"bytes":	0,
			"blocks":	0,
			"reverse":	0,
			"tos":	0
		}
	},
	"intervals":	[{
			"streams":	[{
					"socket":	5,
					"start":	0,
					"end":	1.000319,
					"seconds":	1.0003190040588379,
					"bytes":	2122055680,
					"bits_per_second":	16971031612.033094,
					"retransmits":	0,
					"snd_cwnd":	1395888,
					"rtt":	450,
					"rttvar":	80,
					"pmtu":	9000,
					"omitted":	false,
					"sender":	true
				}],
			"sum":	{
				"start":	0,
				"end":	1.000319,
				"seconds":	1.0003190040588379,
				"bytes":	2122055680,
				"bits_per_second":	16971031612.033094,
				"retransmits":	0,
				"omitted":	false,
				"sender":	true
			}
		}, {
			"streams":	[{
					"socket":	5,
					"start":	1.000319,
					"end":	2.00004,
					"seconds":	0.9997209906578064,
					"bytes":	2132541440,
					"bits_per_second":	17065092840.327852,
					"retransmits":	0,
					"snd_cwnd":	1037968,
					"rtt":	268,
					"rttvar":	69,
					"pmtu":	9000,
					"omitted":	false,
					"sender":	true
				}],
			"sum":	{
				"start":	1.000319,
				"end":	2.00004,
				"seconds":	0.9997209906578064,
				"bytes":	2132541440,
				"bits_per_second":	17065092840.327852,
				"retransmits":	0,
				"omitted":	false,
				"sender":	true
			}
		}, {
			"streams":	[{
					"socket":	5,
					"start":	2.00004,
					"end":	3.000253,
					"seconds":	1.0002130270004272,
					"bytes":	2936012800,
					"bits_per_second":	23483099865.674881,
					"retransmits":	0,
					"snd_cwnd":	1145344,
					"rtt":	223,
					"rttvar":	35,
					"pmtu":	9000,
					"omitted":	false,
					"sender":	true
				}],
			"sum":	{
				"start":	2.00004,
				"end":	3.000253,
				"seconds":	1.0002130270004272,
				"bytes":	2936012800,
				"bits_per_second":	23483099865.674881,
				"retransmits":	0,
				"omitted":	false,
				"sender":	true
			}
		}, {
			"streams":	[{
					"socket":	5,
					"start":	3.000253,
					"end":	4.000022,
					"seconds":	0.99976897239685059,
					"bytes":	3065774080,
					"bits_per_second":	24531860176.857456,
					"retransmits":	0,
					"snd_cwnd":	1950664,
					"rtt":	562,
					"rttvar":	93,
					"pmtu":	9000,
					"omitted":	false,
					"sender":	true
				}],
			"sum":	{
				"start":	3.000253,
				"end":	4.000022,
				"seconds":	0.99976897239685059,
				"bytes":	3065774080,
				"bits_per_second":	24531860176.857456,
				"retransmits":	0,
				"omitted":	false,
				"sender":	true
			}
		}, {
			"streams":	[{
					"socket":	5,
					"start":	4.000022,
					"end":	5.000024,
					"seconds":	1.0000020265579224,
					"bytes":	2705326080,
					"bits_per_second":	21642564780.088886,
					"retransmits":	0,
					"snd_cwnd":	2129624,
					"rtt":	510,
					"rttvar":	55,
					"pmtu":	9000,
					"omitted":	false,
					"sender":	true
				}],
			"sum":	{
				"start":	4.000022,
				"end":	5.000024,
				"seconds":	1.0000020265579224,
				"bytes":	2705326080,
				"bits_per_second":	21642564780.088886,
				"retransmits":	0,
				"omitted":	false,
				"sender":	true
			}
		}, {
			"streams":	[{
					"socket":	5,
					"start":	5.000024,
					"end":	6.000099,
					"seconds":	1.0000749826431274,
					"bytes":	2437939200,
					"bits_per_second":	19502051284.64827,
					"retransmits":	0,
					"snd_cwnd":	1360096,
					"rtt":	438,
					"rttvar":	101,
					"pmtu":	9000,
					"omitted":	false,
					"sender":	true
				}],
			"sum":	{
				"start":	5.000024,
				"end":	6.000099,
				"seconds":	1.0000749826431274,
				"bytes":	2437939200,
				"bits_per_second":	19502051284.64827,
				"retransmits":	0,
				"omitted":	false,
				"sender":	true
			}
		}, {
			"streams":	[{
					"socket":	5,
					"start":	6.000099,
					"end":	7.000328,
					"seconds":	1.0002290010452271,
					"bytes":	1777336320,
					"bits_per_second":	14215435210.478443,
					"retransmits":	0,
					"snd_cwnd":	1163240,
					"rtt":	350,
					"rttvar":	59,
					"pmtu":	9000,
					"omitted":	false,
					"sender":	true
				}],
			"sum":	{
				"start":	6.000099,
				"end":	7.000328,
				"seconds":	1.0002290010452271,
				"bytes":	1777336320,
				"bits_per_second":	14215435210.478443,
				"retransmits":	0,
				"omitted":	false,
				"sender":	true
			}
		}, {
			"streams":	[{
					"socket":	5,
					"start":	7.000328,
					"end":	8.000032,
					"seconds":	0.99970400333404541,
					"bytes":	2046033920,
					"bits_per_second":	16373117748.264769,
					"retransmits":	0,
					"snd_cwnd":	1413784,
					"rtt":	237,
					"rttvar":	77,
					"pmtu":	9000,
					"omitted":	false,
					"sender":	true
				}],
			"sum":	{
				"start":	7.000328,
				"end":	8.000032,
				"seconds":	0.99970400333404541,
				"bytes":	2046033920,
				"bits_per_second":	16373117748.264769,
				"retransmits":	0,
				"omitted":	false,
				"sender":	true
			}
		}, {
			"streams":	[{
					"socket":	5,
					"start":	8.000032,
					"end":	9.000135,
					"seconds":	1.0001029968261719,
					"bytes":	2857369600,
					"bits_per_second":	22856602642.470753,
					"retransmits":	0,
					"snd_cwnd":	1306408,
					"rtt":	296,
					"rttvar":	52,
					"pmtu":	9000,
					"omitted":	false,
					"sender":	true
				}],
			"sum":	{
				"start":	8.000032,
				"end":	9.000135,
				"seconds":	1.0001029968261719,
				"bytes":	2857369600,
				"bits_per_second":	22856602642.470753,
				"retransmits":	0,
				"omitted":	false,
				"sender":	true
			}
		}, {
			"streams":	[{
					"socket":	5,
					"start":	9.000135,
					"end":	10.00017,
					"seconds":	1.0000350475311279,
					"bytes":	2662072320,
					"bits_per_second":	21295832193.6583,
					"retransmits":	0,
					"snd_cwnd":	1950664,
					"rtt":	344,
					"rttvar":	64,
					"pmtu":	9000,
					"omitted":	false,
					"sender":	true
				}],
			"sum":	{
				"start":	9.000135,
				"end":	10.00017,
				"seconds":	1.0000350475311279,
				"bytes":	2662072320,
				"bits_per_second":	21295832193.6583,
				"retransmits":	0,
				"omitted":	false,
				"sender":	true
			}
		}],
	"end":	{
		"streams":	[{
				"sender":	{
					"socket":	5,
					"start":	0,
					"end":	10.00017,
					"seconds":	10.00017,
					"bytes":	24742461440,
					"bits_per_second":	19793632660.244774,
					"retransmits":	0,
					"max_snd_cwnd":	2129624,
					"max_rtt":	562,
					"min_rtt":	223,
					"mean_rtt":	367,
					"sender":	true
				},
				"receiver":	{
					"socket":	5,
					"start":	0,
					"end":	10.03969,
					"seconds":	10.00017,
					"bytes":	24739840000,
					"bits_per_second":	19713628608.05463,
					"sender":	true
				}
			}],
		"sum_sent":	{
			"start":	0,
			"end":	10.00017,
			"seconds":	10.00017,
			"bytes":	24742461440,
			"bits_per_second":	19793632660.244774,
			"retransmits":	0,
			"sender":	true
		},
		"sum_received":	{
			"start":	0,
			"end":	10.03969,
			"seconds":	10.03969,
			"bytes":	24739840000,
			"bits_per_second":	19713628608.05463,
			"sender":	true
		},
		"cpu_utilization_percent":	{
			"host_total":	60.861126509198535,
			"host_user":	1.7345635537337707,
			"host_system":	59.12656295546477,
			"remote_total":	12.531876240355627,
			"remote_user":	0.772827009545547,
			"remote_system":	11.759049230810081
		},
		"sender_tcp_congestion":	"bbr",
		"receiver_tcp_congestion":	"bbr"
	}
}
