{
	"start":	{
		"connected":	[{
				"socket":	5,
				"local_host":	"10.10.11.10",
				"local_port":	42678,
				"remote_host":	"10.10.11.11",
				"remote_port":	5201
			}],
		"version":	"iperf 3.9",
		"system_info":	"Linux probe-c 6.8.0-94-generic #96~22.04.1-Ubuntu SMP PREEMPT_DYNAMIC Fri Jan 16 13:19:05 UTC 2 x86_64",
		"timestamp":	{
			"time":	"Fri, 24 Jul 2026 02:08:25 GMT",
			"timesecs":	1784858905
		},
		"connecting_to":	{
			"host":	"10.10.11.11",
			"port":	5201
		},
		"cookie":	"jgyy665fv4l4sx7dm5km2zk7pfxqcevbd2bp",
		"tcp_mss_default":	8948,
		"sock_bufsize":	0,
		"sndbuf_actual":	16384,
		"rcvbuf_actual":	131072,
		"test_start":	{
			"protocol":	"TCP",
			"num_streams":	1,
			"blksize":	131072,
			"omit":	0,
			"duration":	10,
			"bytes":	0,
			"blocks":	0,
			"reverse":	0,
			"tos":	0
		}
	},
	"intervals":	[{
			"streams":	[{
					"socket":	5,
					"start":	0,
					"end":	1.000221,
					"seconds":	1.0002210140228271,
					"bytes":	2076180480,
					"bits_per_second":	16605773731.145523,
					"retransmits":	0,
					"snd_cwnd":	1145344,
					"rtt":	278,
					"rttvar":	85,
					"pmtu":	9000,
					"omitted":	false,
					"sender":	true
				}],
			"sum":	{
				"start":	0,
				"end":	1.000221,
				"seconds":	1.0002210140228271,
				"bytes":	2076180480,
				"bits_per_second":	16605773731.145523,
				"retransmits":	0,
				"omitted":	false,
				"sender":	true
			}
		}, {
			"streams":	[{
					"socket":	5,
					"start":	1.000221,
					"end":	2.000026,
					"seconds":	0.999804973602295,
					"bytes":	2714501120,
					"bits_per_second":	21720244981.135944,
					"retransmits":	0,
					"snd_cwnd":	1163240,
					"rtt":	209,
					"rttvar":	21,
					"pmtu":	9000,
					"omitted":	false,
					"sender":	true
				}],
			"sum":	{
				"start":	1.000221,
				"end":	2.000026,
				"seconds":	0.999804973602295,
				"bytes":	2714501120,
				"bits_per_second":	21720244981.135944,
				"retransmits":	0,
				"omitted":	false,
				"sender":	true
			}
		}, {
			"streams":	[{
					"socket":	5,
					"start":	2.000026,
					"end":	3.000306,
					"seconds":	1.0002800226211548,
					"bytes":	2829844480,
					"bits_per_second":	22632418250.918308,
					"retransmits":	0,
					"snd_cwnd":	1968560,
					"rtt":	388,
					"rttvar":	75,
					"pmtu":	9000,
					"omitted":	false,
					"sender":	true
				}],
			"sum":	{
				"start":	2.000026,
				"end":	3.000306,
				"seconds":	1.0002800226211548,
				"bytes":	2829844480,
				"bits_per_second":	22632418250.918308,
				"retransmits":	0,
				"omitted":	false,
				"sender":	true
			}
		}, {
			"streams":	[{
					"socket":	5,
					"start":	3.000306,
					"end":	4.000025,
					"seconds":	0.99971902370452881,
					"bytes":	2149580800,
					"bits_per_second":	17201479608.016884,
					"retransmits":	0,
					"snd_cwnd":	1718016,
					"rtt":	461,
					"rttvar":	93,
					"pmtu":	9000,
					"omitted":	false,
					"sender":	true
				}],
			"sum":	{
				"start":	3.000306,
				"end":	4.000025,
				"seconds":	0.99971902370452881,
				"bytes":	2149580800,
				"bits_per_second":	17201479608.016884,
				"retransmits":	0,
				"omitted":	false,
				"sender":	true
			}
		}, {
			"streams":	[{
					"socket":	5,
					"start":	4.000025,
					"end":	5.000093,
					"seconds":	1.0000679492950439,
					"bytes":	1950351360,
					"bits_per_second":	15601750752.034948,
					"retransmits":	0,
					"snd_cwnd":	1055864,
					"rtt":	258,
					"rttvar":	74,
					"pmtu":	9000,
					"omitted":	false,
					"sender":	true
				}],
			"sum":	{
				"start":	4.000025,
				"end":	5.000093,
				"seconds":	1.0000679492950439,
				"bytes":	1950351360,
				"bits_per_second":	15601750752.034948,
				"retransmits":	0,
				"omitted":	false,
				"sender":	true
			}
		}, {
			"streams":	[{
					"socket":	5,
					"start":	5.000093,
					"end":	6.000038,
					"seconds":	0.99994498491287231,
					"bytes":	2431385600,
					"bits_per_second":	19452154962.000057,
					"retransmits":	0,
					"snd_cwnd":	1055864,
					"rtt":	268,
					"rttvar":	58,
					"pmtu":	9000,
					"omitted":	false,
					"sender":	true
				}],
			"sum":	{
				"start":	5.000093,
				"end":	6.000038,
				"seconds":	0.99994498491287231,
				"bytes":	2431385600,
				"bits_per_second":	19452154962.000057,
				"retransmits":	0,
				"omitted":	false,
				"sender":	true
			}
		}, {
			"streams":	[{
					"socket":	5,
					"start":	6.000038,
					"end":	7.000042,
					"seconds":	1.0000040531158447,
					"bytes":	2342256640,
					"bits_per_second":	18737977172.807823,
					"retransmits":	0,
					"snd_cwnd":	984280,
					"rtt":	284,
					"rttvar":	58,
					"pmtu":	9000,
					"omitted":	false,
					"sender":	true
				}],
			"sum":	{
				"start":	6.000038,
				"end":	7.000042,
				"seconds":	1.0000040531158447,
				"bytes":	2342256640,
				"bits_per_second":	18737977172.807823,
				"retransmits":	0,
				"omitted":	false,
				"sender":	true
			}
		}, {
			"streams":	[{
					"socket":	5,
					"start":	7.000042,
					"end":	8.000034,
					"seconds":	0.9999920129776,
					"bytes":	2351431680,
					"bits_per_second":	18811603688.700039,
					"retransmits":	0,
					"snd_cwnd":	1646432,
					"rtt":	447,
					"rttvar":	102,
					"pmtu":	9000,
					"omitted":	false,
					"sender":	true
				}],
			"sum":	{
				"start":	7.000042,
				"end":	8.000034,
				"seconds":	0.9999920129776,
				"bytes":	2351431680,
				"bits_per_second":	18811603688.700039,
				"retransmits":	0,
				"omitted":	false,
				"sender":	true
			}
		}, {
			"streams":	[{
					"socket":	5,
					"start":	8.000034,
					"end":	9.000641,
					"seconds":	1.0006070137023926,
					"bytes":	1942487040,
					"bits_per_second":	15530469112.444162,
					"retransmits":	0,
					"snd_cwnd":	1109552,
					"rtt":	402,
					"rttvar":	58,
					"pmtu":	9000,
					"omitted":	false,
					"sender":	true
				}],
			"sum":	{
				"start":	8.000034,
				"end":	9.000641,
				"seconds":	1.0006070137023926,
				"bytes":	1942487040,
				"bits_per_second":	15530469112.444162,
				"retransmits":	0,
				"omitted":	false,
				"sender":	true
			}
		}, {
			"streams":	[{
					"socket":	5,
					"start":	9.000641,
					"end":	10.000214,
					"seconds":	0.999572992324829,
					"bytes":	1907097600,
					"bits_per_second":	15263298345.541969,
					"retransmits":	0,
					"snd_cwnd":	1073760,
					"rtt":	316,
					"rttvar":	42,
					"pmtu":	9000,
					"omitted":	false,
					"sender":	true
				}],
			"sum":	{
				"start":	9.000641,
				"end":	10.000214,
				"seconds":	0.999572992324829,
				"bytes":	1907097600,
				"bits_per_second":	15263298345.541969,
				"retransmits":	0,
				"omitted":	false,
				"sender":	true
			}
		}],
	"end":	{
		"streams":	[{
				"sender":	{
					"socket":	5,
					"start":	0,
					"end":	10.000214,
					"seconds":	10.000214,
					"bytes":	22695116800,
					"bits_per_second":	18155704907.91497,
					"retransmits":	0,
					"max_snd_cwnd":	1968560,
					"max_rtt":	461,
					"min_rtt":	209,
					"mean_rtt":	331,
					"sender":	true
				},
				"receiver":	{
					"socket":	5,
					"start":	0,
					"end":	10.040113,
					"seconds":	10.000214,
					"bytes":	22692364288,
					"bits_per_second":	18081361664.35577,
					"sender":	true
				}
			}],
		"sum_sent":	{
			"start":	0,
			"end":	10.000214,
			"seconds":	10.000214,
			"bytes":	22695116800,
			"bits_per_second":	18155704907.91497,
			"retransmits":	0,
			"sender":	true
		},
		"sum_received":	{
			"start":	0,
			"end":	10.040113,
			"seconds":	10.040113,
			"bytes":	22692364288,
			"bits_per_second":	18081361664.35577,
			"sender":	true
		},
		"cpu_utilization_percent":	{
			"host_total":	62.148620645674967,
			"host_user":	2.0755821783918247,
			"host_system":	60.073097973937273,
			"remote_total":	12.586861861432277,
			"remote_user":	0.75930880235154252,
			"remote_system":	11.827549580632152
		},
		"sender_tcp_congestion":	"bbr",
		"receiver_tcp_congestion":	"bbr"
	}
}
