{
	"start":	{
		"connected":	[{
				"socket":	5,
				"local_host":	"10.10.11.10",
				"local_port":	49502,
				"remote_host":	"10.10.11.11",
				"remote_port":	5201
			}],
		"version":	"iperf 3.9",
		"system_info":	"Linux probe-c 6.8.0-94-generic #96~22.04.1-Ubuntu SMP PREEMPT_DYNAMIC Fri Jan 16 13:19:05 UTC 2 x86_64",
		"timestamp":	{
			"time":	"Fri, 24 Jul 2026 02:12:04 GMT",
			"timesecs":	1784859124
		},
		"connecting_to":	{
			"host":	"10.10.11.11",
			"port":	5201
		},
		"cookie":	"k7fhz3ri4isbueasjvq3fbkr57e4jjfoua4e",
		"tcp_mss_default":	8948,
		"sock_bufsize":	0,
		"sndbuf_actual":	16384,
		"rcvbuf_actual":	131072,
		"test_start":	{
			"protocol":	"TCP",
			"num_streams":	1,
			"blksize":	131072,
			"omit":	0,
			"duration":	10,
			"bytes":	0,
			"blocks":	0,
			"reverse":	0,
			"tos":	0
		}
	},
	"intervals":	[{
			"streams":	[{
					"socket":	5,
					"start":	0,
					"end":	1.000038,
					"seconds":	1.0000380277633667,
					"bytes":	1926758400,
					"bits_per_second":	15413481059.7896,
					"retransmits":	0,
					"snd_cwnd":	1055864,
					"rtt":	250,
					"rttvar":	39,
					"pmtu":	9000,
					"omitted":	false,
					"sender":	true
				}],
			"sum":	{
				"start":	0,
				"end":	1.000038,
				"seconds":	1.0000380277633667,
				"bytes":	1926758400,
				"bits_per_second":	15413481059.7896,
				"retransmits":	0,
				"omitted":	false,
				"sender":	true
			}
		}, {
			"streams":	[{
					"socket":	5,
					"start":	1.000038,
					"end":	2.000043,
					"seconds":	1.0000050067901611,
					"bytes":	2431385600,
					"bits_per_second":	19450987412.9876,
					"retransmits":	0,
					"snd_cwnd":	1037968,
					"rtt":	234,
					"rttvar":	43,
					"pmtu":	9000,
					"omitted":	false,
					"sender":	true
				}],
			"sum":	{
				"start":	1.000038,
				"end":	2.000043,
				"seconds":	1.0000050067901611,
				"bytes":	2431385600,
				"bits_per_second":	19450987412.9876,
				"retransmits":	0,
				"omitted":	false,
				"sender":	true
			}
		}, {
			"streams":	[{
					"socket":	5,
					"start":	2.000043,
					"end":	3.000318,
					"seconds":	1.0002750158309937,
					"bytes":	2769551360,
					"bits_per_second":	22150319191.560757,
					"retransmits":	0,
					"snd_cwnd":	1270616,
					"rtt":	278,
					"rttvar":	89,
					"pmtu":	9000,
					"omitted":	false,
					"sender":	true
				}],
			"sum":	{
				"start":	2.000043,
				"end":	3.000318,
				"seconds":	1.0002750158309937,
				"bytes":	2769551360,
				"bits_per_second":	22150319191.560757,
				"retransmits":	0,
				"omitted":	false,
				"sender":	true
			}
		}, {
			"streams":	[{
					"socket":	5,
					"start":	3.000318,
					"end":	4.000252,
					"seconds":	0.99993401765823364,
					"bytes":	2230845440,
					"bits_per_second":	17847941168.954037,
					"retransmits":	0,
					"snd_cwnd":	751632,
					"rtt":	207,
					"rttvar":	38,
					"pmtu":	9000,
					"omitted":	false,
					"sender":	true
				}],
			"sum":	{
				"start":	3.000318,
				"end":	4.000252,
				"seconds":	0.99993401765823364,
				"bytes":	2230845440,
				"bits_per_second":	17847941168.954037,
				"retransmits":	0,
				"omitted":	false,
				"sender":	true
			}
		}, {
			"streams":	[{
					"socket":	5,
					"start":	4.000252,
					"end":	5.000298,
					"seconds":	1.0000460147857666,
					"bytes":	2347499520,
					"bits_per_second":	18779132042.262192,
					"retransmits":	0,
					"snd_cwnd":	1055864,
					"rtt":	205,
					"rttvar":	40,
					"pmtu":	9000,
					"omitted":	false,
					"sender":	true
				}],
			"sum":	{
				"start":	4.000252,
				"end":	5.000298,
				"seconds":	1.0000460147857666,
				"bytes":	2347499520,
				"bits_per_second":	18779132042.262192,
				"retransmits":	0,
				"omitted":	false,
				"sender":	true
			}
		}, {
			"streams":	[{
					"socket":	5,
					"start":	5.000298,
					"end":	6.000131,
					"seconds":	0.99983298778533936,
					"bytes":	2782658560,
					"bits_per_second":	22264987004.789059,
					"retransmits":	0,
					"snd_cwnd":	1127448,
					"rtt":	183,
					"rttvar":	16,
					"pmtu":	9000,
					"omitted":	false,
					"sender":	true
				}],
			"sum":	{
				"start":	5.000298,
				"end":	6.000131,
				"seconds":	0.99983298778533936,
				"bytes":	2782658560,
				"bits_per_second":	22264987004.789059,
				"retransmits":	0,
				"omitted":	false,
				"sender":	true
			}
		}, {
			"streams":	[{
					"socket":	5,
					"start":	6.000131,
					"end":	7.000139,
					"seconds":	1.0000079870224,
					"bytes":	2998927360,
					"bits_per_second":	23991227261.53046,
					"retransmits":	0,
					"snd_cwnd":	1646432,
					"rtt":	349,
					"rttvar":	71,
					"pmtu":	9000,
					"omitted":	false,
					"sender":	true
				}],
			"sum":	{
				"start":	6.000131,
				"end":	7.000139,
				"seconds":	1.0000079870224,
				"bytes":	2998927360,
				"bits_per_second":	23991227261.53046,
				"retransmits":	0,
				"omitted":	false,
				"sender":	true
			}
		}, {
			"streams":	[{
					"socket":	5,
					"start":	7.000139,
					"end":	8.00006,
					"seconds":	0.99992102384567261,
					"bytes":	2954362880,
					"bits_per_second":	23636769781.17804,
					"retransmits":	0,
					"snd_cwnd":	1073760,
					"rtt":	216,
					"rttvar":	24,
					"pmtu":	9000,
					"omitted":	false,
					"sender":	true
				}],
			"sum":	{
				"start":	7.000139,
				"end":	8.00006,
				"seconds":	0.99992102384567261,
				"bytes":	2954362880,
				"bits_per_second":	23636769781.17804,
				"retransmits":	0,
				"omitted":	false,
				"sender":	true
			}
		}, {
			"streams":	[{
					"socket":	5,
					"start":	8.00006,
					"end":	9.000033,
					"seconds":	0.99997299909591675,
					"bytes":	2483814400,
					"bits_per_second":	19871051736.361965,
					"retransmits":	0,
					"snd_cwnd":	948488,
					"rtt":	208,
					"rttvar":	45,
					"pmtu":	9000,
					"omitted":	false,
					"sender":	true
				}],
			"sum":	{
				"start":	8.00006,
				"end":	9.000033,
				"seconds":	0.99997299909591675,
				"bytes":	2483814400,
				"bits_per_second":	19871051736.361965,
				"retransmits":	0,
				"omitted":	false,
				"sender":	true
			}
		}, {
			"streams":	[{
					"socket":	5,
					"start":	9.000033,
					"end":	10.000063,
					"seconds":	1.0000300407409668,
					"bytes":	2679111680,
					"bits_per_second":	21432249599.34145,
					"retransmits":	0,
					"snd_cwnd":	1771704,
					"rtt":	302,
					"rttvar":	84,
					"pmtu":	9000,
					"omitted":	false,
					"sender":	true
				}],
			"sum":	{
				"start":	9.000033,
				"end":	10.000063,
				"seconds":	1.0000300407409668,
				"bytes":	2679111680,
				"bits_per_second":	21432249599.34145,
				"retransmits":	0,
				"omitted":	false,
				"sender":	true
			}
		}],
	"end":	{
		"streams":	[{
				"sender":	{
					"socket":	5,
					"start":	0,
					"end":	10.000063,
					"seconds":	10.000063,
					"bytes":	25604915200,
					"bits_per_second":	20483803112.040394,
					"retransmits":	0,
					"max_snd_cwnd":	1771704,
					"max_rtt":	349,
					"min_rtt":	183,
					"mean_rtt":	243,
					"sender":	true
				},
				"receiver":	{
					"socket":	5,
					"start":	0,
					"end":	10.040236,
					"seconds":	10.000063,
					"bytes":	25602686976,
					"bits_per_second":	20400067867.727413,
					"sender":	true
				}
			}],
		"sum_sent":	{
			"start":	0,
			"end":	10.000063,
			"seconds":	10.000063,
			"bytes":	25604915200,
			"bits_per_second":	20483803112.040394,
			"retransmits":	0,
			"sender":	true
		},
		"sum_received":	{
			"start":	0,
			"end":	10.040236,
			"seconds":	10.040236,
			"bytes":	25602686976,
			"bits_per_second":	20400067867.727413,
			"sender":	true
		},
		"cpu_utilization_percent":	{
			"host_total":	62.256044220535024,
			"host_user":	2.0441227528826147,
			"host_system":	60.212238813341337,
			"remote_total":	12.72053770279625,
			"remote_user":	0.7876150113918432,
			"remote_system":	11.932922691404407
		},
		"sender_tcp_congestion":	"bbr",
		"receiver_tcp_congestion":	"bbr"
	}
}
