{
	"start":	{
		"connected":	[{
				"socket":	5,
				"local_host":	"10.10.11.10",
				"local_port":	35196,
				"remote_host":	"10.10.11.11",
				"remote_port":	5201
			}],
		"version":	"iperf 3.9",
		"system_info":	"Linux probe-c 6.8.0-94-generic #96~22.04.1-Ubuntu SMP PREEMPT_DYNAMIC Fri Jan 16 13:19:05 UTC 2 x86_64",
		"timestamp":	{
			"time":	"Fri, 24 Jul 2026 02:10:14 GMT",
			"timesecs":	1784859014
		},
		"connecting_to":	{
			"host":	"10.10.11.11",
			"port":	5201
		},
		"cookie":	"mt3lhkgfwrle32667qhc7w4sftketnelsfpg",
		"tcp_mss_default":	8948,
		"sock_bufsize":	0,
		"sndbuf_actual":	16384,
		"rcvbuf_actual":	131072,
		"test_start":	{
			"protocol":	"TCP",
			"num_streams":	1,
			"blksize":	131072,
			"omit":	0,
			"duration":	10,
			"bytes":	0,
			"blocks":	0,
			"reverse":	0,
			"tos":	0
		}
	},
	"intervals":	[{
			"streams":	[{
					"socket":	5,
					"start":	0,
					"end":	1.000204,
					"seconds":	1.0002039670944214,
					"bytes":	2162688000,
					"bits_per_second":	17297975782.140347,
					"retransmits":	0,
					"snd_cwnd":	1216928,
					"rtt":	253,
					"rttvar":	31,
					"pmtu":	9000,
					"omitted":	false,
					"sender":	true
				}],
			"sum":	{
				"start":	0,
				"end":	1.000204,
				"seconds":	1.0002039670944214,
				"bytes":	2162688000,
				"bits_per_second":	17297975782.140347,
				"retransmits":	0,
				"omitted":	false,
				"sender":	true
			}
		}, {
			"streams":	[{
					"socket":	5,
					"start":	1.000204,
					"end":	2.000133,
					"seconds":	0.99992901086807251,
					"bytes":	3178496000,
					"bits_per_second":	25429773237.527245,
					"retransmits":	0,
					"snd_cwnd":	1234824,
					"rtt":	205,
					"rttvar":	35,
					"pmtu":	9000,
					"omitted":	false,
					"sender":	true
				}],
			"sum":	{
				"start":	1.000204,
				"end":	2.000133,
				"seconds":	0.99992901086807251,
				"bytes":	3178496000,
				"bits_per_second":	25429773237.527245,
				"retransmits":	0,
				"omitted":	false,
				"sender":	true
			}
		}, {
			"streams":	[{
					"socket":	5,
					"start":	2.000133,
					"end":	3.000162,
					"seconds":	1.0000289678573608,
					"bytes":	3261071360,
					"bits_per_second":	26087815171.891243,
					"retransmits":	0,
					"snd_cwnd":	1270616,
					"rtt":	194,
					"rttvar":	16,
					"pmtu":	9000,
					"omitted":	false,
					"sender":	true
				}],
			"sum":	{
				"start":	2.000133,
				"end":	3.000162,
				"seconds":	1.0000289678573608,
				"bytes":	3261071360,
				"bits_per_second":	26087815171.891243,
				"retransmits":	0,
				"omitted":	false,
				"sender":	true
			}
		}, {
			"streams":	[{
					"socket":	5,
					"start":	3.000162,
					"end":	4.000084,
					"seconds":	0.999921977519989,
					"bytes":	3057909760,
					"bits_per_second":	24465186914.557007,
					"retransmits":	0,
					"snd_cwnd":	1109552,
					"rtt":	178,
					"rttvar":	40,
					"pmtu":	9000,
					"omitted":	false,
					"sender":	true
				}],
			"sum":	{
				"start":	3.000162,
				"end":	4.000084,
				"seconds":	0.999921977519989,
				"bytes":	3057909760,
				"bits_per_second":	24465186914.557007,
				"retransmits":	0,
				"omitted":	false,
				"sender":	true
			}
		}, {
			"streams":	[{
					"socket":	5,
					"start":	4.000084,
					"end":	5.000158,
					"seconds":	1.000074028968811,
					"bytes":	3129999360,
					"bits_per_second":	25038141332.216232,
					"retransmits":	0,
					"snd_cwnd":	1127448,
					"rtt":	214,
					"rttvar":	29,
					"pmtu":	9000,
					"omitted":	false,
					"sender":	true
				}],
			"sum":	{
				"start":	4.000084,
				"end":	5.000158,
				"seconds":	1.000074028968811,
				"bytes":	3129999360,
				"bits_per_second":	25038141332.216232,
				"retransmits":	0,
				"omitted":	false,
				"sender":	true
			}
		}, {
			"streams":	[{
					"socket":	5,
					"start":	5.000158,
					"end":	6.000031,
					"seconds":	0.99987298250198364,
					"bytes":	3144417280,
					"bits_per_second":	25158533814.018818,
					"retransmits":	0,
					"snd_cwnd":	1145344,
					"rtt":	191,
					"rttvar":	43,
					"pmtu":	9000,
					"omitted":	false,
					"sender":	true
				}],
			"sum":	{
				"start":	5.000158,
				"end":	6.000031,
				"seconds":	0.99987298250198364,
				"bytes":	3144417280,
				"bits_per_second":	25158533814.018818,
				"retransmits":	0,
				"omitted":	false,
				"sender":	true
			}
		}, {
			"streams":	[{
					"socket":	5,
					"start":	6.000031,
					"end":	7.00018,
					"seconds":	1.0001490116119385,
					"bytes":	3057909760,
					"bits_per_second":	24459633310.612961,
					"retransmits":	0,
					"snd_cwnd":	1252720,
					"rtt":	252,
					"rttvar":	39,
					"pmtu":	9000,
					"omitted":	false,
					"sender":	true
				}],
			"sum":	{
				"start":	6.000031,
				"end":	7.00018,
				"seconds":	1.0001490116119385,
				"bytes":	3057909760,
				"bits_per_second":	24459633310.612961,
				"retransmits":	0,
				"omitted":	false,
				"sender":	true
			}
		}, {
			"streams":	[{
					"socket":	5,
					"start":	7.00018,
					"end":	8.000282,
					"seconds":	1.0001020431518555,
					"bytes":	2946498560,
					"bits_per_second":	23569583365.425472,
					"retransmits":	0,
					"snd_cwnd":	1091656,
					"rtt":	237,
					"rttvar":	34,
					"pmtu":	9000,
					"omitted":	false,
					"sender":	true
				}],
			"sum":	{
				"start":	7.00018,
				"end":	8.000282,
				"seconds":	1.0001020431518555,
				"bytes":	2946498560,
				"bits_per_second":	23569583365.425472,
				"retransmits":	0,
				"omitted":	false,
				"sender":	true
			}
		}, {
			"streams":	[{
					"socket":	5,
					"start":	8.000282,
					"end":	9.000019,
					"seconds":	0.999737024307251,
					"bytes":	2977955840,
					"bits_per_second":	23829913407.986614,
					"retransmits":	0,
					"snd_cwnd":	1234824,
					"rtt":	260,
					"rttvar":	52,
					"pmtu":	9000,
					"omitted":	false,
					"sender":	true
				}],
			"sum":	{
				"start":	8.000282,
				"end":	9.000019,
				"seconds":	0.999737024307251,
				"bytes":	2977955840,
				"bits_per_second":	23829913407.986614,
				"retransmits":	0,
				"omitted":	false,
				"sender":	true
			}
		}, {
			"streams":	[{
					"socket":	5,
					"start":	9.000019,
					"end":	10.000126,
					"seconds":	1.0001070499420166,
					"bytes":	2993684480,
					"bits_per_second":	23946912324.4242,
					"retransmits":	0,
					"snd_cwnd":	1145344,
					"rtt":	233,
					"rttvar":	28,
					"pmtu":	9000,
					"omitted":	false,
					"sender":	true
				}],
			"sum":	{
				"start":	9.000019,
				"end":	10.000126,
				"seconds":	1.0001070499420166,
				"bytes":	2993684480,
				"bits_per_second":	23946912324.4242,
				"retransmits":	0,
				"omitted":	false,
				"sender":	true
			}
		}],
	"end":	{
		"streams":	[{
				"sender":	{
					"socket":	5,
					"start":	0,
					"end":	10.000126,
					"seconds":	10.000126,
					"bytes":	29910630400,
					"bits_per_second":	23928202824.644409,
					"retransmits":	0,
					"max_snd_cwnd":	1270616,
					"max_rtt":	260,
					"min_rtt":	178,
					"mean_rtt":	221,
					"sender":	true
				},
				"receiver":	{
					"socket":	5,
					"start":	0,
					"end":	10.039542,
					"seconds":	10.000126,
					"bytes":	29907615744,
					"bits_per_second":	23831856667.565113,
					"sender":	true
				}
			}],
		"sum_sent":	{
			"start":	0,
			"end":	10.000126,
			"seconds":	10.000126,
			"bytes":	29910630400,
			"bits_per_second":	23928202824.644409,
			"retransmits":	0,
			"sender":	true
		},
		"sum_received":	{
			"start":	0,
			"end":	10.039542,
			"seconds":	10.039542,
			"bytes":	29907615744,
			"bits_per_second":	23831856667.565113,
			"sender":	true
		},
		"cpu_utilization_percent":	{
			"host_total":	64.476078073551,
			"host_user":	1.8117487205934861,
			"host_system":	62.664349188717416,
			"remote_total":	13.542569435308671,
			"remote_user":	0.895266662290186,
			"remote_system":	12.647301034940359
		},
		"sender_tcp_congestion":	"bbr",
		"receiver_tcp_congestion":	"bbr"
	}
}
