{
	"start":	{
		"connected":	[{
				"socket":	5,
				"local_host":	"10.10.11.10",
				"local_port":	44361,
				"remote_host":	"10.10.11.11",
				"remote_port":	5201
			}],
		"version":	"iperf 3.9",
		"system_info":	"Linux probe-c 6.8.0-94-generic #96~22.04.1-Ubuntu SMP PREEMPT_DYNAMIC Fri Jan 16 13:19:05 UTC 2 x86_64",
		"timestamp":	{
			"time":	"Fri, 24 Jul 2026 02:12:56 GMT",
			"timesecs":	1784859176
		},
		"connecting_to":	{
			"host":	"10.10.11.11",
			"port":	5201
		},
		"cookie":	"sn65nteppbcoy227emdtvbng4eilwyxjmlqk",
		"sock_bufsize":	0,
		"sndbuf_actual":	212992,
		"rcvbuf_actual":	212992,
		"test_start":	{
			"protocol":	"UDP",
			"num_streams":	1,
			"blksize":	1400,
			"omit":	0,
			"duration":	10,
			"bytes":	0,
			"blocks":	0,
			"reverse":	0,
			"tos":	0
		}
	},
	"intervals":	[{
			"streams":	[{
					"socket":	5,
					"start":	0,
					"end":	1.000014,
					"seconds":	1.0000139474868774,
					"bytes":	312202800,
					"bits_per_second":	2497587564.930213,
					"packets":	223002,
					"omitted":	false,
					"sender":	true
				}],
			"sum":	{
				"start":	0,
				"end":	1.000014,
				"seconds":	1.0000139474868774,
				"bytes":	312202800,
				"bits_per_second":	2497587564.930213,
				"packets":	223002,
				"omitted":	false,
				"sender":	true
			}
		}, {
			"streams":	[{
					"socket":	5,
					"start":	1.000014,
					"end":	2.000011,
					"seconds":	0.99999701976776123,
					"bytes":	334882800,
					"bits_per_second":	2679070384.2519293,
					"packets":	239202,
					"omitted":	false,
					"sender":	true
				}],
			"sum":	{
				"start":	1.000014,
				"end":	2.000011,
				"seconds":	0.99999701976776123,
				"bytes":	334882800,
				"bits_per_second":	2679070384.2519293,
				"packets":	239202,
				"omitted":	false,
				"sender":	true
			}
		}, {
			"streams":	[{
					"socket":	5,
					"start":	2.000011,
					"end":	3.000011,
					"seconds":	1,
					"bytes":	343602000,
					"bits_per_second":	2748816000,
					"packets":	245430,
					"omitted":	false,
					"sender":	true
				}],
			"sum":	{
				"start":	2.000011,
				"end":	3.000011,
				"seconds":	1,
				"bytes":	343602000,
				"bits_per_second":	2748816000,
				"packets":	245430,
				"omitted":	false,
				"sender":	true
			}
		}, {
			"streams":	[{
					"socket":	5,
					"start":	3.000011,
					"end":	4.000012,
					"seconds":	1.0000009536743164,
					"bytes":	343022400,
					"bits_per_second":	2744176582.9492731,
					"packets":	245016,
					"omitted":	false,
					"sender":	true
				}],
			"sum":	{
				"start":	3.000011,
				"end":	4.000012,
				"seconds":	1.0000009536743164,
				"bytes":	343022400,
				"bits_per_second":	2744176582.9492731,
				"packets":	245016,
				"omitted":	false,
				"sender":	true
			}
		}, {
			"streams":	[{
					"socket":	5,
					"start":	4.000012,
					"end":	5.000012,
					"seconds":	1,
					"bytes":	329855400,
					"bits_per_second":	2638843200,
					"packets":	235611,
					"omitted":	false,
					"sender":	true
				}],
			"sum":	{
				"start":	4.000012,
				"end":	5.000012,
				"seconds":	1,
				"bytes":	329855400,
				"bits_per_second":	2638843200,
				"packets":	235611,
				"omitted":	false,
				"sender":	true
			}
		}, {
			"streams":	[{
					"socket":	5,
					"start":	5.000012,
					"end":	6.000014,
					"seconds":	1.0000020265579224,
					"bytes":	330646400,
					"bits_per_second":	2645165839.4182119,
					"packets":	236176,
					"omitted":	false,
					"sender":	true
				}],
			"sum":	{
				"start":	5.000012,
				"end":	6.000014,
				"seconds":	1.0000020265579224,
				"bytes":	330646400,
				"bits_per_second":	2645165839.4182119,
				"packets":	236176,
				"omitted":	false,
				"sender":	true
			}
		}, {
			"streams":	[{
					"socket":	5,
					"start":	6.000014,
					"end":	7.000012,
					"seconds":	0.99999797344207764,
					"bytes":	322781200,
					"bits_per_second":	2582254833.08899,
					"packets":	230558,
					"omitted":	false,
					"sender":	true
				}],
			"sum":	{
				"start":	6.000014,
				"end":	7.000012,
				"seconds":	0.99999797344207764,
				"bytes":	322781200,
				"bits_per_second":	2582254833.08899,
				"packets":	230558,
				"omitted":	false,
				"sender":	true
			}
		}, {
			"streams":	[{
					"socket":	5,
					"start":	7.000012,
					"end":	8.000012,
					"seconds":	1,
					"bytes":	311452400,
					"bits_per_second":	2491619200,
					"packets":	222466,
					"omitted":	false,
					"sender":	true
				}],
			"sum":	{
				"start":	7.000012,
				"end":	8.000012,
				"seconds":	1,
				"bytes":	311452400,
				"bits_per_second":	2491619200,
				"packets":	222466,
				"omitted":	false,
				"sender":	true
			}
		}, {
			"streams":	[{
					"socket":	5,
					"start":	8.000012,
					"end":	9.000015,
					"seconds":	1.0000029802322388,
					"bytes":	300652800,
					"bits_per_second":	2405215231.9000249,
					"packets":	214752,
					"omitted":	false,
					"sender":	true
				}],
			"sum":	{
				"start":	8.000012,
				"end":	9.000015,
				"seconds":	1.0000029802322388,
				"bytes":	300652800,
				"bits_per_second":	2405215231.9000249,
				"packets":	214752,
				"omitted":	false,
				"sender":	true
			}
		}, {
			"streams":	[{
					"socket":	5,
					"start":	9.000015,
					"end":	10.000024,
					"seconds":	1.0000089406967163,
					"bytes":	307862800,
					"bits_per_second":	2462880380.1334724,
					"packets":	219902,
					"omitted":	false,
					"sender":	true
				}],
			"sum":	{
				"start":	9.000015,
				"end":	10.000024,
				"seconds":	1.0000089406967163,
				"bytes":	307862800,
				"bits_per_second":	2462880380.1334724,
				"packets":	219902,
				"omitted":	false,
				"sender":	true
			}
		}],
	"end":	{
		"streams":	[{
				"udp":	{
					"socket":	5,
					"start":	0,
					"end":	10.000024,
					"seconds":	10.000024,
					"bytes":	3236961000,
					"bits_per_second":	2589562585.0497961,
					"jitter_ms":	0.00066687352158437921,
					"lost_packets":	304441,
					"packets":	2312115,
					"lost_percent":	13.167208378475983,
					"out_of_order":	0,
					"sender":	true
				}
			}],
		"sum":	{
			"start":	0,
			"end":	10.040783,
			"seconds":	10.040783,
			"bytes":	3236961000,
			"bits_per_second":	2589562585.0497961,
			"jitter_ms":	0.00066687352158437921,
			"lost_packets":	304441,
			"packets":	2312115,
			"lost_percent":	13.167208378475983,
			"sender":	true
		},
		"cpu_utilization_percent":	{
			"host_total":	99.5486828507914,
			"host_user":	23.8389441580946,
			"host_system":	75.7097386926968,
			"remote_total":	93.2862387243612,
			"remote_user":	26.749860782605488,
			"remote_system":	66.5363682401951
		}
	}
}
