{
	"start":	{
		"connected":	[{
				"socket":	5,
				"local_host":	"10.10.11.10",
				"local_port":	52451,
				"remote_host":	"10.10.11.11",
				"remote_port":	5201
			}],
		"version":	"iperf 3.9",
		"system_info":	"Linux probe-c 6.8.0-94-generic #96~22.04.1-Ubuntu SMP PREEMPT_DYNAMIC Fri Jan 16 13:19:05 UTC 2 x86_64",
		"timestamp":	{
			"time":	"Fri, 24 Jul 2026 02:14:45 GMT",
			"timesecs":	1784859285
		},
		"connecting_to":	{
			"host":	"10.10.11.11",
			"port":	5201
		},
		"cookie":	"3yzt3ktz2dgxn2k67vmps45sygxi42ff5bq2",
		"sock_bufsize":	0,
		"sndbuf_actual":	212992,
		"rcvbuf_actual":	212992,
		"test_start":	{
			"protocol":	"UDP",
			"num_streams":	1,
			"blksize":	1400,
			"omit":	0,
			"duration":	10,
			"bytes":	0,
			"blocks":	0,
			"reverse":	0,
			"tos":	0
		}
	},
	"intervals":	[{
			"streams":	[{
					"socket":	5,
					"start":	0,
					"end":	1.000015,
					"seconds":	1.0000150203704834,
					"bytes":	322630000,
					"bits_per_second":	2581001232.4052711,
					"packets":	230450,
					"omitted":	false,
					"sender":	true
				}],
			"sum":	{
				"start":	0,
				"end":	1.000015,
				"seconds":	1.0000150203704834,
				"bytes":	322630000,
				"bits_per_second":	2581001232.4052711,
				"packets":	230450,
				"omitted":	false,
				"sender":	true
			}
		}, {
			"streams":	[{
					"socket":	5,
					"start":	1.000015,
					"end":	2.000021,
					"seconds":	1.0000059604644775,
					"bytes":	348178600,
					"bits_per_second":	2785412197.64954,
					"packets":	248699,
					"omitted":	false,
					"sender":	true
				}],
			"sum":	{
				"start":	1.000015,
				"end":	2.000021,
				"seconds":	1.0000059604644775,
				"bytes":	348178600,
				"bits_per_second":	2785412197.64954,
				"packets":	248699,
				"omitted":	false,
				"sender":	true
			}
		}, {
			"streams":	[{
					"socket":	5,
					"start":	2.000021,
					"end":	3.000016,
					"seconds":	0.999994993209839,
					"bytes":	337958600,
					"bits_per_second":	2703682336.7701225,
					"packets":	241399,
					"omitted":	false,
					"sender":	true
				}],
			"sum":	{
				"start":	2.000021,
				"end":	3.000016,
				"seconds":	0.999994993209839,
				"bytes":	337958600,
				"bits_per_second":	2703682336.7701225,
				"packets":	241399,
				"omitted":	false,
				"sender":	true
			}
		}, {
			"streams":	[{
					"socket":	5,
					"start":	3.000016,
					"end":	4.000015,
					"seconds":	0.99999898672103882,
					"bytes":	352872800,
					"bits_per_second":	2822985260.4715724,
					"packets":	252052,
					"omitted":	false,
					"sender":	true
				}],
			"sum":	{
				"start":	3.000016,
				"end":	4.000015,
				"seconds":	0.99999898672103882,
				"bytes":	352872800,
				"bits_per_second":	2822985260.4715724,
				"packets":	252052,
				"omitted":	false,
				"sender":	true
			}
		}, {
			"streams":	[{
					"socket":	5,
					"start":	4.000015,
					"end":	5.000014,
					"seconds":	0.99999898672103882,
					"bytes":	349871200,
					"bits_per_second":	2798972436.1398826,
					"packets":	249908,
					"omitted":	false,
					"sender":	true
				}],
			"sum":	{
				"start":	4.000015,
				"end":	5.000014,
				"seconds":	0.99999898672103882,
				"bytes":	349871200,
				"bits_per_second":	2798972436.1398826,
				"packets":	249908,
				"omitted":	false,
				"sender":	true
			}
		}, {
			"streams":	[{
					"socket":	5,
					"start":	5.000014,
					"end":	6.000018,
					"seconds":	1.0000040531158447,
					"bytes":	350386400,
					"bits_per_second":	2803079838.7926912,
					"packets":	250276,
					"omitted":	false,
					"sender":	true
				}],
			"sum":	{
				"start":	5.000014,
				"end":	6.000018,
				"seconds":	1.0000040531158447,
				"bytes":	350386400,
				"bits_per_second":	2803079838.7926912,
				"packets":	250276,
				"omitted":	false,
				"sender":	true
			}
		}, {
			"streams":	[{
					"socket":	5,
					"start":	6.000018,
					"end":	7.000014,
					"seconds":	0.9999960064888,
					"bytes":	347100600,
					"bits_per_second":	2776815889.2453537,
					"packets":	247929,
					"omitted":	false,
					"sender":	true
				}],
			"sum":	{
				"start":	6.000018,
				"end":	7.000014,
				"seconds":	0.9999960064888,
				"bytes":	347100600,
				"bits_per_second":	2776815889.2453537,
				"packets":	247929,
				"omitted":	false,
				"sender":	true
			}
		}, {
			"streams":	[{
					"socket":	5,
					"start":	7.000014,
					"end":	8.000016,
					"seconds":	1.0000020265579224,
					"bytes":	346907400,
					"bits_per_second":	2775253575.78788,
					"packets":	247791,
					"omitted":	false,
					"sender":	true
				}],
			"sum":	{
				"start":	7.000014,
				"end":	8.000016,
				"seconds":	1.0000020265579224,
				"bytes":	346907400,
				"bits_per_second":	2775253575.78788,
				"packets":	247791,
				"omitted":	false,
				"sender":	true
			}
		}, {
			"streams":	[{
					"socket":	5,
					"start":	8.000016,
					"end":	9.000017,
					"seconds":	1.0000009536743164,
					"bytes":	350554400,
					"bits_per_second":	2804432525.4847283,
					"packets":	250396,
					"omitted":	false,
					"sender":	true
				}],
			"sum":	{
				"start":	8.000016,
				"end":	9.000017,
				"seconds":	1.0000009536743164,
				"bytes":	350554400,
				"bits_per_second":	2804432525.4847283,
				"packets":	250396,
				"omitted":	false,
				"sender":	true
			}
		}, {
			"streams":	[{
					"socket":	5,
					"start":	9.000017,
					"end":	10.00002,
					"seconds":	1.0000029802322388,
					"bytes":	344096200,
					"bits_per_second":	2752761396.1317415,
					"packets":	245783,
					"omitted":	false,
					"sender":	true
				}],
			"sum":	{
				"start":	9.000017,
				"end":	10.00002,
				"seconds":	1.0000029802322388,
				"bytes":	344096200,
				"bits_per_second":	2752761396.1317415,
				"packets":	245783,
				"omitted":	false,
				"sender":	true
			}
		}],
	"end":	{
		"streams":	[{
				"udp":	{
					"socket":	5,
					"start":	0,
					"end":	10.00002,
					"seconds":	10.00002,
					"bytes":	3450556200,
					"bits_per_second":	2760439439.1211219,
					"jitter_ms":	0.00097967672410607639,
					"lost_packets":	367059,
					"packets":	2464683,
					"lost_percent":	14.892746856289429,
					"out_of_order":	0,
					"sender":	true
				}
			}],
		"sum":	{
			"start":	0,
			"end":	10.040427,
			"seconds":	10.040427,
			"bytes":	3450556200,
			"bits_per_second":	2760439439.1211219,
			"jitter_ms":	0.00097967672410607639,
			"lost_packets":	367059,
			"packets":	2464683,
			"lost_percent":	14.892746856289429,
			"sender":	true
		},
		"cpu_utilization_percent":	{
			"host_total":	99.585409805431539,
			"host_user":	23.88234521628835,
			"host_system":	75.7030645891432,
			"remote_total":	92.9975719418257,
			"remote_user":	27.807790208622961,
			"remote_system":	65.189752586011664
		}
	}
}
