{
	"start":	{
		"connected":	[{
				"socket":	5,
				"local_host":	"10.10.11.10",
				"local_port":	60655,
				"remote_host":	"10.10.11.11",
				"remote_port":	5201
			}],
		"version":	"iperf 3.9",
		"system_info":	"Linux probe-c 6.8.0-94-generic #96~22.04.1-Ubuntu SMP PREEMPT_DYNAMIC Fri Jan 16 13:19:05 UTC 2 x86_64",
		"timestamp":	{
			"time":	"Fri, 24 Jul 2026 02:11:06 GMT",
			"timesecs":	1784859066
		},
		"connecting_to":	{
			"host":	"10.10.11.11",
			"port":	5201
		},
		"cookie":	"z4pf7ttf47secsb4soelt3ts42lagv3gzxsg",
		"sock_bufsize":	0,
		"sndbuf_actual":	212992,
		"rcvbuf_actual":	212992,
		"test_start":	{
			"protocol":	"UDP",
			"num_streams":	1,
			"blksize":	1400,
			"omit":	0,
			"duration":	10,
			"bytes":	0,
			"blocks":	0,
			"reverse":	0,
			"tos":	0
		}
	},
	"intervals":	[{
			"streams":	[{
					"socket":	5,
					"start":	0,
					"end":	1.000019,
					"seconds":	1.0000189542770386,
					"bytes":	307323800,
					"bits_per_second":	2458543800.0797019,
					"packets":	219517,
					"omitted":	false,
					"sender":	true
				}],
			"sum":	{
				"start":	0,
				"end":	1.000019,
				"seconds":	1.0000189542770386,
				"bytes":	307323800,
				"bits_per_second":	2458543800.0797019,
				"packets":	219517,
				"omitted":	false,
				"sender":	true
			}
		}, {
			"streams":	[{
					"socket":	5,
					"start":	1.000019,
					"end":	2.000015,
					"seconds":	0.9999960064888,
					"bytes":	332637200,
					"bits_per_second":	2661108227.16551,
					"packets":	237598,
					"omitted":	false,
					"sender":	true
				}],
			"sum":	{
				"start":	1.000019,
				"end":	2.000015,
				"seconds":	0.9999960064888,
				"bytes":	332637200,
				"bits_per_second":	2661108227.16551,
				"packets":	237598,
				"omitted":	false,
				"sender":	true
			}
		}, {
			"streams":	[{
					"socket":	5,
					"start":	2.000015,
					"end":	3.000015,
					"seconds":	1,
					"bytes":	336620200,
					"bits_per_second":	2692961600,
					"packets":	240443,
					"omitted":	false,
					"sender":	true
				}],
			"sum":	{
				"start":	2.000015,
				"end":	3.000015,
				"seconds":	1,
				"bytes":	336620200,
				"bits_per_second":	2692961600,
				"packets":	240443,
				"omitted":	false,
				"sender":	true
			}
		}, {
			"streams":	[{
					"socket":	5,
					"start":	3.000015,
					"end":	4.000019,
					"seconds":	1.0000040531158447,
					"bytes":	332950800,
					"bits_per_second":	2663595604.138453,
					"packets":	237822,
					"omitted":	false,
					"sender":	true
				}],
			"sum":	{
				"start":	3.000015,
				"end":	4.000019,
				"seconds":	1.0000040531158447,
				"bytes":	332950800,
				"bits_per_second":	2663595604.138453,
				"packets":	237822,
				"omitted":	false,
				"sender":	true
			}
		}, {
			"streams":	[{
					"socket":	5,
					"start":	4.000019,
					"end":	5.000017,
					"seconds":	0.99999797344207764,
					"bytes":	339690400,
					"bits_per_second":	2717528707.229331,
					"packets":	242636,
					"omitted":	false,
					"sender":	true
				}],
			"sum":	{
				"start":	4.000019,
				"end":	5.000017,
				"seconds":	0.99999797344207764,
				"bytes":	339690400,
				"bits_per_second":	2717528707.229331,
				"packets":	242636,
				"omitted":	false,
				"sender":	true
			}
		}, {
			"streams":	[{
					"socket":	5,
					"start":	5.000017,
					"end":	6.000019,
					"seconds":	1.0000020265579224,
					"bytes":	337881600,
					"bits_per_second":	2703047322.1180348,
					"packets":	241344,
					"omitted":	false,
					"sender":	true
				}],
			"sum":	{
				"start":	5.000017,
				"end":	6.000019,
				"seconds":	1.0000020265579224,
				"bytes":	337881600,
				"bits_per_second":	2703047322.1180348,
				"packets":	241344,
				"omitted":	false,
				"sender":	true
			}
		}, {
			"streams":	[{
					"socket":	5,
					"start":	6.000019,
					"end":	7.000017,
					"seconds":	0.99999797344207764,
					"bytes":	342907600,
					"bits_per_second":	2743266359.3881736,
					"packets":	244934,
					"omitted":	false,
					"sender":	true
				}],
			"sum":	{
				"start":	6.000019,
				"end":	7.000017,
				"seconds":	0.99999797344207764,
				"bytes":	342907600,
				"bits_per_second":	2743266359.3881736,
				"packets":	244934,
				"omitted":	false,
				"sender":	true
			}
		}, {
			"streams":	[{
					"socket":	5,
					"start":	7.000017,
					"end":	8.000018,
					"seconds":	1.0000009536743164,
					"bytes":	344317400,
					"bits_per_second":	2754536573.0692167,
					"packets":	245941,
					"omitted":	false,
					"sender":	true
				}],
			"sum":	{
				"start":	7.000017,
				"end":	8.000018,
				"seconds":	1.0000009536743164,
				"bytes":	344317400,
				"bits_per_second":	2754536573.0692167,
				"packets":	245941,
				"omitted":	false,
				"sender":	true
			}
		}, {
			"streams":	[{
					"socket":	5,
					"start":	8.000018,
					"end":	9.000017,
					"seconds":	0.99999898672103882,
					"bytes":	338311400,
					"bits_per_second":	2706493942.43337,
					"packets":	241651,
					"omitted":	false,
					"sender":	true
				}],
			"sum":	{
				"start":	8.000018,
				"end":	9.000017,
				"seconds":	0.99999898672103882,
				"bytes":	338311400,
				"bits_per_second":	2706493942.43337,
				"packets":	241651,
				"omitted":	false,
				"sender":	true
			}
		}, {
			"streams":	[{
					"socket":	5,
					"start":	9.000017,
					"end":	10.000024,
					"seconds":	1.0000070333480835,
					"bytes":	344870400,
					"bits_per_second":	2758943795.3879442,
					"packets":	246336,
					"omitted":	false,
					"sender":	true
				}],
			"sum":	{
				"start":	9.000017,
				"end":	10.000024,
				"seconds":	1.0000070333480835,
				"bytes":	344870400,
				"bits_per_second":	2758943795.3879442,
				"packets":	246336,
				"omitted":	false,
				"sender":	true
			}
		}],
	"end":	{
		"streams":	[{
				"udp":	{
					"socket":	5,
					"start":	0,
					"end":	10.000024,
					"seconds":	10.000024,
					"bytes":	3357510800,
					"bits_per_second":	2686002193.5947356,
					"jitter_ms":	0.0033301323275166535,
					"lost_packets":	441408,
					"packets":	2398222,
					"lost_percent":	18.405635508305735,
					"out_of_order":	0,
					"sender":	true
				}
			}],
		"sum":	{
			"start":	0,
			"end":	10.040743,
			"seconds":	10.040743,
			"bytes":	3357510800,
			"bits_per_second":	2686002193.5947356,
			"jitter_ms":	0.0033301323275166535,
			"lost_packets":	441408,
			"packets":	2398222,
			"lost_percent":	18.405635508305735,
			"sender":	true
		},
		"cpu_utilization_percent":	{
			"host_total":	99.552604743040277,
			"host_user":	23.51214102837837,
			"host_system":	76.0404637146619,
			"remote_total":	91.511956627057273,
			"remote_user":	25.929603809933649,
			"remote_system":	65.582352817123635
		}
	}
}
