{
	"start":	{
		"connected":	[{
				"socket":	5,
				"local_host":	"10.10.11.10",
				"local_port":	48476,
				"remote_host":	"10.10.11.11",
				"remote_port":	5201
			}],
		"version":	"iperf 3.9",
		"system_info":	"Linux probe-c 6.8.0-94-generic #96~22.04.1-Ubuntu SMP PREEMPT_DYNAMIC Fri Jan 16 13:19:05 UTC 2 x86_64",
		"timestamp":	{
			"time":	"Fri, 24 Jul 2026 02:10:56 GMT",
			"timesecs":	1784859056
		},
		"connecting_to":	{
			"host":	"10.10.11.11",
			"port":	5201
		},
		"cookie":	"dsuljcbemnfvmxg6i52yjgenknuyxndwdid3",
		"sock_bufsize":	0,
		"sndbuf_actual":	212992,
		"rcvbuf_actual":	212992,
		"test_start":	{
			"protocol":	"UDP",
			"num_streams":	1,
			"blksize":	64,
			"omit":	0,
			"duration":	10,
			"bytes":	0,
			"blocks":	0,
			"reverse":	0,
			"tos":	0
		}
	},
	"intervals":	[{
			"streams":	[{
					"socket":	5,
					"start":	0,
					"end":	1.000035,
					"seconds":	1.0000350475311279,
					"bytes":	22900480,
					"bits_per_second":	183197419.38274163,
					"packets":	357820,
					"omitted":	false,
					"sender":	true
				}],
			"sum":	{
				"start":	0,
				"end":	1.000035,
				"seconds":	1.0000350475311279,
				"bytes":	22900480,
				"bits_per_second":	183197419.38274163,
				"packets":	357820,
				"omitted":	false,
				"sender":	true
			}
		}, {
			"streams":	[{
					"socket":	5,
					"start":	1.000035,
					"end":	2.000028,
					"seconds":	0.99999302625656128,
					"bytes":	24698240,
					"bits_per_second":	197587297.92312247,
					"packets":	385910,
					"omitted":	false,
					"sender":	true
				}],
			"sum":	{
				"start":	1.000035,
				"end":	2.000028,
				"seconds":	0.99999302625656128,
				"bytes":	24698240,
				"bits_per_second":	197587297.92312247,
				"packets":	385910,
				"omitted":	false,
				"sender":	true
			}
		}, {
			"streams":	[{
					"socket":	5,
					"start":	2.000028,
					"end":	3.000031,
					"seconds":	1.0000029802322388,
					"bytes":	24947840,
					"bits_per_second":	199582125.1989162,
					"packets":	389810,
					"omitted":	false,
					"sender":	true
				}],
			"sum":	{
				"start":	2.000028,
				"end":	3.000031,
				"seconds":	1.0000029802322388,
				"bytes":	24947840,
				"bits_per_second":	199582125.1989162,
				"packets":	389810,
				"omitted":	false,
				"sender":	true
			}
		}, {
			"streams":	[{
					"socket":	5,
					"start":	3.000031,
					"end":	4.000034,
					"seconds":	1.0000029802322388,
					"bytes":	24776960,
					"bits_per_second":	198215089.27300075,
					"packets":	387140,
					"omitted":	false,
					"sender":	true
				}],
			"sum":	{
				"start":	3.000031,
				"end":	4.000034,
				"seconds":	1.0000029802322388,
				"bytes":	24776960,
				"bits_per_second":	198215089.27300075,
				"packets":	387140,
				"omitted":	false,
				"sender":	true
			}
		}, {
			"streams":	[{
					"socket":	5,
					"start":	4.000034,
					"end":	5.000028,
					"seconds":	0.99999397993087769,
					"bytes":	24350080,
					"bits_per_second":	194801812.72037774,
					"packets":	380470,
					"omitted":	false,
					"sender":	true
				}],
			"sum":	{
				"start":	4.000034,
				"end":	5.000028,
				"seconds":	0.99999397993087769,
				"bytes":	24350080,
				"bits_per_second":	194801812.72037774,
				"packets":	380470,
				"omitted":	false,
				"sender":	true
			}
		}, {
			"streams":	[{
					"socket":	5,
					"start":	5.000028,
					"end":	6.000027,
					"seconds":	0.99999898672103882,
					"bytes":	24140160,
					"bits_per_second":	193121475.68592826,
					"packets":	377190,
					"omitted":	false,
					"sender":	true
				}],
			"sum":	{
				"start":	5.000028,
				"end":	6.000027,
				"seconds":	0.99999898672103882,
				"bytes":	24140160,
				"bits_per_second":	193121475.68592826,
				"packets":	377190,
				"omitted":	false,
				"sender":	true
			}
		}, {
			"streams":	[{
					"socket":	5,
					"start":	6.000027,
					"end":	7.000028,
					"seconds":	1.0000009536743164,
					"bytes":	23596800,
					"bits_per_second":	188774219.97087482,
					"packets":	368700,
					"omitted":	false,
					"sender":	true
				}],
			"sum":	{
				"start":	6.000027,
				"end":	7.000028,
				"seconds":	1.0000009536743164,
				"bytes":	23596800,
				"bits_per_second":	188774219.97087482,
				"packets":	368700,
				"omitted":	false,
				"sender":	true
			}
		}, {
			"streams":	[{
					"socket":	5,
					"start":	7.000028,
					"end":	8.000023,
					"seconds":	0.999994993209839,
					"bytes":	24384000,
					"bits_per_second":	195072976.6894604,
					"packets":	381000,
					"omitted":	false,
					"sender":	true
				}],
			"sum":	{
				"start":	7.000028,
				"end":	8.000023,
				"seconds":	0.999994993209839,
				"bytes":	24384000,
				"bits_per_second":	195072976.6894604,
				"packets":	381000,
				"omitted":	false,
				"sender":	true
			}
		}, {
			"streams":	[{
					"socket":	5,
					"start":	8.000023,
					"end":	9.000033,
					"seconds":	1.0000100135803223,
					"bytes":	24365440,
					"bits_per_second":	194921568.13722092,
					"packets":	380710,
					"omitted":	false,
					"sender":	true
				}],
			"sum":	{
				"start":	8.000023,
				"end":	9.000033,
				"seconds":	1.0000100135803223,
				"bytes":	24365440,
				"bits_per_second":	194921568.13722092,
				"packets":	380710,
				"omitted":	false,
				"sender":	true
			}
		}, {
			"streams":	[{
					"socket":	5,
					"start":	9.000033,
					"end":	10.000038,
					"seconds":	1.0000050067901611,
					"bytes":	24423680,
					"bits_per_second":	195388461.7309722,
					"packets":	381620,
					"omitted":	false,
					"sender":	true
				}],
			"sum":	{
				"start":	9.000033,
				"end":	10.000038,
				"seconds":	1.0000050067901611,
				"bytes":	24423680,
				"bits_per_second":	195388461.7309722,
				"packets":	381620,
				"omitted":	false,
				"sender":	true
			}
		}],
	"end":	{
		"streams":	[{
				"udp":	{
					"socket":	5,
					"start":	0,
					"end":	10.000038,
					"seconds":	10.000038,
					"bytes":	242583680,
					"bits_per_second":	194066206.54841512,
					"jitter_ms":	0.004684065247514203,
					"lost_packets":	1439451,
					"packets":	3790370,
					"lost_percent":	37.9765299957524,
					"out_of_order":	0,
					"sender":	true
				}
			}],
		"sum":	{
			"start":	0,
			"end":	10.040825,
			"seconds":	10.040825,
			"bytes":	242583680,
			"bits_per_second":	194066206.54841512,
			"jitter_ms":	0.004684065247514203,
			"lost_packets":	1439451,
			"packets":	3790370,
			"lost_percent":	37.9765299957524,
			"sender":	true
		},
		"cpu_utilization_percent":	{
			"host_total":	99.569326621583357,
			"host_user":	19.238605488645781,
			"host_system":	80.3307211329376,
			"remote_total":	97.141843366466233,
			"remote_user":	30.898772886293578,
			"remote_system":	66.243070480172648
		}
	}
}
