{
	"start":	{
		"connected":	[{
				"socket":	5,
				"local_host":	"10.10.11.10",
				"local_port":	58121,
				"remote_host":	"10.10.11.11",
				"remote_port":	5201
			}],
		"version":	"iperf 3.9",
		"system_info":	"Linux probe-c 6.8.0-94-generic #96~22.04.1-Ubuntu SMP PREEMPT_DYNAMIC Fri Jan 16 13:19:05 UTC 2 x86_64",
		"timestamp":	{
			"time":	"Fri, 24 Jul 2026 02:12:45 GMT",
			"timesecs":	1784859165
		},
		"connecting_to":	{
			"host":	"10.10.11.11",
			"port":	5201
		},
		"cookie":	"5pcd4pzygupcqsie6t7gg7qrdpornnoddifl",
		"sock_bufsize":	0,
		"sndbuf_actual":	212992,
		"rcvbuf_actual":	212992,
		"test_start":	{
			"protocol":	"UDP",
			"num_streams":	1,
			"blksize":	64,
			"omit":	0,
			"duration":	10,
			"bytes":	0,
			"blocks":	0,
			"reverse":	0,
			"tos":	0
		}
	},
	"intervals":	[{
			"streams":	[{
					"socket":	5,
					"start":	0,
					"end":	1.000011,
					"seconds":	1.0000109672546387,
					"bytes":	23150720,
					"bits_per_second":	185203728.823546,
					"packets":	361730,
					"omitted":	false,
					"sender":	true
				}],
			"sum":	{
				"start":	0,
				"end":	1.000011,
				"seconds":	1.0000109672546387,
				"bytes":	23150720,
				"bits_per_second":	185203728.823546,
				"packets":	361730,
				"omitted":	false,
				"sender":	true
			}
		}, {
			"streams":	[{
					"socket":	5,
					"start":	1.000011,
					"end":	2.000014,
					"seconds":	1.0000029802322388,
					"bytes":	24365440,
					"bits_per_second":	194922939.08437288,
					"packets":	380710,
					"omitted":	false,
					"sender":	true
				}],
			"sum":	{
				"start":	1.000011,
				"end":	2.000014,
				"seconds":	1.0000029802322388,
				"bytes":	24365440,
				"bits_per_second":	194922939.08437288,
				"packets":	380710,
				"omitted":	false,
				"sender":	true
			}
		}, {
			"streams":	[{
					"socket":	5,
					"start":	2.000014,
					"end":	3.000013,
					"seconds":	0.99999898672103882,
					"bytes":	24487680,
					"bits_per_second":	195901638.50300875,
					"packets":	382620,
					"omitted":	false,
					"sender":	true
				}],
			"sum":	{
				"start":	2.000014,
				"end":	3.000013,
				"seconds":	0.99999898672103882,
				"bytes":	24487680,
				"bits_per_second":	195901638.50300875,
				"packets":	382620,
				"omitted":	false,
				"sender":	true
			}
		}, {
			"streams":	[{
					"socket":	5,
					"start":	3.000013,
					"end":	4.000021,
					"seconds":	1.0000079870224,
					"bytes":	24680960,
					"bits_per_second":	197446102.99355263,
					"packets":	385640,
					"omitted":	false,
					"sender":	true
				}],
			"sum":	{
				"start":	3.000013,
				"end":	4.000021,
				"seconds":	1.0000079870224,
				"bytes":	24680960,
				"bits_per_second":	197446102.99355263,
				"packets":	385640,
				"omitted":	false,
				"sender":	true
			}
		}, {
			"streams":	[{
					"socket":	5,
					"start":	4.000021,
					"end":	5.000038,
					"seconds":	1.0000170469284058,
					"bytes":	24981120,
					"bits_per_second":	199845553.2471616,
					"packets":	390330,
					"omitted":	false,
					"sender":	true
				}],
			"sum":	{
				"start":	4.000021,
				"end":	5.000038,
				"seconds":	1.0000170469284058,
				"bytes":	24981120,
				"bits_per_second":	199845553.2471616,
				"packets":	390330,
				"omitted":	false,
				"sender":	true
			}
		}, {
			"streams":	[{
					"socket":	5,
					"start":	5.000038,
					"end":	6.000034,
					"seconds":	0.9999960064888,
					"bytes":	24792320,
					"bits_per_second":	198339352.07042387,
					"packets":	387380,
					"omitted":	false,
					"sender":	true
				}],
			"sum":	{
				"start":	5.000038,
				"end":	6.000034,
				"seconds":	0.9999960064888,
				"bytes":	24792320,
				"bits_per_second":	198339352.07042387,
				"packets":	387380,
				"omitted":	false,
				"sender":	true
			}
		}, {
			"streams":	[{
					"socket":	5,
					"start":	6.000034,
					"end":	7.00003,
					"seconds":	0.9999960064888,
					"bytes":	24538240,
					"bits_per_second":	196306703.95302087,
					"packets":	383410,
					"omitted":	false,
					"sender":	true
				}],
			"sum":	{
				"start":	6.000034,
				"end":	7.00003,
				"seconds":	0.9999960064888,
				"bytes":	24538240,
				"bits_per_second":	196306703.95302087,
				"packets":	383410,
				"omitted":	false,
				"sender":	true
			}
		}, {
			"streams":	[{
					"socket":	5,
					"start":	7.00003,
					"end":	8.000016,
					"seconds":	0.99998599290847778,
					"bytes":	24476800,
					"bits_per_second":	195817142.82864121,
					"packets":	382450,
					"omitted":	false,
					"sender":	true
				}],
			"sum":	{
				"start":	7.00003,
				"end":	8.000016,
				"seconds":	0.99998599290847778,
				"bytes":	24476800,
				"bits_per_second":	195817142.82864121,
				"packets":	382450,
				"omitted":	false,
				"sender":	true
			}
		}, {
			"streams":	[{
					"socket":	5,
					"start":	8.000016,
					"end":	9.00003,
					"seconds":	1.0000139474868774,
					"bytes":	24856320,
					"bits_per_second":	198847786.57310617,
					"packets":	388380,
					"omitted":	false,
					"sender":	true
				}],
			"sum":	{
				"start":	8.000016,
				"end":	9.00003,
				"seconds":	1.0000139474868774,
				"bytes":	24856320,
				"bits_per_second":	198847786.57310617,
				"packets":	388380,
				"omitted":	false,
				"sender":	true
			}
		}, {
			"streams":	[{
					"socket":	5,
					"start":	9.00003,
					"end":	10.000018,
					"seconds":	0.9999880194664,
					"bytes":	25017600,
					"bits_per_second":	200143197.82230631,
					"packets":	390900,
					"omitted":	false,
					"sender":	true
				}],
			"sum":	{
				"start":	9.00003,
				"end":	10.000018,
				"seconds":	0.9999880194664,
				"bytes":	25017600,
				"bits_per_second":	200143197.82230631,
				"packets":	390900,
				"omitted":	false,
				"sender":	true
			}
		}],
	"end":	{
		"streams":	[{
				"udp":	{
					"socket":	5,
					"start":	0,
					"end":	10.000018,
					"seconds":	10.000018,
					"bytes":	245347200,
					"bits_per_second":	196277406.70066792,
					"jitter_ms":	0.005005093218491438,
					"lost_packets":	1305145,
					"packets":	3833550,
					"lost_percent":	34.04533656793312,
					"out_of_order":	0,
					"sender":	true
				}
			}],
		"sum":	{
			"start":	0,
			"end":	10.040894,
			"seconds":	10.040894,
			"bytes":	245347200,
			"bits_per_second":	196277406.70066792,
			"jitter_ms":	0.005005093218491438,
			"lost_packets":	1305145,
			"packets":	3833550,
			"lost_percent":	34.04533656793312,
			"sender":	true
		},
		"cpu_utilization_percent":	{
			"host_total":	99.571501353928767,
			"host_user":	20.318105572823,
			"host_system":	79.2533957811058,
			"remote_total":	97.130627765011,
			"remote_user":	31.61752743654797,
			"remote_system":	65.513100328463054
		}
	}
}
