{
	"start":	{
		"connected":	[{
				"socket":	5,
				"local_host":	"10.10.11.10",
				"local_port":	56506,
				"remote_host":	"10.10.11.11",
				"remote_port":	5201
			}],
		"version":	"iperf 3.9",
		"system_info":	"Linux probe-c 6.8.0-94-generic #96~22.04.1-Ubuntu SMP PREEMPT_DYNAMIC Fri Jan 16 13:19:05 UTC 2 x86_64",
		"timestamp":	{
			"time":	"Fri, 24 Jul 2026 02:07:17 GMT",
			"timesecs":	1784858837
		},
		"connecting_to":	{
			"host":	"10.10.11.11",
			"port":	5201
		},
		"cookie":	"rglnkhmctv74ksuode3w452ymxtss2p2w6xg",
		"sock_bufsize":	0,
		"sndbuf_actual":	212992,
		"rcvbuf_actual":	212992,
		"test_start":	{
			"protocol":	"UDP",
			"num_streams":	1,
			"blksize":	64,
			"omit":	0,
			"duration":	10,
			"bytes":	0,
			"blocks":	0,
			"reverse":	0,
			"tos":	0
		}
	},
	"intervals":	[{
			"streams":	[{
					"socket":	5,
					"start":	0,
					"end":	1.000033,
					"seconds":	1.0000330209732056,
					"bytes":	22350080,
					"bits_per_second":	178794736.02381247,
					"packets":	349220,
					"omitted":	false,
					"sender":	true
				}],
			"sum":	{
				"start":	0,
				"end":	1.000033,
				"seconds":	1.0000330209732056,
				"bytes":	22350080,
				"bits_per_second":	178794736.02381247,
				"packets":	349220,
				"omitted":	false,
				"sender":	true
			}
		}, {
			"streams":	[{
					"socket":	5,
					"start":	1.000033,
					"end":	2.000012,
					"seconds":	0.999979019165039,
					"bytes":	24729600,
					"bits_per_second":	197840950.86833867,
					"packets":	386400,
					"omitted":	false,
					"sender":	true
				}],
			"sum":	{
				"start":	1.000033,
				"end":	2.000012,
				"seconds":	0.999979019165039,
				"bytes":	24729600,
				"bits_per_second":	197840950.86833867,
				"packets":	386400,
				"omitted":	false,
				"sender":	true
			}
		}, {
			"streams":	[{
					"socket":	5,
					"start":	2.000012,
					"end":	3.00003,
					"seconds":	1.0000180006027222,
					"bytes":	24832640,
					"bits_per_second":	198657544.04447189,
					"packets":	388010,
					"omitted":	false,
					"sender":	true
				}],
			"sum":	{
				"start":	2.000012,
				"end":	3.00003,
				"seconds":	1.0000180006027222,
				"bytes":	24832640,
				"bits_per_second":	198657544.04447189,
				"packets":	388010,
				"omitted":	false,
				"sender":	true
			}
		}, {
			"streams":	[{
					"socket":	5,
					"start":	3.00003,
					"end":	4.000028,
					"seconds":	0.99999797344207764,
					"bytes":	24282240,
					"bits_per_second":	194258313.67572457,
					"packets":	379410,
					"omitted":	false,
					"sender":	true
				}],
			"sum":	{
				"start":	3.00003,
				"end":	4.000028,
				"seconds":	0.99999797344207764,
				"bytes":	24282240,
				"bits_per_second":	194258313.67572457,
				"packets":	379410,
				"omitted":	false,
				"sender":	true
			}
		}, {
			"streams":	[{
					"socket":	5,
					"start":	4.000028,
					"end":	5.000021,
					"seconds":	0.99999302625656128,
					"bytes":	24366720,
					"bits_per_second":	194935119.42751008,
					"packets":	380730,
					"omitted":	false,
					"sender":	true
				}],
			"sum":	{
				"start":	4.000028,
				"end":	5.000021,
				"seconds":	0.99999302625656128,
				"bytes":	24366720,
				"bits_per_second":	194935119.42751008,
				"packets":	380730,
				"omitted":	false,
				"sender":	true
			}
		}, {
			"streams":	[{
					"socket":	5,
					"start":	5.000021,
					"end":	6.000021,
					"seconds":	1,
					"bytes":	24263040,
					"bits_per_second":	194104320,
					"packets":	379110,
					"omitted":	false,
					"sender":	true
				}],
			"sum":	{
				"start":	5.000021,
				"end":	6.000021,
				"seconds":	1,
				"bytes":	24263040,
				"bits_per_second":	194104320,
				"packets":	379110,
				"omitted":	false,
				"sender":	true
			}
		}, {
			"streams":	[{
					"socket":	5,
					"start":	6.000021,
					"end":	7.000025,
					"seconds":	1.0000040531158447,
					"bytes":	24652800,
					"bits_per_second":	197221600.63800552,
					"packets":	385200,
					"omitted":	false,
					"sender":	true
				}],
			"sum":	{
				"start":	6.000021,
				"end":	7.000025,
				"seconds":	1.0000040531158447,
				"bytes":	24652800,
				"bits_per_second":	197221600.63800552,
				"packets":	385200,
				"omitted":	false,
				"sender":	true
			}
		}, {
			"streams":	[{
					"socket":	5,
					"start":	7.000025,
					"end":	8.000018,
					"seconds":	0.99999302625656128,
					"bytes":	24493440,
					"bits_per_second":	195948886.49726152,
					"packets":	382710,
					"omitted":	false,
					"sender":	true
				}],
			"sum":	{
				"start":	7.000025,
				"end":	8.000018,
				"seconds":	0.99999302625656128,
				"bytes":	24493440,
				"bits_per_second":	195948886.49726152,
				"packets":	382710,
				"omitted":	false,
				"sender":	true
			}
		}, {
			"streams":	[{
					"socket":	5,
					"start":	8.000018,
					"end":	9.000013,
					"seconds":	0.999994993209839,
					"bytes":	24442880,
					"bits_per_second":	195544019.04787064,
					"packets":	381920,
					"omitted":	false,
					"sender":	true
				}],
			"sum":	{
				"start":	8.000018,
				"end":	9.000013,
				"seconds":	0.999994993209839,
				"bytes":	24442880,
				"bits_per_second":	195544019.04787064,
				"packets":	381920,
				"omitted":	false,
				"sender":	true
			}
		}, {
			"streams":	[{
					"socket":	5,
					"start":	9.000013,
					"end":	10.000035,
					"seconds":	1.0000220537185669,
					"bytes":	24433920,
					"bits_per_second":	195467049.22470731,
					"packets":	381780,
					"omitted":	false,
					"sender":	true
				}],
			"sum":	{
				"start":	9.000013,
				"end":	10.000035,
				"seconds":	1.0000220537185669,
				"bytes":	24433920,
				"bits_per_second":	195467049.22470731,
				"packets":	381780,
				"omitted":	false,
				"sender":	true
			}
		}],
	"end":	{
		"streams":	[{
				"udp":	{
					"socket":	5,
					"start":	0,
					"end":	10.000035,
					"seconds":	10.000035,
					"bytes":	242847360,
					"bits_per_second":	194277208.02977189,
					"jitter_ms":	0.00445861702164995,
					"lost_packets":	1263118,
					"packets":	3794490,
					"lost_percent":	33.288215280577887,
					"out_of_order":	0,
					"sender":	true
				}
			}],
		"sum":	{
			"start":	0,
			"end":	10.040747,
			"seconds":	10.040747,
			"bytes":	242847360,
			"bits_per_second":	194277208.02977189,
			"jitter_ms":	0.00445861702164995,
			"lost_packets":	1263118,
			"packets":	3794490,
			"lost_percent":	33.288215280577887,
			"sender":	true
		},
		"cpu_utilization_percent":	{
			"host_total":	99.576701996876764,
			"host_user":	19.818705588249731,
			"host_system":	79.7579765722671,
			"remote_total":	97.1291598756393,
			"remote_user":	31.748890354955268,
			"remote_system":	65.380259805916424
		}
	}
}
