{
	"start":	{
		"connected":	[{
				"socket":	5,
				"local_host":	"10.10.11.10",
				"local_port":	47694,
				"remote_host":	"10.10.11.11",
				"remote_port":	5201
			}],
		"version":	"iperf 3.9",
		"system_info":	"Linux probe-c 6.8.0-94-generic #96~22.04.1-Ubuntu SMP PREEMPT_DYNAMIC Fri Jan 16 13:19:05 UTC 2 x86_64",
		"timestamp":	{
			"time":	"Fri, 24 Jul 2026 02:09:06 GMT",
			"timesecs":	1784858946
		},
		"connecting_to":	{
			"host":	"10.10.11.11",
			"port":	5201
		},
		"cookie":	"mkqjii5miauzjpkxkjsanho5fdvegzj75qer",
		"sock_bufsize":	0,
		"sndbuf_actual":	212992,
		"rcvbuf_actual":	212992,
		"test_start":	{
			"protocol":	"UDP",
			"num_streams":	1,
			"blksize":	64,
			"omit":	0,
			"duration":	10,
			"bytes":	0,
			"blocks":	0,
			"reverse":	0,
			"tos":	0
		}
	},
	"intervals":	[{
			"streams":	[{
					"socket":	5,
					"start":	0,
					"end":	1.000012,
					"seconds":	1.0000120401382446,
					"bytes":	22991360,
					"bits_per_second":	183928665.47344056,
					"packets":	359240,
					"omitted":	false,
					"sender":	true
				}],
			"sum":	{
				"start":	0,
				"end":	1.000012,
				"seconds":	1.0000120401382446,
				"bytes":	22991360,
				"bits_per_second":	183928665.47344056,
				"packets":	359240,
				"omitted":	false,
				"sender":	true
			}
		}, {
			"streams":	[{
					"socket":	5,
					"start":	1.000012,
					"end":	2.000017,
					"seconds":	1.0000050067901611,
					"bytes":	24654720,
					"bits_per_second":	197236772.47686815,
					"packets":	385230,
					"omitted":	false,
					"sender":	true
				}],
			"sum":	{
				"start":	1.000012,
				"end":	2.000017,
				"seconds":	1.0000050067901611,
				"bytes":	24654720,
				"bits_per_second":	197236772.47686815,
				"packets":	385230,
				"omitted":	false,
				"sender":	true
			}
		}, {
			"streams":	[{
					"socket":	5,
					"start":	2.000017,
					"end":	3.000015,
					"seconds":	0.99999797344207764,
					"bytes":	24894080,
					"bits_per_second":	199153043.59517825,
					"packets":	388970,
					"omitted":	false,
					"sender":	true
				}],
			"sum":	{
				"start":	2.000017,
				"end":	3.000015,
				"seconds":	0.99999797344207764,
				"bytes":	24894080,
				"bits_per_second":	199153043.59517825,
				"packets":	388970,
				"omitted":	false,
				"sender":	true
			}
		}, {
			"streams":	[{
					"socket":	5,
					"start":	3.000015,
					"end":	4.000027,
					"seconds":	1.0000120401382446,
					"bytes":	24297600,
					"bits_per_second":	194378459.656474,
					"packets":	379650,
					"omitted":	false,
					"sender":	true
				}],
			"sum":	{
				"start":	3.000015,
				"end":	4.000027,
				"seconds":	1.0000120401382446,
				"bytes":	24297600,
				"bits_per_second":	194378459.656474,
				"packets":	379650,
				"omitted":	false,
				"sender":	true
			}
		}, {
			"streams":	[{
					"socket":	5,
					"start":	4.000027,
					"end":	5.000012,
					"seconds":	0.9999849796295166,
					"bytes":	24280320,
					"bits_per_second":	194245477.63903886,
					"packets":	379380,
					"omitted":	false,
					"sender":	true
				}],
			"sum":	{
				"start":	4.000027,
				"end":	5.000012,
				"seconds":	0.9999849796295166,
				"bytes":	24280320,
				"bits_per_second":	194245477.63903886,
				"packets":	379380,
				"omitted":	false,
				"sender":	true
			}
		}, {
			"streams":	[{
					"socket":	5,
					"start":	5.000012,
					"end":	6.000019,
					"seconds":	1.0000070333480835,
					"bytes":	23369600,
					"bits_per_second":	186955485.07699734,
					"packets":	365150,
					"omitted":	false,
					"sender":	true
				}],
			"sum":	{
				"start":	5.000012,
				"end":	6.000019,
				"seconds":	1.0000070333480835,
				"bytes":	23369600,
				"bits_per_second":	186955485.07699734,
				"packets":	365150,
				"omitted":	false,
				"sender":	true
			}
		}, {
			"streams":	[{
					"socket":	5,
					"start":	6.000019,
					"end":	7.000033,
					"seconds":	1.0000139474868774,
					"bytes":	24634240,
					"bits_per_second":	197071171.35242364,
					"packets":	384910,
					"omitted":	false,
					"sender":	true
				}],
			"sum":	{
				"start":	6.000019,
				"end":	7.000033,
				"seconds":	1.0000139474868774,
				"bytes":	24634240,
				"bits_per_second":	197071171.35242364,
				"packets":	384910,
				"omitted":	false,
				"sender":	true
			}
		}, {
			"streams":	[{
					"socket":	5,
					"start":	7.000033,
					"end":	8.000012,
					"seconds":	0.999979019165039,
					"bytes":	24014080,
					"bits_per_second":	192116670.76816264,
					"packets":	375220,
					"omitted":	false,
					"sender":	true
				}],
			"sum":	{
				"start":	7.000033,
				"end":	8.000012,
				"seconds":	0.999979019165039,
				"bytes":	24014080,
				"bits_per_second":	192116670.76816264,
				"packets":	375220,
				"omitted":	false,
				"sender":	true
			}
		}, {
			"streams":	[{
					"socket":	5,
					"start":	8.000012,
					"end":	9.00002,
					"seconds":	1.0000079870224,
					"bytes":	23974400,
					"bits_per_second":	191793668.13967642,
					"packets":	374600,
					"omitted":	false,
					"sender":	true
				}],
			"sum":	{
				"start":	8.000012,
				"end":	9.00002,
				"seconds":	1.0000079870224,
				"bytes":	23974400,
				"bits_per_second":	191793668.13967642,
				"packets":	374600,
				"omitted":	false,
				"sender":	true
			}
		}, {
			"streams":	[{
					"socket":	5,
					"start":	9.00002,
					"end":	10.000037,
					"seconds":	1.0000170469284058,
					"bytes":	24414720,
					"bits_per_second":	195314430.48888683,
					"packets":	381480,
					"omitted":	false,
					"sender":	true
				}],
			"sum":	{
				"start":	9.00002,
				"end":	10.000037,
				"seconds":	1.0000170469284058,
				"bytes":	24414720,
				"bits_per_second":	195314430.48888683,
				"packets":	381480,
				"omitted":	false,
				"sender":	true
			}
		}],
	"end":	{
		"streams":	[{
				"udp":	{
					"socket":	5,
					"start":	0,
					"end":	10.000037,
					"seconds":	10.000037,
					"bytes":	241525120,
					"bits_per_second":	193219381.08828995,
					"jitter_ms":	0.0040041358530309955,
					"lost_packets":	1236810,
					"packets":	3773830,
					"lost_percent":	32.77333637180265,
					"out_of_order":	0,
					"sender":	true
				}
			}],
		"sum":	{
			"start":	0,
			"end":	10.040483,
			"seconds":	10.040483,
			"bytes":	241525120,
			"bits_per_second":	193219381.08828995,
			"jitter_ms":	0.0040041358530309955,
			"lost_packets":	1236810,
			"packets":	3773830,
			"lost_percent":	32.77333637180265,
			"sender":	true
		},
		"cpu_utilization_percent":	{
			"host_total":	99.567569744144024,
			"host_user":	19.831828160124854,
			"host_system":	79.735741584019166,
			"remote_total":	96.937359093599923,
			"remote_user":	31.60274183849932,
			"remote_system":	65.334607544115059
		}
	}
}
