{
	"start":	{
		"connected":	[{
				"socket":	5,
				"local_host":	"10.10.11.10",
				"local_port":	52698,
				"remote_host":	"10.10.11.11",
				"remote_port":	5201
			}],
		"version":	"iperf 3.9",
		"system_info":	"Linux probe-c 6.8.0-94-generic #96~22.04.1-Ubuntu SMP PREEMPT_DYNAMIC Fri Jan 16 13:19:05 UTC 2 x86_64",
		"timestamp":	{
			"time":	"Fri, 24 Jul 2026 02:12:35 GMT",
			"timesecs":	1784859155
		},
		"connecting_to":	{
			"host":	"10.10.11.11",
			"port":	5201
		},
		"cookie":	"2wyi3bxlaq6shzlvspwdnk2xcsic7kh4jrq4",
		"sock_bufsize":	0,
		"sndbuf_actual":	212992,
		"rcvbuf_actual":	212992,
		"test_start":	{
			"protocol":	"UDP",
			"num_streams":	1,
			"blksize":	8948,
			"omit":	0,
			"duration":	10,
			"bytes":	0,
			"blocks":	0,
			"reverse":	0,
			"tos":	0
		}
	},
	"intervals":	[{
			"streams":	[{
					"socket":	5,
					"start":	0,
					"end":	1.000031,
					"seconds":	1.0000309944152832,
					"bytes":	1305334240,
					"bits_per_second":	10442350265.459339,
					"packets":	145880,
					"omitted":	false,
					"sender":	true
				}],
			"sum":	{
				"start":	0,
				"end":	1.000031,
				"seconds":	1.0000309944152832,
				"bytes":	1305334240,
				"bits_per_second":	10442350265.459339,
				"packets":	145880,
				"omitted":	false,
				"sender":	true
			}
		}, {
			"streams":	[{
					"socket":	5,
					"start":	1.000031,
					"end":	2.000054,
					"seconds":	1.0000230073928833,
					"bytes":	1314192760,
					"bits_per_second":	10513300196.371881,
					"packets":	146870,
					"omitted":	false,
					"sender":	true
				}],
			"sum":	{
				"start":	1.000031,
				"end":	2.000054,
				"seconds":	1.0000230073928833,
				"bytes":	1314192760,
				"bits_per_second":	10513300196.371881,
				"packets":	146870,
				"omitted":	false,
				"sender":	true
			}
		}, {
			"streams":	[{
					"socket":	5,
					"start":	2.000054,
					"end":	3.000074,
					"seconds":	1.0000200271606445,
					"bytes":	1323588160,
					"bits_per_second":	10588493222.545248,
					"packets":	147920,
					"omitted":	false,
					"sender":	true
				}],
			"sum":	{
				"start":	2.000054,
				"end":	3.000074,
				"seconds":	1.0000200271606445,
				"bytes":	1323588160,
				"bits_per_second":	10588493222.545248,
				"packets":	147920,
				"omitted":	false,
				"sender":	true
			}
		}, {
			"streams":	[{
					"socket":	5,
					"start":	3.000074,
					"end":	4.000062,
					"seconds":	0.9999880194664,
					"bytes":	1324661920,
					"bits_per_second":	10597422322.77421,
					"packets":	148040,
					"omitted":	false,
					"sender":	true
				}],
			"sum":	{
				"start":	3.000074,
				"end":	4.000062,
				"seconds":	0.9999880194664,
				"bytes":	1324661920,
				"bits_per_second":	10597422322.77421,
				"packets":	148040,
				"omitted":	false,
				"sender":	true
			}
		}, {
			"streams":	[{
					"socket":	5,
					"start":	4.000062,
					"end":	5.000059,
					"seconds":	0.99999701976776123,
					"bytes":	1320277400,
					"bits_per_second":	10562250677.959984,
					"packets":	147550,
					"omitted":	false,
					"sender":	true
				}],
			"sum":	{
				"start":	4.000062,
				"end":	5.000059,
				"seconds":	0.99999701976776123,
				"bytes":	1320277400,
				"bits_per_second":	10562250677.959984,
				"packets":	147550,
				"omitted":	false,
				"sender":	true
			}
		}, {
			"streams":	[{
					"socket":	5,
					"start":	5.000059,
					"end":	6.000075,
					"seconds":	1.0000159740448,
					"bytes":	1318756240,
					"bits_per_second":	10549881395.721952,
					"packets":	147380,
					"omitted":	false,
					"sender":	true
				}],
			"sum":	{
				"start":	5.000059,
				"end":	6.000075,
				"seconds":	1.0000159740448,
				"bytes":	1318756240,
				"bits_per_second":	10549881395.721952,
				"packets":	147380,
				"omitted":	false,
				"sender":	true
			}
		}, {
			"streams":	[{
					"socket":	5,
					"start":	6.000075,
					"end":	7.00003,
					"seconds":	0.99995499849319458,
					"bytes":	1305960600,
					"bits_per_second":	10448154982.717558,
					"packets":	145950,
					"omitted":	false,
					"sender":	true
				}],
			"sum":	{
				"start":	6.000075,
				"end":	7.00003,
				"seconds":	0.99995499849319458,
				"bytes":	1305960600,
				"bits_per_second":	10448154982.717558,
				"packets":	145950,
				"omitted":	false,
				"sender":	true
			}
		}, {
			"streams":	[{
					"socket":	5,
					"start":	7.00003,
					"end":	8.000053,
					"seconds":	1.0000230073928833,
					"bytes":	1315982360,
					"bits_per_second":	10527616666.987217,
					"packets":	147070,
					"omitted":	false,
					"sender":	true
				}],
			"sum":	{
				"start":	7.00003,
				"end":	8.000053,
				"seconds":	1.0000230073928833,
				"bytes":	1315982360,
				"bits_per_second":	10527616666.987217,
				"packets":	147070,
				"omitted":	false,
				"sender":	true
			}
		}, {
			"streams":	[{
					"socket":	5,
					"start":	8.000053,
					"end":	9.000018,
					"seconds":	0.999965012073517,
					"bytes":	1945474160,
					"bits_per_second":	15564337843.908241,
					"packets":	217420,
					"omitted":	false,
					"sender":	true
				}],
			"sum":	{
				"start":	8.000053,
				"end":	9.000018,
				"seconds":	0.999965012073517,
				"bytes":	1945474160,
				"bits_per_second":	15564337843.908241,
				"packets":	217420,
				"omitted":	false,
				"sender":	true
			}
		}, {
			"streams":	[{
					"socket":	5,
					"start":	9.000018,
					"end":	10.000043,
					"seconds":	1.0000250339508057,
					"bytes":	1911561240,
					"bits_per_second":	15292107098.14319,
					"packets":	213630,
					"omitted":	false,
					"sender":	true
				}],
			"sum":	{
				"start":	9.000018,
				"end":	10.000043,
				"seconds":	1.0000250339508057,
				"bytes":	1911561240,
				"bits_per_second":	15292107098.14319,
				"packets":	213630,
				"omitted":	false,
				"sender":	true
			}
		}],
	"end":	{
		"streams":	[{
				"udp":	{
					"socket":	5,
					"start":	0,
					"end":	10.000043,
					"seconds":	10.000043,
					"bytes":	14385789080,
					"bits_per_second":	11508581777.098358,
					"jitter_ms":	0.0050450822514707125,
					"lost_packets":	869266,
					"packets":	1607710,
					"lost_percent":	54.06858202038925,
					"out_of_order":	0,
					"sender":	true
				}
			}],
		"sum":	{
			"start":	0,
			"end":	10.040694,
			"seconds":	10.040694,
			"bytes":	14385789080,
			"bits_per_second":	11508581777.098358,
			"jitter_ms":	0.0050450822514707125,
			"lost_packets":	869266,
			"packets":	1607710,
			"lost_percent":	54.06858202038925,
			"sender":	true
		},
		"cpu_utilization_percent":	{
			"host_total":	73.8254616206961,
			"host_user":	9.8223299481264661,
			"host_system":	64.003131672569623,
			"remote_total":	70.292011072846,
			"remote_user":	16.265135846516159,
			"remote_system":	54.02688494788034
		}
	}
}
