{
	"start":	{
		"connected":	[{
				"socket":	5,
				"local_host":	"10.10.11.10",
				"local_port":	60572,
				"remote_host":	"10.10.11.11",
				"remote_port":	5201
			}],
		"version":	"iperf 3.9",
		"system_info":	"Linux probe-c 6.8.0-94-generic #96~22.04.1-Ubuntu SMP PREEMPT_DYNAMIC Fri Jan 16 13:19:05 UTC 2 x86_64",
		"timestamp":	{
			"time":	"Fri, 24 Jul 2026 02:14:24 GMT",
			"timesecs":	1784859264
		},
		"connecting_to":	{
			"host":	"10.10.11.11",
			"port":	5201
		},
		"cookie":	"u54zdklwzjtq6ueaynsr2t6vl5pnnietxnfj",
		"sock_bufsize":	0,
		"sndbuf_actual":	212992,
		"rcvbuf_actual":	212992,
		"test_start":	{
			"protocol":	"UDP",
			"num_streams":	1,
			"blksize":	8948,
			"omit":	0,
			"duration":	10,
			"bytes":	0,
			"blocks":	0,
			"reverse":	0,
			"tos":	0
		}
	},
	"intervals":	[{
			"streams":	[{
					"socket":	5,
					"start":	0,
					"end":	1.000035,
					"seconds":	1.0000350475311279,
					"bytes":	1970260120,
					"bits_per_second":	15761528557.337263,
					"packets":	220190,
					"omitted":	false,
					"sender":	true
				}],
			"sum":	{
				"start":	0,
				"end":	1.000035,
				"seconds":	1.0000350475311279,
				"bytes":	1970260120,
				"bits_per_second":	15761528557.337263,
				"packets":	220190,
				"omitted":	false,
				"sender":	true
			}
		}, {
			"streams":	[{
					"socket":	5,
					"start":	1.000035,
					"end":	2.000062,
					"seconds":	1.0000269412994385,
					"bytes":	1549077760,
					"bits_per_second":	12392288215.652454,
					"packets":	173120,
					"omitted":	false,
					"sender":	true
				}],
			"sum":	{
				"start":	1.000035,
				"end":	2.000062,
				"seconds":	1.0000269412994385,
				"bytes":	1549077760,
				"bits_per_second":	12392288215.652454,
				"packets":	173120,
				"omitted":	false,
				"sender":	true
			}
		}, {
			"streams":	[{
					"socket":	5,
					"start":	2.000062,
					"end":	3.000034,
					"seconds":	0.99997198581695557,
					"bytes":	1309539800,
					"bits_per_second":	10476611893.723276,
					"packets":	146350,
					"omitted":	false,
					"sender":	true
				}],
			"sum":	{
				"start":	2.000062,
				"end":	3.000034,
				"seconds":	0.99997198581695557,
				"bytes":	1309539800,
				"bits_per_second":	10476611893.723276,
				"packets":	146350,
				"omitted":	false,
				"sender":	true
			}
		}, {
			"streams":	[{
					"socket":	5,
					"start":	3.000034,
					"end":	4.000016,
					"seconds":	0.99998199939727783,
					"bytes":	1309808240,
					"bits_per_second":	10478654542.097475,
					"packets":	146380,
					"omitted":	false,
					"sender":	true
				}],
			"sum":	{
				"start":	3.000034,
				"end":	4.000016,
				"seconds":	0.99998199939727783,
				"bytes":	1309808240,
				"bits_per_second":	10478654542.097475,
				"packets":	146380,
				"omitted":	false,
				"sender":	true
			}
		}, {
			"streams":	[{
					"socket":	5,
					"start":	4.000016,
					"end":	5.000056,
					"seconds":	1.0000400543212891,
					"bytes":	1322424920,
					"bits_per_second":	10578975626.311354,
					"packets":	147790,
					"omitted":	false,
					"sender":	true
				}],
			"sum":	{
				"start":	4.000016,
				"end":	5.000056,
				"seconds":	1.0000400543212891,
				"bytes":	1322424920,
				"bits_per_second":	10578975626.311354,
				"packets":	147790,
				"omitted":	false,
				"sender":	true
			}
		}, {
			"streams":	[{
					"socket":	5,
					"start":	5.000056,
					"end":	6.000046,
					"seconds":	0.99998998641967773,
					"bytes":	1305423720,
					"bits_per_second":	10443494336.769386,
					"packets":	145890,
					"omitted":	false,
					"sender":	true
				}],
			"sum":	{
				"start":	5.000056,
				"end":	6.000046,
				"seconds":	0.99998998641967773,
				"bytes":	1305423720,
				"bits_per_second":	10443494336.769386,
				"packets":	145890,
				"omitted":	false,
				"sender":	true
			}
		}, {
			"streams":	[{
					"socket":	5,
					"start":	6.000046,
					"end":	7.000077,
					"seconds":	1.0000309944152832,
					"bytes":	1294238720,
					"bits_per_second":	10353588856.567308,
					"packets":	144640,
					"omitted":	false,
					"sender":	true
				}],
			"sum":	{
				"start":	6.000046,
				"end":	7.000077,
				"seconds":	1.0000309944152832,
				"bytes":	1294238720,
				"bits_per_second":	10353588856.567308,
				"packets":	144640,
				"omitted":	false,
				"sender":	true
			}
		}, {
			"streams":	[{
					"socket":	5,
					"start":	7.000077,
					"end":	8.000028,
					"seconds":	0.99995100498199463,
					"bytes":	1318129880,
					"bits_per_second":	10545555719.692364,
					"packets":	147310,
					"omitted":	false,
					"sender":	true
				}],
			"sum":	{
				"start":	7.000077,
				"end":	8.000028,
				"seconds":	0.99995100498199463,
				"bytes":	1318129880,
				"bits_per_second":	10545555719.692364,
				"packets":	147310,
				"omitted":	false,
				"sender":	true
			}
		}, {
			"streams":	[{
					"socket":	5,
					"start":	8.000028,
					"end":	9.000018,
					"seconds":	0.99998998641967773,
					"bytes":	1309271360,
					"bits_per_second":	10474275765.00169,
					"packets":	146320,
					"omitted":	false,
					"sender":	true
				}],
			"sum":	{
				"start":	8.000028,
				"end":	9.000018,
				"seconds":	0.99998998641967773,
				"bytes":	1309271360,
				"bits_per_second":	10474275765.00169,
				"packets":	146320,
				"omitted":	false,
				"sender":	true
			}
		}, {
			"streams":	[{
					"socket":	5,
					"start":	9.000018,
					"end":	10.000025,
					"seconds":	1.0000070333480835,
					"bytes":	1311866280,
					"bits_per_second":	10494856426.021669,
					"packets":	146610,
					"omitted":	false,
					"sender":	true
				}],
			"sum":	{
				"start":	9.000018,
				"end":	10.000025,
				"seconds":	1.0000070333480835,
				"bytes":	1311866280,
				"bits_per_second":	10494856426.021669,
				"packets":	146610,
				"omitted":	false,
				"sender":	true
			}
		}],
	"end":	{
		"streams":	[{
				"udp":	{
					"socket":	5,
					"start":	0,
					"end":	10.000025,
					"seconds":	10.000025,
					"bytes":	14000040800,
					"bits_per_second":	11200004639.9884,
					"jitter_ms":	0.014963342625271618,
					"lost_packets":	909440,
					"packets":	1564600,
					"lost_percent":	58.126038604116069,
					"out_of_order":	0,
					"sender":	true
				}
			}],
		"sum":	{
			"start":	0,
			"end":	10.04027,
			"seconds":	10.04027,
			"bytes":	14000040800,
			"bits_per_second":	11200004639.9884,
			"jitter_ms":	0.014963342625271618,
			"lost_packets":	909440,
			"packets":	1564600,
			"lost_percent":	58.126038604116069,
			"sender":	true
		},
		"cpu_utilization_percent":	{
			"host_total":	70.8121800476169,
			"host_user":	9.2608371588352369,
			"host_system":	61.551352806902614,
			"remote_total":	69.00666476120935,
			"remote_user":	15.168836018817005,
			"remote_system":	53.837867602840774
		}
	}
}
