{
	"start":	{
		"connected":	[{
				"socket":	5,
				"local_host":	"172.16.99.2",
				"local_port":	58997,
				"remote_host":	"172.16.99.6",
				"remote_port":	5201
			}],
		"version":	"iperf 3.16",
		"system_info":	"Linux edge-7bf6f060000000000000ac1f6b24deb2 6.8.0-94-generic #96-Ubuntu SMP PREEMPT_DYNAMIC Fri Jan  9 20:36:55 UTC 2026 x86_64",
		"timestamp":	{
			"time":	"Sun, 17 May 2026 08:34:30 GMT",
			"timesecs":	1779006870
		},
		"connecting_to":	{
			"host":	"172.16.99.6",
			"port":	5201
		},
		"cookie":	"rgzvkn6bviwesjo5x6sn4q7zvcp3ws7y77or",
		"target_bitrate":	0,
		"fq_rate":	0,
		"sock_bufsize":	0,
		"sndbuf_actual":	212992,
		"rcvbuf_actual":	212992,
		"test_start":	{
			"protocol":	"UDP",
			"num_streams":	1,
			"blksize":	1400,
			"omit":	0,
			"duration":	30,
			"bytes":	0,
			"blocks":	0,
			"reverse":	0,
			"tos":	0,
			"target_bitrate":	0,
			"bidir":	0,
			"fqrate":	0
		}
	},
	"intervals":	[{
			"streams":	[{
					"socket":	5,
					"start":	0,
					"end":	1.00059,
					"seconds":	1.0005899667739868,
					"bytes":	385119000,
					"bits_per_second":	3079135412.41407,
					"packets":	275086,
					"omitted":	false,
					"sender":	true
				}],
			"sum":	{
				"start":	0,
				"end":	1.00059,
				"seconds":	1.0005899667739868,
				"bytes":	385119000,
				"bits_per_second":	3079135412.41407,
				"packets":	275086,
				"omitted":	false,
				"sender":	true
			}
		}, {
			"streams":	[{
					"socket":	5,
					"start":	1.00059,
					"end":	2.000632,
					"seconds":	1.0000419616699219,
					"bytes":	404766600,
					"bits_per_second":	3237996928.2416892,
					"packets":	289119,
					"omitted":	false,
					"sender":	true
				}],
			"sum":	{
				"start":	1.00059,
				"end":	2.000632,
				"seconds":	1.0000419616699219,
				"bytes":	404766600,
				"bits_per_second":	3237996928.2416892,
				"packets":	289119,
				"omitted":	false,
				"sender":	true
			}
		}, {
			"streams":	[{
					"socket":	5,
					"start":	2.000632,
					"end":	3.000583,
					"seconds":	0.99995100498199463,
					"bytes":	406435400,
					"bits_per_second":	3251642514.2835345,
					"packets":	290314,
					"omitted":	false,
					"sender":	true
				}],
			"sum":	{
				"start":	2.000632,
				"end":	3.000583,
				"seconds":	0.99995100498199463,
				"bytes":	406435400,
				"bits_per_second":	3251642514.2835345,
				"packets":	290314,
				"omitted":	false,
				"sender":	true
			}
		}, {
			"streams":	[{
					"socket":	5,
					"start":	3.000583,
					"end":	4.000624,
					"seconds":	1.0000410079956055,
					"bytes":	402600800,
					"bits_per_second":	3220674326.601368,
					"packets":	287573,
					"omitted":	false,
					"sender":	true
				}],
			"sum":	{
				"start":	3.000583,
				"end":	4.000624,
				"seconds":	1.0000410079956055,
				"bytes":	402600800,
				"bits_per_second":	3220674326.601368,
				"packets":	287573,
				"omitted":	false,
				"sender":	true
			}
		}, {
			"streams":	[{
					"socket":	5,
					"start":	4.000624,
					"end":	5.000587,
					"seconds":	0.99996298551559448,
					"bytes":	405062000,
					"bits_per_second":	3240615949.7285357,
					"packets":	289331,
					"omitted":	false,
					"sender":	true
				}],
			"sum":	{
				"start":	4.000624,
				"end":	5.000587,
				"seconds":	0.99996298551559448,
				"bytes":	405062000,
				"bits_per_second":	3240615949.7285357,
				"packets":	289331,
				"omitted":	false,
				"sender":	true
			}
		}, {
			"streams":	[{
					"socket":	5,
					"start":	5.000587,
					"end":	6.001107,
					"seconds":	1.0005199909210205,
					"bytes":	403246200,
					"bits_per_second":	3224292996.9148941,
					"packets":	288036,
					"omitted":	false,
					"sender":	true
				}],
			"sum":	{
				"start":	5.000587,
				"end":	6.001107,
				"seconds":	1.0005199909210205,
				"bytes":	403246200,
				"bits_per_second":	3224292996.9148941,
				"packets":	288036,
				"omitted":	false,
				"sender":	true
			}
		}, {
			"streams":	[{
					"socket":	5,
					"start":	6.001107,
					"end":	7.000592,
					"seconds":	0.99948501586914062,
					"bytes":	406744800,
					"bits_per_second":	3255635000.3610563,
					"packets":	290536,
					"omitted":	false,
					"sender":	true
				}],
			"sum":	{
				"start":	6.001107,
				"end":	7.000592,
				"seconds":	0.99948501586914062,
				"bytes":	406744800,
				"bits_per_second":	3255635000.3610563,
				"packets":	290536,
				"omitted":	false,
				"sender":	true
			}
		}, {
			"streams":	[{
					"socket":	5,
					"start":	7.000592,
					"end":	8.001049,
					"seconds":	1.0004570484161377,
					"bytes":	409444000,
					"bits_per_second":	3274055598.0745535,
					"packets":	292462,
					"omitted":	false,
					"sender":	true
				}],
			"sum":	{
				"start":	7.000592,
				"end":	8.001049,
				"seconds":	1.0004570484161377,
				"bytes":	409444000,
				"bits_per_second":	3274055598.0745535,
				"packets":	292462,
				"omitted":	false,
				"sender":	true
			}
		}, {
			"streams":	[{
					"socket":	5,
					"start":	8.001049,
					"end":	9.000591,
					"seconds":	0.999541997909546,
					"bytes":	408646000,
					"bits_per_second":	3270665971.8522854,
					"packets":	291892,
					"omitted":	false,
					"sender":	true
				}],
			"sum":	{
				"start":	8.001049,
				"end":	9.000591,
				"seconds":	0.999541997909546,
				"bytes":	408646000,
				"bits_per_second":	3270665971.8522854,
				"packets":	291892,
				"omitted":	false,
				"sender":	true
			}
		}, {
			"streams":	[{
					"socket":	5,
					"start":	9.000591,
					"end":	10.001066,
					"seconds":	1.00047504901886,
					"bytes":	406434000,
					"bits_per_second":	3249928124.8329329,
					"packets":	290311,
					"omitted":	false,
					"sender":	true
				}],
			"sum":	{
				"start":	9.000591,
				"end":	10.001066,
				"seconds":	1.00047504901886,
				"bytes":	406434000,
				"bits_per_second":	3249928124.8329329,
				"packets":	290311,
				"omitted":	false,
				"sender":	true
			}
		}, {
			"streams":	[{
					"socket":	5,
					"start":	10.001066,
					"end":	11.001036,
					"seconds":	0.999970018863678,
					"bytes":	407869000,
					"bits_per_second":	3263049829.9417772,
					"packets":	291337,
					"omitted":	false,
					"sender":	true
				}],
			"sum":	{
				"start":	10.001066,
				"end":	11.001036,
				"seconds":	0.999970018863678,
				"bytes":	407869000,
				"bits_per_second":	3263049829.9417772,
				"packets":	291337,
				"omitted":	false,
				"sender":	true
			}
		}, {
			"streams":	[{
					"socket":	5,
					"start":	11.001036,
					"end":	12.000586,
					"seconds":	0.9995499849319458,
					"bytes":	402376800,
					"bits_per_second":	3220463657.1718483,
					"packets":	287413,
					"omitted":	false,
					"sender":	true
				}],
			"sum":	{
				"start":	11.001036,
				"end":	12.000586,
				"seconds":	0.9995499849319458,
				"bytes":	402376800,
				"bits_per_second":	3220463657.1718483,
				"packets":	287413,
				"omitted":	false,
				"sender":	true
			}
		}, {
			"streams":	[{
					"socket":	5,
					"start":	12.000586,
					"end":	13.000612,
					"seconds":	1.0000259876251221,
					"bytes":	402388000,
					"bits_per_second":	3219020345.306006,
					"packets":	287420,
					"omitted":	false,
					"sender":	true
				}],
			"sum":	{
				"start":	12.000586,
				"end":	13.000612,
				"seconds":	1.0000259876251221,
				"bytes":	402388000,
				"bits_per_second":	3219020345.306006,
				"packets":	287420,
				"omitted":	false,
				"sender":	true
			}
		}, {
			"streams":	[{
					"socket":	5,
					"start":	13.000612,
					"end":	14.000612,
					"seconds":	1,
					"bytes":	409187800,
					"bits_per_second":	3273502400,
					"packets":	292277,
					"omitted":	false,
					"sender":	true
				}],
			"sum":	{
				"start":	13.000612,
				"end":	14.000612,
				"seconds":	1,
				"bytes":	409187800,
				"bits_per_second":	3273502400,
				"packets":	292277,
				"omitted":	false,
				"sender":	true
			}
		}, {
			"streams":	[{
					"socket":	5,
					"start":	14.000612,
					"end":	15.000586,
					"seconds":	0.999974012374878,
					"bytes":	406147000,
					"bits_per_second":	3249260440.5622535,