{
	"start":	{
		"connected":	[{
				"socket":	5,
				"local_host":	"172.16.99.2",
				"local_port":	41697,
				"remote_host":	"172.16.99.6",
				"remote_port":	5201
			}],
		"version":	"iperf 3.16",
		"system_info":	"Linux edge-7bf6f060000000000000ac1f6b24deb2 6.8.0-94-generic #96-Ubuntu SMP PREEMPT_DYNAMIC Fri Jan  9 20:36:55 UTC 2026 x86_64",
		"timestamp":	{
			"time":	"Sun, 17 May 2026 08:31:20 GMT",
			"timesecs":	1779006680
		},
		"connecting_to":	{
			"host":	"172.16.99.6",
			"port":	5201
		},
		"cookie":	"2i3qq25h63oos7cky3bckkzo4lpwvet24nwi",
		"target_bitrate":	0,
		"fq_rate":	0,
		"sock_bufsize":	0,
		"sndbuf_actual":	212992,
		"rcvbuf_actual":	212992,
		"test_start":	{
			"protocol":	"UDP",
			"num_streams":	1,
			"blksize":	64,
			"omit":	0,
			"duration":	30,
			"bytes":	0,
			"blocks":	0,
			"reverse":	0,
			"tos":	0,
			"target_bitrate":	0,
			"bidir":	0,
			"fqrate":	0
		}
	},
	"intervals":	[{
			"streams":	[{
					"socket":	5,
					"start":	0,
					"end":	1.000959,
					"seconds":	1.000959038734436,
					"bytes":	17223104,
					"bits_per_second":	137652817.616002,
					"packets":	269112,
					"omitted":	false,
					"sender":	true
				}],
			"sum":	{
				"start":	0,
				"end":	1.000959,
				"seconds":	1.000959038734436,
				"bytes":	17223104,
				"bits_per_second":	137652817.616002,
				"packets":	269112,
				"omitted":	false,
				"sender":	true
			}
		}, {
			"streams":	[{
					"socket":	5,
					"start":	1.000959,
					"end":	2.000988,
					"seconds":	1.0000289678573608,
					"bytes":	17969920,
					"bits_per_second":	143755195.7199955,
					"packets":	280781,
					"omitted":	false,
					"sender":	true
				}],
			"sum":	{
				"start":	1.000959,
				"end":	2.000988,
				"seconds":	1.0000289678573608,
				"bytes":	17969920,
				"bits_per_second":	143755195.7199955,
				"packets":	280781,
				"omitted":	false,
				"sender":	true
			}
		}, {
			"streams":	[{
					"socket":	5,
					"start":	2.000988,
					"end":	3.00096,
					"seconds":	0.99997198581695557,
					"bytes":	17958976,
					"bits_per_second":	143675832.96108362,
					"packets":	280611,
					"omitted":	false,
					"sender":	true
				}],
			"sum":	{
				"start":	2.000988,
				"end":	3.00096,
				"seconds":	0.99997198581695557,
				"bytes":	17958976,
				"bits_per_second":	143675832.96108362,
				"packets":	280611,
				"omitted":	false,
				"sender":	true
			}
		}, {
			"streams":	[{
					"socket":	5,
					"start":	3.00096,
					"end":	4.00107,
					"seconds":	1.0001100301742554,
					"bytes":	17894976,
					"bits_per_second":	143144057.83437285,
					"packets":	279610,
					"omitted":	false,
					"sender":	true
				}],
			"sum":	{
				"start":	3.00096,
				"end":	4.00107,
				"seconds":	1.0001100301742554,
				"bytes":	17894976,
				"bits_per_second":	143144057.83437285,
				"packets":	279610,
				"omitted":	false,
				"sender":	true
			}
		}, {
			"streams":	[{
					"socket":	5,
					"start":	4.00107,
					"end":	5.000995,
					"seconds":	0.99992501735687256,
					"bytes":	17721728,
					"bits_per_second":	141784455.37321827,
					"packets":	276903,
					"omitted":	false,
					"sender":	true
				}],
			"sum":	{
				"start":	4.00107,
				"end":	5.000995,
				"seconds":	0.99992501735687256,
				"bytes":	17721728,
				"bits_per_second":	141784455.37321827,
				"packets":	276903,
				"omitted":	false,
				"sender":	true
			}
		}, {
			"streams":	[{
					"socket":	5,
					"start":	5.000995,
					"end":	6.001016,
					"seconds":	1.0000209808349609,
					"bytes":	18017216,
					"bits_per_second":	144134703.93356463,
					"packets":	281521,
					"omitted":	false,
					"sender":	true
				}],
			"sum":	{
				"start":	5.000995,
				"end":	6.001016,
				"seconds":	1.0000209808349609,
				"bytes":	18017216,
				"bits_per_second":	144134703.93356463,
				"packets":	281521,
				"omitted":	false,
				"sender":	true
			}
		}, {
			"streams":	[{
					"socket":	5,
					"start":	6.001016,
					"end":	7.000948,
					"seconds":	0.99993199110031128,
					"bytes":	18071936,
					"bits_per_second":	144585321.08859837,
					"packets":	282381,
					"omitted":	false,
					"sender":	true
				}],
			"sum":	{
				"start":	6.001016,
				"end":	7.000948,
				"seconds":	0.99993199110031128,
				"bytes":	18071936,
				"bits_per_second":	144585321.08859837,
				"packets":	282381,
				"omitted":	false,
				"sender":	true
			}
		}, {
			"streams":	[{
					"socket":	5,
					"start":	7.000948,
					"end":	8.00098,
					"seconds":	1.0000319480895996,
					"bytes":	18054208,
					"bits_per_second":	144429049.76777723,
					"packets":	282100,
					"omitted":	false,
					"sender":	true
				}],
			"sum":	{
				"start":	7.000948,
				"end":	8.00098,
				"seconds":	1.0000319480895996,
				"bytes":	18054208,
				"bits_per_second":	144429049.76777723,
				"packets":	282100,
				"omitted":	false,
				"sender":	true
			}
		}, {
			"streams":	[{
					"socket":	5,
					"start":	8.00098,
					"end":	9.000986,
					"seconds":	1.0000059604644775,
					"bytes":	18148288,
					"bits_per_second":	145185438.62735042,
					"packets":	283570,
					"omitted":	false,
					"sender":	true
				}],
			"sum":	{
				"start":	8.00098,
				"end":	9.000986,
				"seconds":	1.0000059604644775,
				"bytes":	18148288,
				"bits_per_second":	145185438.62735042,
				"packets":	283570,
				"omitted":	false,
				"sender":	true
			}
		}, {
			"streams":	[{
					"socket":	5,
					"start":	9.000986,
					"end":	10.000981,
					"seconds":	0.999994993209839,
					"bytes":	17757440,
					"bits_per_second":	142060231.2657682,
					"packets":	277460,
					"omitted":	false,
					"sender":	true
				}],
			"sum":	{
				"start":	9.000986,
				"end":	10.000981,
				"seconds":	0.999994993209839,
				"bytes":	17757440,
				"bits_per_second":	142060231.2657682,
				"packets":	277460,
				"omitted":	false,
				"sender":	true
			}
		}, {
			"streams":	[{
					"socket":	5,
					"start":	10.000981,
					"end":	11.000987,
					"seconds":	1.0000059604644775,
					"bytes":	17706368,
					"bits_per_second":	141650099.6996125,
					"packets":	276663,
					"omitted":	false,
					"sender":	true
				}],
			"sum":	{
				"start":	10.000981,
				"end":	11.000987,
				"seconds":	1.0000059604644775,
				"bytes":	17706368,
				"bits_per_second":	141650099.6996125,
				"packets":	276663,
				"omitted":	false,
				"sender":	true
			}
		}, {
			"streams":	[{
					"socket":	5,
					"start":	11.000987,
					"end":	12.000956,
					"seconds":	0.9999690055847168,
					"bytes":	17775744,
					"bits_per_second":	142210359.72694695,
					"packets":	277747,
					"omitted":	false,
					"sender":	true
				}],
			"sum":	{
				"start":	11.000987,
				"end":	12.000956,
				"seconds":	0.9999690055847168,
				"bytes":	17775744,
				"bits_per_second":	142210359.72694695,
				"packets":	277747,
				"omitted":	false,
				"sender":	true
			}
		}, {
			"streams":	[{
					"socket":	5,
					"start":	12.000956,
					"end":	13.000948,
					"seconds":	0.9999920129776,
					"bytes":	17985856,
					"bits_per_second":	143887997.236657,
					"packets":	281030,
					"omitted":	false,
					"sender":	true
				}],
			"sum":	{
				"start":	12.000956,
				"end":	13.000948,
				"seconds":	0.9999920129776,
				"bytes":	17985856,
				"bits_per_second":	143887997.236657,
				"packets":	281030,
				"omitted":	false,
				"sender":	true
			}
		}, {
			"streams":	[{
					"socket":	5,
					"start":	13.000948,
					"end":	14.001014,
					"seconds":	1.0000660419464111,
					"bytes":	18125824,
					"bits_per_second":	144997016.114832,
					"packets":	283217,
					"omitted":	false,
					"sender":	true
				}],
			"sum":	{
				"start":	13.000948,
				"end":	14.001014,
				"seconds":	1.0000660419464111,
				"bytes":	18125824,
				"bits_per_second":	144997016.114832,
				"packets":	283217,
				"omitted":	false,
				"sender":	true
			}
		}, {
			"streams":	[{
					"socket":	5,
					"start":	14.001014,
					"end":	15.001043,
					"seconds":	1.0000289678573608,
					"bytes":	18272128,
					"bits_per_second":	146172789.6874783,