{
	"start":	{
		"connected":	[{
				"socket":	5,
				"local_host":	"172.16.99.2",
				"local_port":	33223,
				"remote_host":	"172.16.99.6",
				"remote_port":	5201
			}],
		"version":	"iperf 3.16",
		"system_info":	"Linux edge-7bf6f060000000000000ac1f6b24deb2 6.8.0-94-generic #96-Ubuntu SMP PREEMPT_DYNAMIC Fri Jan  9 20:36:55 UTC 2026 x86_64",
		"timestamp":	{
			"time":	"Sun, 17 May 2026 08:28:10 GMT",
			"timesecs":	1779006490
		},
		"connecting_to":	{
			"host":	"172.16.99.6",
			"port":	5201
		},
		"cookie":	"ykcgs5g6qkycm7phvp5estphyacenoex2ftj",
		"target_bitrate":	0,
		"fq_rate":	0,
		"sock_bufsize":	0,
		"sndbuf_actual":	212992,
		"rcvbuf_actual":	212992,
		"test_start":	{
			"protocol":	"UDP",
			"num_streams":	1,
			"blksize":	8948,
			"omit":	0,
			"duration":	30,
			"bytes":	0,
			"blocks":	0,
			"reverse":	0,
			"tos":	0,
			"target_bitrate":	0,
			"bidir":	0,
			"fqrate":	0
		}
	},
	"intervals":	[{
			"streams":	[{
					"socket":	5,
					"start":	0,
					"end":	1.001016,
					"seconds":	1.0010160207748413,
					"bytes":	1499291088,
					"bits_per_second":	11982154586.01325,
					"packets":	167557,
					"omitted":	false,
					"sender":	true
				}],
			"sum":	{
				"start":	0,
				"end":	1.001016,
				"seconds":	1.0010160207748413,
				"bytes":	1499291088,
				"bits_per_second":	11982154586.01325,
				"packets":	167557,
				"omitted":	false,
				"sender":	true
			}
		}, {
			"streams":	[{
					"socket":	5,
					"start":	1.001016,
					"end":	2.001143,
					"seconds":	1.0001269578933716,
					"bytes":	1636786056,
					"bits_per_second":	13092626235.754408,
					"packets":	182923,
					"omitted":	false,
					"sender":	true
				}],
			"sum":	{
				"start":	1.001016,
				"end":	2.001143,
				"seconds":	1.0001269578933716,
				"bytes":	1636786056,
				"bits_per_second":	13092626235.754408,
				"packets":	182923,
				"omitted":	false,
				"sender":	true
			}
		}, {
			"streams":	[{
					"socket":	5,
					"start":	2.001143,
					"end":	3.000844,
					"seconds":	0.99970102310180664,
					"bytes":	1660775644,
					"bits_per_second":	13290178608.376768,
					"packets":	185609,
					"omitted":	false,
					"sender":	true
				}],
			"sum":	{
				"start":	2.001143,
				"end":	3.000844,
				"seconds":	0.99970102310180664,
				"bytes":	1660775644,
				"bits_per_second":	13290178608.376768,
				"packets":	185609,
				"omitted":	false,
				"sender":	true
			}
		}, {
			"streams":	[{
					"socket":	5,
					"start":	3.000844,
					"end":	4.00104,
					"seconds":	1.0001959800720215,
					"bytes":	1670358952,
					"bits_per_second":	13360253272.60141,
					"packets":	186675,
					"omitted":	false,
					"sender":	true
				}],
			"sum":	{
				"start":	3.000844,
				"end":	4.00104,
				"seconds":	1.0001959800720215,
				"bytes":	1670358952,
				"bits_per_second":	13360253272.60141,
				"packets":	186675,
				"omitted":	false,
				"sender":	true
			}
		}, {
			"streams":	[{
					"socket":	5,
					"start":	4.00104,
					"end":	5.001047,
					"seconds":	1.0000070333480835,
					"bytes":	1665983380,
					"bits_per_second":	13327773301.131195,
					"packets":	186186,
					"omitted":	false,
					"sender":	true
				}],
			"sum":	{
				"start":	4.00104,
				"end":	5.001047,
				"seconds":	1.0000070333480835,
				"bytes":	1665983380,
				"bits_per_second":	13327773301.131195,
				"packets":	186186,
				"omitted":	false,
				"sender":	true
			}
		}, {
			"streams":	[{
					"socket":	5,
					"start":	5.001047,
					"end":	6.001087,
					"seconds":	1.0000400543212891,
					"bytes":	1628285456,
					"bits_per_second":	13025761909.947424,
					"packets":	181973,
					"omitted":	false,
					"sender":	true
				}],
			"sum":	{
				"start":	5.001047,
				"end":	6.001087,
				"seconds":	1.0000400543212891,
				"bytes":	1628285456,
				"bits_per_second":	13025761909.947424,
				"packets":	181973,
				"omitted":	false,
				"sender":	true
			}
		}, {
			"streams":	[{
					"socket":	5,
					"start":	6.001087,
					"end":	7.001058,
					"seconds":	0.99997097253799438,
					"bytes":	1628294404,
					"bits_per_second":	13026733365.007811,
					"packets":	181974,
					"omitted":	false,
					"sender":	true
				}],
			"sum":	{
				"start":	6.001087,
				"end":	7.001058,
				"seconds":	0.99997097253799438,
				"bytes":	1628294404,
				"bits_per_second":	13026733365.007811,
				"packets":	181974,
				"omitted":	false,
				"sender":	true
			}
		}, {
			"streams":	[{
					"socket":	5,
					"start":	7.001058,
					"end":	8.001022,
					"seconds":	0.99996399879455566,
					"bytes":	1637313988,
					"bits_per_second":	13098983483.19549,
					"packets":	182981,
					"omitted":	false,
					"sender":	true
				}],
			"sum":	{
				"start":	7.001058,
				"end":	8.001022,
				"seconds":	0.99996399879455566,
				"bytes":	1637313988,
				"bits_per_second":	13098983483.19549,
				"packets":	182981,
				"omitted":	false,
				"sender":	true
			}
		}, {
			"streams":	[{
					"socket":	5,
					"start":	8.001022,
					"end":	9.001035,
					"seconds":	1.000012993812561,
					"bytes":	1793143408,
					"bits_per_second":	14344960868.267282,
					"packets":	200397,
					"omitted":	false,
					"sender":	true
				}],
			"sum":	{
				"start":	8.001022,
				"end":	9.001035,
				"seconds":	1.000012993812561,
				"bytes":	1793143408,
				"bits_per_second":	14344960868.267282,
				"packets":	200397,
				"omitted":	false,
				"sender":	true
			}
		}, {
			"streams":	[{
					"socket":	5,
					"start":	9.001035,
					"end":	10.001042,
					"seconds":	1.0000070333480835,
					"bytes":	1766818392,
					"bits_per_second":	14134447723.509193,
					"packets":	197456,
					"omitted":	false,
					"sender":	true
				}],
			"sum":	{
				"start":	9.001035,
				"end":	10.001042,
				"seconds":	1.0000070333480835,
				"bytes":	1766818392,
				"bits_per_second":	14134447723.509193,
				"packets":	197456,
				"omitted":	false,
				"sender":	true
			}
		}, {
			"streams":	[{
					"socket":	5,
					"start":	10.001042,
					"end":	11.001078,
					"seconds":	1.0000360012054443,
					"bytes":	1698026168,
					"bits_per_second":	13583720313.694288,
					"packets":	189768,
					"omitted":	false,
					"sender":	true
				}],
			"sum":	{
				"start":	10.001042,
				"end":	11.001078,
				"seconds":	1.0000360012054443,
				"bytes":	1698026168,
				"bits_per_second":	13583720313.694288,
				"packets":	189768,
				"omitted":	false,
				"sender":	true
			}
		}, {
			"streams":	[{
					"socket":	5,
					"start":	11.001078,
					"end":	12.001016,
					"seconds":	0.99993801116943359,
					"bytes":	1799585968,
					"bits_per_second":	14397580233.16164,
					"packets":	201117,
					"omitted":	false,
					"sender":	true
				}],
			"sum":	{
				"start":	11.001078,
				"end":	12.001016,
				"seconds":	0.99993801116943359,
				"bytes":	1799585968,
				"bits_per_second":	14397580233.16164,
				"packets":	201117,
				"omitted":	false,
				"sender":	true
			}
		}, {
			"streams":	[{
					"socket":	5,
					"start":	12.001016,
					"end":	13.001082,
					"seconds":	1.0000660419464111,
					"bytes":	1705461956,
					"bits_per_second":	13642794651.286741,
					"packets":	190598,
					"omitted":	false,
					"sender":	true
				}],
			"sum":	{
				"start":	12.001016,
				"end":	13.001082,
				"seconds":	1.0000660419464111,
				"bytes":	1705461956,
				"bits_per_second":	13642794651.286741,
				"packets":	190598,
				"omitted":	false,
				"sender":	true
			}
		}, {
			"streams":	[{
					"socket":	5,
					"start":	13.001082,
					"end":	14.001031,
					"seconds":	0.99994897842407227,
					"bytes":	1611785344,
					"bits_per_second":	12894940672.19459,
					"packets":	180128,
					"omitted":	false,
					"sender":	true
				}],
			"sum":	{
				"start":	13.001082,
				"end":	14.001031,
				"seconds":	0.99994897842407227,
				"bytes":	1611785344,
				"bits_per_second":	12894940672.19459,
				"packets":	180128,
				"omitted":	false,
				"sender":	true
			}
		}, {
			"streams":	[{
					"socket":	5,
					"start":	14.001031,
					"end":	15.001054,