{
	"start":	{
		"connected":	[{
				"socket":	5,
				"local_host":	"172.16.99.2",
				"local_port":	48169,
				"remote_host":	"172.16.99.6",
				"remote_port":	5201
			}],
		"version":	"iperf 3.16",
		"system_info":	"Linux edge-7bf6f060000000000000ac1f6b24deb2 6.8.0-94-generic #96-Ubuntu SMP PREEMPT_DYNAMIC Fri Jan  9 20:36:55 UTC 2026 x86_64",
		"timestamp":	{
			"time":	"Sun, 17 May 2026 08:30:42 GMT",
			"timesecs":	1779006642
		},
		"connecting_to":	{
			"host":	"172.16.99.6",
			"port":	5201
		},
		"cookie":	"batafzu5poyahnz2fgie26melv6qobalemi3",
		"target_bitrate":	0,
		"fq_rate":	0,
		"sock_bufsize":	0,
		"sndbuf_actual":	212992,
		"rcvbuf_actual":	212992,
		"test_start":	{
			"protocol":	"UDP",
			"num_streams":	1,
			"blksize":	64,
			"omit":	0,
			"duration":	30,
			"bytes":	0,
			"blocks":	0,
			"reverse":	0,
			"tos":	0,
			"target_bitrate":	0,
			"bidir":	0,
			"fqrate":	0
		}
	},
	"intervals":	[{
			"streams":	[{
					"socket":	5,
					"start":	0,
					"end":	1.000762,
					"seconds":	1.0007619857788086,
					"bytes":	16971584,
					"bits_per_second":	135669293.92740631,
					"packets":	265182,
					"omitted":	false,
					"sender":	true
				}],
			"sum":	{
				"start":	0,
				"end":	1.000762,
				"seconds":	1.0007619857788086,
				"bytes":	16971584,
				"bits_per_second":	135669293.92740631,
				"packets":	265182,
				"omitted":	false,
				"sender":	true
			}
		}, {
			"streams":	[{
					"socket":	5,
					"start":	1.000762,
					"end":	2.000799,
					"seconds":	1.0000369548797607,
					"bytes":	17842432,
					"bits_per_second":	142734181.2754932,
					"packets":	278789,
					"omitted":	false,
					"sender":	true
				}],
			"sum":	{
				"start":	1.000762,
				"end":	2.000799,
				"seconds":	1.0000369548797607,
				"bytes":	17842432,
				"bits_per_second":	142734181.2754932,
				"packets":	278789,
				"omitted":	false,
				"sender":	true
			}
		}, {
			"streams":	[{
					"socket":	5,
					"start":	2.000799,
					"end":	3.000761,
					"seconds":	0.9999619722366333,
					"bytes":	17861696,
					"bits_per_second":	142899002.12943831,
					"packets":	279092,
					"omitted":	false,
					"sender":	true
				}],
			"sum":	{
				"start":	2.000799,
				"end":	3.000761,
				"seconds":	0.9999619722366333,
				"bytes":	17861696,
				"bits_per_second":	142899002.12943831,
				"packets":	279092,
				"omitted":	false,
				"sender":	true
			}
		}, {
			"streams":	[{
					"socket":	5,
					"start":	3.000761,
					"end":	4.000736,
					"seconds":	0.999975025653839,
					"bytes":	17737152,
					"bits_per_second":	141900759.87869769,
					"packets":	277144,
					"omitted":	false,
					"sender":	true
				}],
			"sum":	{
				"start":	3.000761,
				"end":	4.000736,
				"seconds":	0.999975025653839,
				"bytes":	17737152,
				"bits_per_second":	141900759.87869769,
				"packets":	277144,
				"omitted":	false,
				"sender":	true
			}
		}, {
			"streams":	[{
					"socket":	5,
					"start":	4.000736,
					"end":	5.000787,
					"seconds":	1.0000510215759277,
					"bytes":	17803904,
					"bits_per_second":	142423965.30484027,
					"packets":	278187,
					"omitted":	false,
					"sender":	true
				}],
			"sum":	{
				"start":	4.000736,
				"end":	5.000787,
				"seconds":	1.0000510215759277,
				"bytes":	17803904,
				"bits_per_second":	142423965.30484027,
				"packets":	278187,
				"omitted":	false,
				"sender":	true
			}
		}, {
			"streams":	[{
					"socket":	5,
					"start":	5.000787,
					"end":	6.000782,
					"seconds":	0.999994993209839,
					"bytes":	17944448,
					"bits_per_second":	143556302.75628421,
					"packets":	280383,
					"omitted":	false,
					"sender":	true
				}],
			"sum":	{
				"start":	5.000787,
				"end":	6.000782,
				"seconds":	0.999994993209839,
				"bytes":	17944448,
				"bits_per_second":	143556302.75628421,
				"packets":	280383,
				"omitted":	false,
				"sender":	true
			}
		}, {
			"streams":	[{
					"socket":	5,
					"start":	6.000782,
					"end":	7.000793,
					"seconds":	1.0000109672546387,
					"bytes":	17696640,
					"bits_per_second":	141571567.3485713,
					"packets":	276513,
					"omitted":	false,
					"sender":	true
				}],
			"sum":	{
				"start":	6.000782,
				"end":	7.000793,
				"seconds":	1.0000109672546387,
				"bytes":	17696640,
				"bits_per_second":	141571567.3485713,
				"packets":	276513,
				"omitted":	false,
				"sender":	true
			}
		}, {
			"streams":	[{
					"socket":	5,
					"start":	7.000793,
					"end":	8.000807,
					"seconds":	1.0000139474868774,
					"bytes":	18218880,
					"bits_per_second":	145749007.16763514,
					"packets":	284673,
					"omitted":	false,
					"sender":	true
				}],
			"sum":	{
				"start":	7.000793,
				"end":	8.000807,
				"seconds":	1.0000139474868774,
				"bytes":	18218880,
				"bits_per_second":	145749007.16763514,
				"packets":	284673,
				"omitted":	false,
				"sender":	true
			}
		}, {
			"streams":	[{
					"socket":	5,
					"start":	8.000807,
					"end":	9.000761,
					"seconds":	0.9999539852142334,
					"bytes":	17816704,
					"bits_per_second":	142540190.95635,
					"packets":	278389,
					"omitted":	false,
					"sender":	true
				}],
			"sum":	{
				"start":	8.000807,
				"end":	9.000761,
				"seconds":	0.9999539852142334,
				"bytes":	17816704,
				"bits_per_second":	142540190.95635,
				"packets":	278389,
				"omitted":	false,
				"sender":	true
			}
		}, {
			"streams":	[{
					"socket":	5,
					"start":	9.000761,
					"end":	10.000803,
					"seconds":	1.0000419616699219,
					"bytes":	17836544,
					"bits_per_second":	142686364.64186454,
					"packets":	278697,
					"omitted":	false,
					"sender":	true
				}],
			"sum":	{
				"start":	9.000761,
				"end":	10.000803,
				"seconds":	1.0000419616699219,
				"bytes":	17836544,
				"bits_per_second":	142686364.64186454,
				"packets":	278697,
				"omitted":	false,
				"sender":	true
			}
		}, {
			"streams":	[{
					"socket":	5,
					"start":	10.000803,
					"end":	11.000781,
					"seconds":	0.999978005886078,
					"bytes":	17897280,
					"bits_per_second":	143181389.14778444,
					"packets":	279646,
					"omitted":	false,
					"sender":	true
				}],
			"sum":	{
				"start":	10.000803,
				"end":	11.000781,
				"seconds":	0.999978005886078,
				"bytes":	17897280,
				"bits_per_second":	143181389.14778444,
				"packets":	279646,
				"omitted":	false,
				"sender":	true
			}
		}, {
			"streams":	[{
					"socket":	5,
					"start":	11.000781,
					"end":	12.000769,
					"seconds":	0.9999880194664,
					"bytes":	18003008,
					"bits_per_second":	144025789.50581041,
					"packets":	281298,
					"omitted":	false,
					"sender":	true
				}],
			"sum":	{
				"start":	11.000781,
				"end":	12.000769,
				"seconds":	0.9999880194664,
				"bytes":	18003008,
				"bits_per_second":	144025789.50581041,
				"packets":	281298,
				"omitted":	false,
				"sender":	true
			}
		}, {
			"streams":	[{
					"socket":	5,
					"start":	12.000769,
					"end":	13.001025,
					"seconds":	1.0002559423446655,
					"bytes":	17828416,
					"bits_per_second":	142590832.96788239,
					"packets":	278571,
					"omitted":	false,
					"sender":	true
				}],
			"sum":	{
				"start":	12.000769,
				"end":	13.001025,
				"seconds":	1.0002559423446655,
				"bytes":	17828416,
				"bits_per_second":	142590832.96788239,
				"packets":	278571,
				"omitted":	false,
				"sender":	true
			}
		}, {
			"streams":	[{
					"socket":	5,
					"start":	13.001025,
					"end":	14.00078,
					"seconds":	0.999755024909973,
					"bytes":	17757632,
					"bits_per_second":	142095865.94755295,
					"packets":	277463,
					"omitted":	false,
					"sender":	true
				}],
			"sum":	{
				"start":	13.001025,
				"end":	14.00078,
				"seconds":	0.999755024909973,
				"bytes":	17757632,
				"bits_per_second":	142095865.94755295,
				"packets":	277463,
				"omitted":	false,
				"sender":	true
			}
		}, {
			"streams":	[{
					"socket":	5,
					"start":	14.00078,
					"end":	15.001072,
					"seconds":	1.00029194355011,
					"bytes":	17550720,
					"bits_per_second":	140364781.40740553,