{
	"start":	{
		"connected":	[{
				"socket":	5,
				"local_host":	"172.16.99.2",
				"local_port":	42989,
				"remote_host":	"172.16.99.6",
				"remote_port":	5201
			}],
		"version":	"iperf 3.16",
		"system_info":	"Linux edge-7bf6f060000000000000ac1f6b24deb2 6.8.0-94-generic #96-Ubuntu SMP PREEMPT_DYNAMIC Fri Jan  9 20:36:55 UTC 2026 x86_64",
		"timestamp":	{
			"time":	"Sun, 17 May 2026 08:28:48 GMT",
			"timesecs":	1779006528
		},
		"connecting_to":	{
			"host":	"172.16.99.6",
			"port":	5201
		},
		"cookie":	"vy3ewnydwypdr66uv4wfnd4hcngby55ut7w3",
		"target_bitrate":	0,
		"fq_rate":	0,
		"sock_bufsize":	0,
		"sndbuf_actual":	212992,
		"rcvbuf_actual":	212992,
		"test_start":	{
			"protocol":	"UDP",
			"num_streams":	1,
			"blksize":	8948,
			"omit":	0,
			"duration":	30,
			"bytes":	0,
			"blocks":	0,
			"reverse":	0,
			"tos":	0,
			"target_bitrate":	0,
			"bidir":	0,
			"fqrate":	0
		}
	},
	"intervals":	[{
			"streams":	[{
					"socket":	5,
					"start":	0,
					"end":	1.000274,
					"seconds":	1.0002739429473877,
					"bytes":	1487452884,
					"bits_per_second":	11896364146.942389,
					"packets":	166235,
					"omitted":	false,
					"sender":	true
				}],
			"sum":	{
				"start":	0,
				"end":	1.000274,
				"seconds":	1.0002739429473877,
				"bytes":	1487452884,
				"bits_per_second":	11896364146.942389,
				"packets":	166235,
				"omitted":	false,
				"sender":	true
			}
		}, {
			"streams":	[{
					"socket":	5,
					"start":	1.000274,
					"end":	2.000463,
					"seconds":	1.000188946723938,
					"bytes":	1660596684,
					"bits_per_second":	13282263831.762508,
					"packets":	185583,
					"omitted":	false,
					"sender":	true
				}],
			"sum":	{
				"start":	1.000274,
				"end":	2.000463,
				"seconds":	1.000188946723938,
				"bytes":	1660596684,
				"bits_per_second":	13282263831.762508,
				"packets":	185583,
				"omitted":	false,
				"sender":	true
			}
		}, {
			"streams":	[{
					"socket":	5,
					"start":	2.000463,
					"end":	3.000272,
					"seconds":	0.99980902671813965,
					"bytes":	1545588040,
					"bits_per_second":	12367066099.199947,
					"packets":	172736,
					"omitted":	false,
					"sender":	true
				}],
			"sum":	{
				"start":	2.000463,
				"end":	3.000272,
				"seconds":	0.99980902671813965,
				"bytes":	1545588040,
				"bits_per_second":	12367066099.199947,
				"packets":	172736,
				"omitted":	false,
				"sender":	true
			}
		}, {
			"streams":	[{
					"socket":	5,
					"start":	3.000272,
					"end":	4.001079,
					"seconds":	1.0008070468902588,
					"bytes":	1706410444,
					"bits_per_second":	13640275210.309246,
					"packets":	190703,
					"omitted":	false,
					"sender":	true
				}],
			"sum":	{
				"start":	3.000272,
				"end":	4.001079,
				"seconds":	1.0008070468902588,
				"bytes":	1706410444,
				"bits_per_second":	13640275210.309246,
				"packets":	190703,
				"omitted":	false,
				"sender":	true
			}
		}, {
			"streams":	[{
					"socket":	5,
					"start":	4.001079,
					"end":	5.001076,
					"seconds":	0.99999701976776123,
					"bytes":	1746014292,
					"bits_per_second":	13968155964.348721,
					"packets":	195130,
					"omitted":	false,
					"sender":	true
				}],
			"sum":	{
				"start":	4.001079,
				"end":	5.001076,
				"seconds":	0.99999701976776123,
				"bytes":	1746014292,
				"bits_per_second":	13968155964.348721,
				"packets":	195130,
				"omitted":	false,
				"sender":	true
			}
		}, {
			"streams":	[{
					"socket":	5,
					"start":	5.001076,
					"end":	6.001101,
					"seconds":	1.0000250339508057,
					"bytes":	1790127932,
					"bits_per_second":	14320664953.178059,
					"packets":	200061,
					"omitted":	false,
					"sender":	true
				}],
			"sum":	{
				"start":	5.001076,
				"end":	6.001101,
				"seconds":	1.0000250339508057,
				"bytes":	1790127932,
				"bits_per_second":	14320664953.178059,
				"packets":	200061,
				"omitted":	false,
				"sender":	true
			}
		}, {
			"streams":	[{
					"socket":	5,
					"start":	6.001101,
					"end":	7.001071,
					"seconds":	0.999970018863678,
					"bytes":	1695905492,
					"bits_per_second":	13567650709.585493,
					"packets":	189531,
					"omitted":	false,
					"sender":	true
				}],
			"sum":	{
				"start":	6.001101,
				"end":	7.001071,
				"seconds":	0.999970018863678,
				"bytes":	1695905492,
				"bits_per_second":	13567650709.585493,
				"packets":	189531,
				"omitted":	false,
				"sender":	true
			}
		}, {
			"streams":	[{
					"socket":	5,
					"start":	7.001071,
					"end":	8.001082,
					"seconds":	1.0000109672546387,
					"bytes":	1536112108,
					"bits_per_second":	12288762090.016964,
					"packets":	171672,
					"omitted":	false,
					"sender":	true
				}],
			"sum":	{
				"start":	7.001071,
				"end":	8.001082,
				"seconds":	1.0000109672546387,
				"bytes":	1536112108,
				"bits_per_second":	12288762090.016964,
				"packets":	171672,
				"omitted":	false,
				"sender":	true
			}
		}, {
			"streams":	[{
					"socket":	5,
					"start":	8.001082,
					"end":	9.00107,
					"seconds":	0.9999880194664,
					"bytes":	1628339144,
					"bits_per_second":	13026869220.8444,
					"packets":	181979,
					"omitted":	false,
					"sender":	true
				}],
			"sum":	{
				"start":	8.001082,
				"end":	9.00107,
				"seconds":	0.9999880194664,
				"bytes":	1628339144,
				"bits_per_second":	13026869220.8444,
				"packets":	181979,
				"omitted":	false,
				"sender":	true
			}
		}, {
			"streams":	[{
					"socket":	5,
					"start":	9.00107,
					"end":	10.001068,
					"seconds":	0.99999797344207764,
					"bytes":	1678054232,
					"bits_per_second":	13424461061.447918,
					"packets":	187535,
					"omitted":	false,
					"sender":	true
				}],
			"sum":	{
				"start":	9.00107,
				"end":	10.001068,
				"seconds":	0.99999797344207764,
				"bytes":	1678054232,
				"bits_per_second":	13424461061.447918,
				"packets":	187535,
				"omitted":	false,
				"sender":	true
			}
		}, {
			"streams":	[{
					"socket":	5,
					"start":	10.001068,
					"end":	11.001076,
					"seconds":	1.0000079870224,
					"bytes":	1677741052,
					"bits_per_second":	13421821215.613304,
					"packets":	187500,
					"omitted":	false,
					"sender":	true
				}],
			"sum":	{
				"start":	10.001068,
				"end":	11.001076,
				"seconds":	1.0000079870224,
				"bytes":	1677741052,
				"bits_per_second":	13421821215.613304,
				"packets":	187500,
				"omitted":	false,
				"sender":	true
			}
		}, {
			"streams":	[{
					"socket":	5,
					"start":	11.001076,
					"end":	12.001068,
					"seconds":	0.9999920129776,
					"bytes":	1710159656,
					"bits_per_second":	13681386521.540609,
					"packets":	191122,
					"omitted":	false,
					"sender":	true
				}],
			"sum":	{
				"start":	11.001076,
				"end":	12.001068,
				"seconds":	0.9999920129776,
				"bytes":	1710159656,
				"bits_per_second":	13681386521.540609,
				"packets":	191122,
				"omitted":	false,
				"sender":	true
			}
		}, {
			"streams":	[{
					"socket":	5,
					"start":	12.001068,
					"end":	13.001071,
					"seconds":	1.0000029802322388,
					"bytes":	1647863680,
					"bits_per_second":	13182870151.985374,
					"packets":	184161,
					"omitted":	false,
					"sender":	true
				}],
			"sum":	{
				"start":	12.001068,
				"end":	13.001071,
				"seconds":	1.0000029802322388,
				"bytes":	1647863680,
				"bits_per_second":	13182870151.985374,
				"packets":	184161,
				"omitted":	false,
				"sender":	true
			}
		}, {
			"streams":	[{
					"socket":	5,
					"start":	13.001071,
					"end":	14.001071,
					"seconds":	1,
					"bytes":	1622156076,
					"bits_per_second":	12977248608,
					"packets":	181288,
					"omitted":	false,
					"sender":	true
				}],
			"sum":	{
				"start":	13.001071,
				"end":	14.001071,
				"seconds":	1,
				"bytes":	1622156076,
				"bits_per_second":	12977248608,
				"packets":	181288,
				"omitted":	false,
				"sender":	true
			}
		}, {
			"streams":	[{
					"socket":	5,
					"start":	14.001071,
					"end":	15.001071,
					"seconds":	1,
					"bytes":	1653706724,
					"bits_per_second":	13229653792,