{
	"start":	{
		"connected":	[{
				"socket":	5,
				"local_host":	"172.16.99.2",
				"local_port":	52554,
				"remote_host":	"172.16.99.6",
				"remote_port":	5201
			}],
		"version":	"iperf 3.16",
		"system_info":	"Linux edge-7bf6f060000000000000ac1f6b24deb2 6.8.0-94-generic #96-Ubuntu SMP PREEMPT_DYNAMIC Fri Jan  9 20:36:55 UTC 2026 x86_64",
		"timestamp":	{
			"time":	"Sun, 17 May 2026 08:29:26 GMT",
			"timesecs":	1779006566
		},
		"connecting_to":	{
			"host":	"172.16.99.6",
			"port":	5201
		},
		"cookie":	"ipnilahog5743o5jxpbzvpglakn33tjipx3o",
		"target_bitrate":	0,
		"fq_rate":	0,
		"sock_bufsize":	0,
		"sndbuf_actual":	212992,
		"rcvbuf_actual":	212992,
		"test_start":	{
			"protocol":	"UDP",
			"num_streams":	1,
			"blksize":	8948,
			"omit":	0,
			"duration":	30,
			"bytes":	0,
			"blocks":	0,
			"reverse":	0,
			"tos":	0,
			"target_bitrate":	0,
			"bidir":	0,
			"fqrate":	0
		}
	},
	"intervals":	[{
			"streams":	[{
					"socket":	5,
					"start":	0,
					"end":	1.000135,
					"seconds":	1.0001349449157715,
					"bytes":	1611570592,
					"bits_per_second":	12890825184.681229,
					"packets":	180105,
					"omitted":	false,
					"sender":	true
				}],
			"sum":	{
				"start":	0,
				"end":	1.000135,
				"seconds":	1.0001349449157715,
				"bytes":	1611570592,
				"bits_per_second":	12890825184.681229,
				"packets":	180105,
				"omitted":	false,
				"sender":	true
			}
		}, {
			"streams":	[{
					"socket":	5,
					"start":	1.000135,
					"end":	2.000685,
					"seconds":	1.0005500316619873,
					"bytes":	1667701396,
					"bits_per_second":	13334276893.518858,
					"packets":	186377,
					"omitted":	false,
					"sender":	true
				}],
			"sum":	{
				"start":	1.000135,
				"end":	2.000685,
				"seconds":	1.0005500316619873,
				"bytes":	1667701396,
				"bits_per_second":	13334276893.518858,
				"packets":	186377,
				"omitted":	false,
				"sender":	true
			}
		}, {
			"streams":	[{
					"socket":	5,
					"start":	2.000685,
					"end":	3.001068,
					"seconds":	1.0003830194473267,
					"bytes":	1609306748,
					"bits_per_second":	12869524705.759844,
					"packets":	179853,
					"omitted":	false,
					"sender":	true
				}],
			"sum":	{
				"start":	2.000685,
				"end":	3.001068,
				"seconds":	1.0003830194473267,
				"bytes":	1609306748,
				"bits_per_second":	12869524705.759844,
				"packets":	179853,
				"omitted":	false,
				"sender":	true
			}
		}, {
			"streams":	[{
					"socket":	5,
					"start":	3.001068,
					"end":	4.000121,
					"seconds":	0.99905300140380859,
					"bytes":	1600537708,
					"bits_per_second":	12816438813.564619,
					"packets":	178871,
					"omitted":	false,
					"sender":	true
				}],
			"sum":	{
				"start":	3.001068,
				"end":	4.000121,
				"seconds":	0.99905300140380859,
				"bytes":	1600537708,
				"bits_per_second":	12816438813.564619,
				"packets":	178871,
				"omitted":	false,
				"sender":	true
			}
		}, {
			"streams":	[{
					"socket":	5,
					"start":	4.000121,
					"end":	5.00107,
					"seconds":	1.0009490251541138,
					"bytes":	1654046748,
					"bits_per_second":	13219828034.662046,
					"packets":	184851,
					"omitted":	false,
					"sender":	true
				}],
			"sum":	{
				"start":	4.000121,
				"end":	5.00107,
				"seconds":	1.0009490251541138,
				"bytes":	1654046748,
				"bits_per_second":	13219828034.662046,
				"packets":	184851,
				"omitted":	false,
				"sender":	true
			}
		}, {
			"streams":	[{
					"socket":	5,
					"start":	5.00107,
					"end":	6.001127,
					"seconds":	1.0000569820404053,
					"bytes":	1583617040,
					"bits_per_second":	12668214459.291819,
					"packets":	176982,
					"omitted":	false,
					"sender":	true
				}],
			"sum":	{
				"start":	5.00107,
				"end":	6.001127,
				"seconds":	1.0000569820404053,
				"bytes":	1583617040,
				"bits_per_second":	12668214459.291819,
				"packets":	176982,
				"omitted":	false,
				"sender":	true
			}
		}, {
			"streams":	[{
					"socket":	5,
					"start":	6.001127,
					"end":	7.001071,
					"seconds":	0.999943971633911,
					"bytes":	1621717624,
					"bits_per_second":	12974467930.239004,
					"packets":	181240,
					"omitted":	false,
					"sender":	true
				}],
			"sum":	{
				"start":	6.001127,
				"end":	7.001071,
				"seconds":	0.999943971633911,
				"bytes":	1621717624,
				"bits_per_second":	12974467930.239004,
				"packets":	181240,
				"omitted":	false,
				"sender":	true
			}
		}, {
			"streams":	[{
					"socket":	5,
					"start":	7.001071,
					"end":	8.001071,
					"seconds":	1,
					"bytes":	1663952184,
					"bits_per_second":	13311617472,
					"packets":	185959,
					"omitted":	false,
					"sender":	true
				}],
			"sum":	{
				"start":	7.001071,
				"end":	8.001071,
				"seconds":	1,
				"bytes":	1663952184,
				"bits_per_second":	13311617472,
				"packets":	185959,
				"omitted":	false,
				"sender":	true
			}
		}, {
			"streams":	[{
					"socket":	5,
					"start":	8.001071,
					"end":	9.001072,
					"seconds":	1.0000009536743164,
					"bytes":	1734283464,
					"bits_per_second":	13874254480.479843,
					"packets":	193818,
					"omitted":	false,
					"sender":	true
				}],
			"sum":	{
				"start":	8.001071,
				"end":	9.001072,
				"seconds":	1.0000009536743164,
				"bytes":	1734283464,
				"bits_per_second":	13874254480.479843,
				"packets":	193818,
				"omitted":	false,
				"sender":	true
			}
		}, {
			"streams":	[{
					"socket":	5,
					"start":	9.001072,
					"end":	10.001108,
					"seconds":	1.0000360012054443,
					"bytes":	1744385756,
					"bits_per_second":	13954583666.166544,
					"packets":	194948,
					"omitted":	false,
					"sender":	true
				}],
			"sum":	{
				"start":	9.001072,
				"end":	10.001108,
				"seconds":	1.0000360012054443,
				"bytes":	1744385756,
				"bits_per_second":	13954583666.166544,
				"packets":	194948,
				"omitted":	false,
				"sender":	true
			}
		}, {
			"streams":	[{
					"socket":	5,
					"start":	10.001108,
					"end":	11.001071,
					"seconds":	0.99996298551559448,
					"bytes":	1658270204,
					"bits_per_second":	13266652690.309118,
					"packets":	185325,
					"omitted":	false,
					"sender":	true
				}],
			"sum":	{
				"start":	10.001108,
				"end":	11.001071,
				"seconds":	0.99996298551559448,
				"bytes":	1658270204,
				"bits_per_second":	13266652690.309118,
				"packets":	185325,
				"omitted":	false,
				"sender":	true
			}
		}, {
			"streams":	[{
					"socket":	5,
					"start":	11.001071,
					"end":	12.00107,
					"seconds":	0.99999898672103882,
					"bytes":	1659343964,
					"bits_per_second":	13274765163.040255,
					"packets":	185445,
					"omitted":	false,
					"sender":	true
				}],
			"sum":	{
				"start":	11.001071,
				"end":	12.00107,
				"seconds":	0.99999898672103882,
				"bytes":	1659343964,
				"bits_per_second":	13274765163.040255,
				"packets":	185445,
				"omitted":	false,
				"sender":	true
			}
		}, {
			"streams":	[{
					"socket":	5,
					"start":	12.00107,
					"end":	13.001073,
					"seconds":	1.0000029802322388,
					"bytes":	1661724132,
					"bits_per_second":	13293753437.527431,
					"packets":	185709,
					"omitted":	false,
					"sender":	true
				}],
			"sum":	{
				"start":	12.00107,
				"end":	13.001073,
				"seconds":	1.0000029802322388,
				"bytes":	1661724132,
				"bits_per_second":	13293753437.527431,
				"packets":	185709,
				"omitted":	false,
				"sender":	true
			}
		}, {
			"streams":	[{
					"socket":	5,
					"start":	13.001073,
					"end":	14.001069,
					"seconds":	0.9999960064888,
					"bytes":	1664184832,
					"bits_per_second":	13313531823.738449,
					"packets":	185985,
					"omitted":	false,
					"sender":	true
				}],
			"sum":	{
				"start":	13.001073,
				"end":	14.001069,
				"seconds":	0.9999960064888,
				"bytes":	1664184832,
				"bits_per_second":	13313531823.738449,
				"packets":	185985,
				"omitted":	false,
				"sender":	true
			}
		}, {
			"streams":	[{
					"socket":	5,
					"start":	14.001069,
					"end":	15.001069,
					"seconds":	1,
					"bytes":	1670868988,
					"bits_per_second":	13366951904,