{
	"start":	{
		"connected":	[{
				"socket":	5,
				"local_host":	"172.16.99.2",
				"local_port":	39535,
				"remote_host":	"172.16.99.6",
				"remote_port":	5201
			}],
		"version":	"iperf 3.16",
		"system_info":	"Linux edge-7bf6f060000000000000ac1f6b24deb2 6.8.0-94-generic #96-Ubuntu SMP PREEMPT_DYNAMIC Fri Jan  9 20:36:55 UTC 2026 x86_64",
		"timestamp":	{
			"time":	"Sun, 17 May 2026 08:33:14 GMT",
			"timesecs":	1779006794
		},
		"connecting_to":	{
			"host":	"172.16.99.6",
			"port":	5201
		},
		"cookie":	"4xqiyo5dgjtm4q3zwccksqzrdxvr6l53rriw",
		"target_bitrate":	0,
		"fq_rate":	0,
		"sock_bufsize":	0,
		"sndbuf_actual":	212992,
		"rcvbuf_actual":	212992,
		"test_start":	{
			"protocol":	"UDP",
			"num_streams":	1,
			"blksize":	1400,
			"omit":	0,
			"duration":	30,
			"bytes":	0,
			"blocks":	0,
			"reverse":	0,
			"tos":	0,
			"target_bitrate":	0,
			"bidir":	0,
			"fqrate":	0
		}
	},
	"intervals":	[{
			"streams":	[{
					"socket":	5,
					"start":	0,
					"end":	1.000534,
					"seconds":	1.0005340576171875,
					"bytes":	386152200,
					"bits_per_second":	3087568660.4383035,
					"packets":	275824,
					"omitted":	false,
					"sender":	true
				}],
			"sum":	{
				"start":	0,
				"end":	1.000534,
				"seconds":	1.0005340576171875,
				"bytes":	386152200,
				"bits_per_second":	3087568660.4383035,
				"packets":	275824,
				"omitted":	false,
				"sender":	true
			}
		}, {
			"streams":	[{
					"socket":	5,
					"start":	1.000534,
					"end":	2.001073,
					"seconds":	1.0005389451980591,
					"bytes":	405967800,
					"bits_per_second":	3245992987.6663637,
					"packets":	289978,
					"omitted":	false,
					"sender":	true
				}],
			"sum":	{
				"start":	1.000534,
				"end":	2.001073,
				"seconds":	1.0005389451980591,
				"bytes":	405967800,
				"bits_per_second":	3245992987.6663637,
				"packets":	289978,
				"omitted":	false,
				"sender":	true
			}
		}, {
			"streams":	[{
					"socket":	5,
					"start":	2.001073,
					"end":	3.000554,
					"seconds":	0.99948102235794067,
					"bytes":	403523400,
					"bits_per_second":	3229863426.9054689,
					"packets":	288236,
					"omitted":	false,
					"sender":	true
				}],
			"sum":	{
				"start":	2.001073,
				"end":	3.000554,
				"seconds":	0.99948102235794067,
				"bytes":	403523400,
				"bits_per_second":	3229863426.9054689,
				"packets":	288236,
				"omitted":	false,
				"sender":	true
			}
		}, {
			"streams":	[{
					"socket":	5,
					"start":	3.000554,
					"end":	4.001037,
					"seconds":	1.00048303604126,
					"bytes":	398090000,
					"bits_per_second":	3183182408.17095,
					"packets":	284350,
					"omitted":	false,
					"sender":	true
				}],
			"sum":	{
				"start":	3.000554,
				"end":	4.001037,
				"seconds":	1.00048303604126,
				"bytes":	398090000,
				"bits_per_second":	3183182408.17095,
				"packets":	284350,
				"omitted":	false,
				"sender":	true
			}
		}, {
			"streams":	[{
					"socket":	5,
					"start":	4.001037,
					"end":	5.000577,
					"seconds":	0.99953997135162354,
					"bytes":	401132200,
					"bits_per_second":	3210534537.86402,
					"packets":	286524,
					"omitted":	false,
					"sender":	true
				}],
			"sum":	{
				"start":	4.001037,
				"end":	5.000577,
				"seconds":	0.99953997135162354,
				"bytes":	401132200,
				"bits_per_second":	3210534537.86402,
				"packets":	286524,
				"omitted":	false,
				"sender":	true
			}
		}, {
			"streams":	[{
					"socket":	5,
					"start":	5.000577,
					"end":	6.000564,
					"seconds":	0.999987006187439,
					"bytes":	402540600,
					"bits_per_second":	3220366644.8405609,
					"packets":	287532,
					"omitted":	false,
					"sender":	true
				}],
			"sum":	{
				"start":	5.000577,
				"end":	6.000564,
				"seconds":	0.999987006187439,
				"bytes":	402540600,
				"bits_per_second":	3220366644.8405609,
				"packets":	287532,
				"omitted":	false,
				"sender":	true
			}
		}, {
			"streams":	[{
					"socket":	5,
					"start":	6.000564,
					"end":	7.000538,
					"seconds":	0.999974012374878,
					"bytes":	403974200,
					"bits_per_second":	3231877588.8232188,
					"packets":	288556,
					"omitted":	false,
					"sender":	true
				}],
			"sum":	{
				"start":	6.000564,
				"end":	7.000538,
				"seconds":	0.999974012374878,
				"bytes":	403974200,
				"bits_per_second":	3231877588.8232188,
				"packets":	288556,
				"omitted":	false,
				"sender":	true
			}
		}, {
			"streams":	[{
					"socket":	5,
					"start":	7.000538,
					"end":	8.000555,
					"seconds":	1.0000170469284058,
					"bytes":	397388600,
					"bits_per_second":	3179054606.8837185,
					"packets":	283852,
					"omitted":	false,
					"sender":	true
				}],
			"sum":	{
				"start":	7.000538,
				"end":	8.000555,
				"seconds":	1.0000170469284058,
				"bytes":	397388600,
				"bits_per_second":	3179054606.8837185,
				"packets":	283852,
				"omitted":	false,
				"sender":	true
			}
		}, {
			"streams":	[{
					"socket":	5,
					"start":	8.000555,
					"end":	9.001035,
					"seconds":	1.000480055809021,
					"bytes":	410979800,
					"bits_per_second":	3286260811.4075255,
					"packets":	293567,
					"omitted":	false,
					"sender":	true
				}],
			"sum":	{
				"start":	8.000555,
				"end":	9.001035,
				"seconds":	1.000480055809021,
				"bytes":	410979800,
				"bits_per_second":	3286260811.4075255,
				"packets":	293567,
				"omitted":	false,
				"sender":	true
			}
		}, {
			"streams":	[{
					"socket":	5,
					"start":	9.001035,
					"end":	10.001034,
					"seconds":	0.99999898672103882,
					"bytes":	405413400,
					"bits_per_second":	3243310486.37828,
					"packets":	289581,
					"omitted":	false,
					"sender":	true
				}],
			"sum":	{
				"start":	9.001035,
				"end":	10.001034,
				"seconds":	0.99999898672103882,
				"bytes":	405413400,
				"bits_per_second":	3243310486.37828,
				"packets":	289581,
				"omitted":	false,
				"sender":	true
			}
		}, {
			"streams":	[{
					"socket":	5,
					"start":	10.001034,
					"end":	11.001056,
					"seconds":	1.0000220537185669,
					"bytes":	408324000,
					"bits_per_second":	3266519961.0880852,
					"packets":	291669,
					"omitted":	false,
					"sender":	true
				}],
			"sum":	{
				"start":	10.001034,
				"end":	11.001056,
				"seconds":	1.0000220537185669,
				"bytes":	408324000,
				"bits_per_second":	3266519961.0880852,
				"packets":	291669,
				"omitted":	false,
				"sender":	true
			}
		}, {
			"streams":	[{
					"socket":	5,
					"start":	11.001056,
					"end":	12.000537,
					"seconds":	0.99948102235794067,
					"bytes":	400124200,
					"bits_per_second":	3202655706.7069945,
					"packets":	285804,
					"omitted":	false,
					"sender":	true
				}],
			"sum":	{
				"start":	11.001056,
				"end":	12.000537,
				"seconds":	0.99948102235794067,
				"bytes":	400124200,
				"bits_per_second":	3202655706.7069945,
				"packets":	285804,
				"omitted":	false,
				"sender":	true
			}
		}, {
			"streams":	[{
					"socket":	5,
					"start":	12.000537,
					"end":	13.000547,
					"seconds":	1.0000100135803223,
					"bytes":	407282400,
					"bits_per_second":	3258226573.4864984,
					"packets":	290917,
					"omitted":	false,
					"sender":	true
				}],
			"sum":	{
				"start":	12.000537,
				"end":	13.000547,
				"seconds":	1.0000100135803223,
				"bytes":	407282400,
				"bits_per_second":	3258226573.4864984,
				"packets":	290917,
				"omitted":	false,
				"sender":	true
			}
		}, {
			"streams":	[{
					"socket":	5,
					"start":	13.000547,
					"end":	14.000564,
					"seconds":	1.0000170469284058,
					"bytes":	408385600,
					"bits_per_second":	3267029107.18871,
					"packets":	291705,
					"omitted":	false,
					"sender":	true
				}],
			"sum":	{
				"start":	13.000547,
				"end":	14.000564,
				"seconds":	1.0000170469284058,
				"bytes":	408385600,
				"bits_per_second":	3267029107.18871,
				"packets":	291705,
				"omitted":	false,
				"sender":	true
			}
		}, {
			"streams":	[{
					"socket":	5,
					"start":	14.000564,
					"end":	15.001074,
					"seconds":	1.0005099773406982,
					"bytes":	399008400,