{
	"start":	{
		"connected":	[{
				"socket":	5,
				"local_host":	"172.16.99.2",
				"local_port":	50730,
				"remote_host":	"172.16.99.6",
				"remote_port":	5201
			}],
		"version":	"iperf 3.16",
		"system_info":	"Linux edge-7bf6f060000000000000ac1f6b24deb2 6.8.0-94-generic #96-Ubuntu SMP PREEMPT_DYNAMIC Fri Jan  9 20:36:55 UTC 2026 x86_64",
		"timestamp":	{
			"time":	"Sun, 17 May 2026 08:33:52 GMT",
			"timesecs":	1779006832
		},
		"connecting_to":	{
			"host":	"172.16.99.6",
			"port":	5201
		},
		"cookie":	"qk55kgxmhobb3ijqy3a2cfikaihiao5htmio",
		"target_bitrate":	0,
		"fq_rate":	0,
		"sock_bufsize":	0,
		"sndbuf_actual":	212992,
		"rcvbuf_actual":	212992,
		"test_start":	{
			"protocol":	"UDP",
			"num_streams":	1,
			"blksize":	1400,
			"omit":	0,
			"duration":	30,
			"bytes":	0,
			"blocks":	0,
			"reverse":	0,
			"tos":	0,
			"target_bitrate":	0,
			"bidir":	0,
			"fqrate":	0
		}
	},
	"intervals":	[{
			"streams":	[{
					"socket":	5,
					"start":	0,
					"end":	1.000925,
					"seconds":	1.0009249448776245,
					"bytes":	341793200,
					"bits_per_second":	2731818818.1775284,
					"packets":	244140,
					"omitted":	false,
					"sender":	true
				}],
			"sum":	{
				"start":	0,
				"end":	1.000925,
				"seconds":	1.0009249448776245,
				"bytes":	341793200,
				"bits_per_second":	2731818818.1775284,
				"packets":	244140,
				"omitted":	false,
				"sender":	true
			}
		}, {
			"streams":	[{
					"socket":	5,
					"start":	1.000925,
					"end":	2.001059,
					"seconds":	1.0001339912414551,
					"bytes":	386923600,
					"bits_per_second":	3094974100.5779924,
					"packets":	276374,
					"omitted":	false,
					"sender":	true
				}],
			"sum":	{
				"start":	1.000925,
				"end":	2.001059,
				"seconds":	1.0001339912414551,
				"bytes":	386923600,
				"bits_per_second":	3094974100.5779924,
				"packets":	276374,
				"omitted":	false,
				"sender":	true
			}
		}, {
			"streams":	[{
					"socket":	5,
					"start":	2.001059,
					"end":	3.000913,
					"seconds":	0.999854028224945,
					"bytes":	381274600,
					"bits_per_second":	3050642107.64351,
					"packets":	272344,
					"omitted":	false,
					"sender":	true
				}],
			"sum":	{
				"start":	2.001059,
				"end":	3.000913,
				"seconds":	0.999854028224945,
				"bytes":	381274600,
				"bits_per_second":	3050642107.64351,
				"packets":	272344,
				"omitted":	false,
				"sender":	true
			}
		}, {
			"streams":	[{
					"socket":	5,
					"start":	3.000913,
					"end":	4.001065,
					"seconds":	1.0001519918441772,
					"bytes":	389793600,
					"bits_per_second":	3117874908.4427519,
					"packets":	278425,
					"omitted":	false,
					"sender":	true
				}],
			"sum":	{
				"start":	3.000913,
				"end":	4.001065,
				"seconds":	1.0001519918441772,
				"bytes":	389793600,
				"bits_per_second":	3117874908.4427519,
				"packets":	278425,
				"omitted":	false,
				"sender":	true
			}
		}, {
			"streams":	[{
					"socket":	5,
					"start":	4.001065,
					"end":	5.00094,
					"seconds":	0.999875009059906,
					"bytes":	393111600,
					"bits_per_second":	3145285932.2455359,
					"packets":	280795,
					"omitted":	false,
					"sender":	true
				}],
			"sum":	{
				"start":	4.001065,
				"end":	5.00094,
				"seconds":	0.999875009059906,
				"bytes":	393111600,
				"bits_per_second":	3145285932.2455359,
				"packets":	280795,
				"omitted":	false,
				"sender":	true
			}
		}, {
			"streams":	[{
					"socket":	5,
					"start":	5.00094,
					"end":	6.001068,
					"seconds":	1.0001280307769775,
					"bytes":	396848200,
					"bits_per_second":	3174379181.7669373,
					"packets":	283466,
					"omitted":	false,
					"sender":	true
				}],
			"sum":	{
				"start":	5.00094,
				"end":	6.001068,
				"seconds":	1.0001280307769775,
				"bytes":	396848200,
				"bits_per_second":	3174379181.7669373,
				"packets":	283466,
				"omitted":	false,
				"sender":	true
			}
		}, {
			"streams":	[{
					"socket":	5,
					"start":	6.001068,
					"end":	7.001056,
					"seconds":	0.9999880194664,
					"bytes":	400579200,
					"bits_per_second":	3204671993.6804967,
					"packets":	286138,
					"omitted":	false,
					"sender":	true
				}],
			"sum":	{
				"start":	6.001068,
				"end":	7.001056,
				"seconds":	0.9999880194664,
				"bytes":	400579200,
				"bits_per_second":	3204671993.6804967,
				"packets":	286138,
				"omitted":	false,
				"sender":	true
			}
		}, {
			"streams":	[{
					"socket":	5,
					"start":	7.001056,
					"end":	8.000903,
					"seconds":	0.99984699487686157,
					"bytes":	391091400,
					"bits_per_second":	3129209985.1591053,
					"packets":	279352,
					"omitted":	false,
					"sender":	true
				}],
			"sum":	{
				"start":	7.001056,
				"end":	8.000903,
				"seconds":	0.99984699487686157,
				"bytes":	391091400,
				"bits_per_second":	3129209985.1591053,
				"packets":	279352,
				"omitted":	false,
				"sender":	true
			}
		}, {
			"streams":	[{
					"socket":	5,
					"start":	8.000903,
					"end":	9.000903,
					"seconds":	1,
					"bytes":	392464800,
					"bits_per_second":	3139718400,
					"packets":	280333,
					"omitted":	false,
					"sender":	true
				}],
			"sum":	{
				"start":	8.000903,
				"end":	9.000903,
				"seconds":	1,
				"bytes":	392464800,
				"bits_per_second":	3139718400,
				"packets":	280333,
				"omitted":	false,
				"sender":	true
			}
		}, {
			"streams":	[{
					"socket":	5,
					"start":	9.000903,
					"end":	10.000908,
					"seconds":	1.0000050067901611,
					"bytes":	394073400,
					"bits_per_second":	3152571415.7364535,
					"packets":	281482,
					"omitted":	false,
					"sender":	true
				}],
			"sum":	{
				"start":	9.000903,
				"end":	10.000908,
				"seconds":	1.0000050067901611,
				"bytes":	394073400,
				"bits_per_second":	3152571415.7364535,
				"packets":	281482,
				"omitted":	false,
				"sender":	true
			}
		}, {
			"streams":	[{
					"socket":	5,
					"start":	10.000908,
					"end":	11.000901,
					"seconds":	0.99999302625656128,
					"bytes":	398795600,
					"bits_per_second":	3190387048.94075,
					"packets":	284857,
					"omitted":	false,
					"sender":	true
				}],
			"sum":	{
				"start":	10.000908,
				"end":	11.000901,
				"seconds":	0.99999302625656128,
				"bytes":	398795600,
				"bits_per_second":	3190387048.94075,
				"packets":	284857,
				"omitted":	false,
				"sender":	true
			}
		}, {
			"streams":	[{
					"socket":	5,
					"start":	11.000901,
					"end":	12.001046,
					"seconds":	1.0001449584960938,
					"bytes":	390290600,
					"bits_per_second":	3121872258.09247,
					"packets":	278779,
					"omitted":	false,
					"sender":	true
				}],
			"sum":	{
				"start":	11.000901,
				"end":	12.001046,
				"seconds":	1.0001449584960938,
				"bytes":	390290600,
				"bits_per_second":	3121872258.09247,
				"packets":	278779,
				"omitted":	false,
				"sender":	true
			}
		}, {
			"streams":	[{
					"socket":	5,
					"start":	12.001046,
					"end":	13.000915,
					"seconds":	0.99986898899078369,
					"bytes":	389095000,
					"bits_per_second":	3113167859.2631021,
					"packets":	277926,
					"omitted":	false,
					"sender":	true
				}],
			"sum":	{
				"start":	12.001046,
				"end":	13.000915,
				"seconds":	0.99986898899078369,
				"bytes":	389095000,
				"bits_per_second":	3113167859.2631021,
				"packets":	277926,
				"omitted":	false,
				"sender":	true
			}
		}, {
			"streams":	[{
					"socket":	5,
					"start":	13.000915,
					"end":	14.00095,
					"seconds":	1.0000350475311279,
					"bytes":	391714400,
					"bits_per_second":	3133605374.8680816,
					"packets":	279797,
					"omitted":	false,
					"sender":	true
				}],
			"sum":	{
				"start":	13.000915,
				"end":	14.00095,
				"seconds":	1.0000350475311279,
				"bytes":	391714400,
				"bits_per_second":	3133605374.8680816,
				"packets":	279797,
				"omitted":	false,
				"sender":	true
			}
		}, {
			"streams":	[{
					"socket":	5,
					"start":	14.00095,
					"end":	15.001071,
					"seconds":	1.000120997428894,
					"bytes":	393944600,
					"bits_per_second":	3151175515.8645864,
					"packets":	281389,