{
	"start":	{
		"connected":	[{
				"socket":	5,
				"local_host":	"172.16.99.2",
				"local_port":	57509,
				"remote_host":	"172.16.99.6",
				"remote_port":	5201
			}],
		"version":	"iperf 3.16",
		"system_info":	"Linux edge-7bf6f060000000000000ac1f6b24deb2 6.8.0-94-generic #96-Ubuntu SMP PREEMPT_DYNAMIC Fri Jan  9 20:36:55 UTC 2026 x86_64",
		"timestamp":	{
			"time":	"Sun, 17 May 2026 08:32:36 GMT",
			"timesecs":	1779006756
		},
		"connecting_to":	{
			"host":	"172.16.99.6",
			"port":	5201
		},
		"cookie":	"ccqckhgud5t4zm2jf2hczias2owxvlpqquqk",
		"target_bitrate":	0,
		"fq_rate":	0,
		"sock_bufsize":	0,
		"sndbuf_actual":	212992,
		"rcvbuf_actual":	212992,
		"test_start":	{
			"protocol":	"UDP",
			"num_streams":	1,
			"blksize":	64,
			"omit":	0,
			"duration":	30,
			"bytes":	0,
			"blocks":	0,
			"reverse":	0,
			"tos":	0,
			"target_bitrate":	0,
			"bidir":	0,
			"fqrate":	0
		}
	},
	"intervals":	[{
			"streams":	[{
					"socket":	5,
					"start":	0,
					"end":	1.000077,
					"seconds":	1.00007700920105,
					"bytes":	17530112,
					"bits_per_second":	140230096.99226749,
					"packets":	273909,
					"omitted":	false,
					"sender":	true
				}],
			"sum":	{
				"start":	0,
				"end":	1.000077,
				"seconds":	1.00007700920105,
				"bytes":	17530112,
				"bits_per_second":	140230096.99226749,
				"packets":	273909,
				"omitted":	false,
				"sender":	true
			}
		}, {
			"streams":	[{
					"socket":	5,
					"start":	1.000077,
					"end":	2.000099,
					"seconds":	1.0000220537185669,
					"bytes":	18011072,
					"bits_per_second":	144085398.3811745,
					"packets":	281425,
					"omitted":	false,
					"sender":	true
				}],
			"sum":	{
				"start":	1.000077,
				"end":	2.000099,
				"seconds":	1.0000220537185669,
				"bytes":	18011072,
				"bits_per_second":	144085398.3811745,
				"packets":	281425,
				"omitted":	false,
				"sender":	true
			}
		}, {
			"streams":	[{
					"socket":	5,
					"start":	2.000099,
					"end":	3.000062,
					"seconds":	0.99996298551559448,
					"bytes":	17957440,
					"bits_per_second":	143664837.67989391,
					"packets":	280593,
					"omitted":	false,
					"sender":	true
				}],
			"sum":	{
				"start":	2.000099,
				"end":	3.000062,
				"seconds":	0.99996298551559448,
				"bytes":	17957440,
				"bits_per_second":	143664837.67989391,
				"packets":	280593,
				"omitted":	false,
				"sender":	true
			}
		}, {
			"streams":	[{
					"socket":	5,
					"start":	3.000062,
					"end":	4.000061,
					"seconds":	0.99999898672103882,
					"bytes":	18307392,
					"bits_per_second":	146459284.40411156,
					"packets":	286053,
					"omitted":	false,
					"sender":	true
				}],
			"sum":	{
				"start":	3.000062,
				"end":	4.000061,
				"seconds":	0.99999898672103882,
				"bytes":	18307392,
				"bits_per_second":	146459284.40411156,
				"packets":	286053,
				"omitted":	false,
				"sender":	true
			}
		}, {
			"streams":	[{
					"socket":	5,
					"start":	4.000061,
					"end":	5.000083,
					"seconds":	1.0000220537185669,
					"bytes":	16777408,
					"bits_per_second":	134216304.03140381,
					"packets":	262154,
					"omitted":	false,
					"sender":	true
				}],
			"sum":	{
				"start":	4.000061,
				"end":	5.000083,
				"seconds":	1.0000220537185669,
				"bytes":	16777408,
				"bits_per_second":	134216304.03140381,
				"packets":	262154,
				"omitted":	false,
				"sender":	true
			}
		}, {
			"streams":	[{
					"socket":	5,
					"start":	5.000083,
					"end":	6.000094,
					"seconds":	1.0000109672546387,
					"bytes":	17751936,
					"bits_per_second":	142013930.497062,
					"packets":	277377,
					"omitted":	false,
					"sender":	true
				}],
			"sum":	{
				"start":	5.000083,
				"end":	6.000094,
				"seconds":	1.0000109672546387,
				"bytes":	17751936,
				"bits_per_second":	142013930.497062,
				"packets":	277377,
				"omitted":	false,
				"sender":	true
			}
		}, {
			"streams":	[{
					"socket":	5,
					"start":	6.000094,
					"end":	7.000071,
					"seconds":	0.9999769926071167,
					"bytes":	18032000,
					"bits_per_second":	144259319.03083,
					"packets":	281752,
					"omitted":	false,
					"sender":	true
				}],
			"sum":	{
				"start":	6.000094,
				"end":	7.000071,
				"seconds":	0.9999769926071167,
				"bytes":	18032000,
				"bits_per_second":	144259319.03083,
				"packets":	281752,
				"omitted":	false,
				"sender":	true
			}
		}, {
			"streams":	[{
					"socket":	5,
					"start":	7.000071,
					"end":	8.000087,
					"seconds":	1.0000159740448,
					"bytes":	18072512,
					"bits_per_second":	144577786.50796127,
					"packets":	282384,
					"omitted":	false,
					"sender":	true
				}],
			"sum":	{
				"start":	7.000071,
				"end":	8.000087,
				"seconds":	1.0000159740448,
				"bytes":	18072512,
				"bits_per_second":	144577786.50796127,
				"packets":	282384,
				"omitted":	false,
				"sender":	true
			}
		}, {
			"streams":	[{
					"socket":	5,
					"start":	8.000087,
					"end":	9.000049,
					"seconds":	0.9999619722366333,
					"bytes":	17763392,
					"bits_per_second":	142112540.222051,
					"packets":	277554,
					"omitted":	false,
					"sender":	true
				}],
			"sum":	{
				"start":	8.000087,
				"end":	9.000049,
				"seconds":	0.9999619722366333,
				"bytes":	17763392,
				"bits_per_second":	142112540.222051,
				"packets":	277554,
				"omitted":	false,
				"sender":	true
			}
		}, {
			"streams":	[{
					"socket":	5,
					"start":	9.000049,
					"end":	10.000048,
					"seconds":	0.99999898672103882,
					"bytes":	17830592,
					"bits_per_second":	142644880.53905636,
					"packets":	278604,
					"omitted":	false,
					"sender":	true
				}],
			"sum":	{
				"start":	9.000049,
				"end":	10.000048,
				"seconds":	0.99999898672103882,
				"bytes":	17830592,
				"bits_per_second":	142644880.53905636,
				"packets":	278604,
				"omitted":	false,
				"sender":	true
			}
		}, {
			"streams":	[{
					"socket":	5,
					"start":	10.000048,
					"end":	11.00007,
					"seconds":	1.0000220537185669,
					"bytes":	17453504,
					"bits_per_second":	139624952.75058714,
					"packets":	272712,
					"omitted":	false,
					"sender":	true
				}],
			"sum":	{
				"start":	10.000048,
				"end":	11.00007,
				"seconds":	1.0000220537185669,
				"bytes":	17453504,
				"bits_per_second":	139624952.75058714,
				"packets":	272712,
				"omitted":	false,
				"sender":	true
			}
		}, {
			"streams":	[{
					"socket":	5,
					"start":	11.00007,
					"end":	12.000471,
					"seconds":	1.0004010200500488,
					"bytes":	17735104,
					"bits_per_second":	141823957.74936524,
					"packets":	277111,
					"omitted":	false,
					"sender":	true
				}],
			"sum":	{
				"start":	11.00007,
				"end":	12.000471,
				"seconds":	1.0004010200500488,
				"bytes":	17735104,
				"bits_per_second":	141823957.74936524,
				"packets":	277111,
				"omitted":	false,
				"sender":	true
			}
		}, {
			"streams":	[{
					"socket":	5,
					"start":	12.000471,
					"end":	13.00005,
					"seconds":	0.99957901239395142,
					"bytes":	17554176,
					"bits_per_second":	140492553.62381774,
					"packets":	274288,
					"omitted":	false,
					"sender":	true
				}],
			"sum":	{
				"start":	12.000471,
				"end":	13.00005,
				"seconds":	0.99957901239395142,
				"bytes":	17554176,
				"bits_per_second":	140492553.62381774,
				"packets":	274288,
				"omitted":	false,
				"sender":	true
			}
		}, {
			"streams":	[{
					"socket":	5,
					"start":	13.00005,
					"end":	14.001076,
					"seconds":	1.0010260343551636,
					"bytes":	17416320,
					"bits_per_second":	139187748.58813071,
					"packets":	272131,
					"omitted":	false,
					"sender":	true
				}],
			"sum":	{
				"start":	13.00005,
				"end":	14.001076,
				"seconds":	1.0010260343551636,
				"bytes":	17416320,
				"bits_per_second":	139187748.58813071,
				"packets":	272131,
				"omitted":	false,
				"sender":	true
			}
		}, {
			"streams":	[{
					"socket":	5,
					"start":	14.001076,
					"end":	15.001089,
					"seconds":	1.000012993812561,
					"bytes":	17680256,
					"bits_per_second":	141440210.1524207,