{
	"start":	{
		"connected":	[{
				"socket":	5,
				"local_host":	"172.16.99.2",
				"local_port":	60292,
				"remote_host":	"172.16.99.6",
				"remote_port":	5201
			}],
		"version":	"iperf 3.16",
		"system_info":	"Linux edge-7bf6f060000000000000ac1f6b24deb2 6.8.0-94-generic #96-Ubuntu SMP PREEMPT_DYNAMIC Fri Jan  9 20:36:55 UTC 2026 x86_64",
		"timestamp":	{
			"time":	"Sun, 17 May 2026 08:27:32 GMT",
			"timesecs":	1779006452
		},
		"connecting_to":	{
			"host":	"172.16.99.6",
			"port":	5201
		},
		"cookie":	"odhk4upnsozjkgocz65pll6tr5uiio2f2453",
		"target_bitrate":	0,
		"fq_rate":	0,
		"sock_bufsize":	0,
		"sndbuf_actual":	212992,
		"rcvbuf_actual":	212992,
		"test_start":	{
			"protocol":	"UDP",
			"num_streams":	1,
			"blksize":	8948,
			"omit":	0,
			"duration":	30,
			"bytes":	0,
			"blocks":	0,
			"reverse":	0,
			"tos":	0,
			"target_bitrate":	0,
			"bidir":	0,
			"fqrate":	0
		}
	},
	"intervals":	[{
			"streams":	[{
					"socket":	5,
					"start":	0,
					"end":	1.00062,
					"seconds":	1.0006200075149536,
					"bytes":	1475847328,
					"bits_per_second":	11799462868.349207,
					"packets":	164937,
					"omitted":	false,
					"sender":	true
				}],
			"sum":	{
				"start":	0,
				"end":	1.00062,
				"seconds":	1.0006200075149536,
				"bytes":	1475847328,
				"bits_per_second":	11799462868.349207,
				"packets":	164937,
				"omitted":	false,
				"sender":	true
			}
		}, {
			"streams":	[{
					"socket":	5,
					"start":	1.00062,
					"end":	2.000592,
					"seconds":	0.99997198581695557,
					"bytes":	1584610268,
					"bits_per_second":	12677237286.445841,
					"packets":	177092,
					"omitted":	false,
					"sender":	true
				}],
			"sum":	{
				"start":	1.00062,
				"end":	2.000592,
				"seconds":	0.99997198581695557,
				"bytes":	1584610268,
				"bits_per_second":	12677237286.445841,
				"packets":	177092,
				"omitted":	false,
				"sender":	true
			}
		}, {
			"streams":	[{
					"socket":	5,
					"start":	2.000592,
					"end":	3.000568,
					"seconds":	0.99997597932815552,
					"bytes":	1654869964,
					"bits_per_second":	13239277728.34577,
					"packets":	184944,
					"omitted":	false,
					"sender":	true
				}],
			"sum":	{
				"start":	2.000592,
				"end":	3.000568,
				"seconds":	0.99997597932815552,
				"bytes":	1654869964,
				"bits_per_second":	13239277728.34577,
				"packets":	184944,
				"omitted":	false,
				"sender":	true
			}
		}, {
			"streams":	[{
					"socket":	5,
					"start":	3.000568,
					"end":	4.000583,
					"seconds":	1.0000150203704834,
					"bytes":	1734256620,
					"bits_per_second":	13873844569.714533,
					"packets":	193815,
					"omitted":	false,
					"sender":	true
				}],
			"sum":	{
				"start":	3.000568,
				"end":	4.000583,
				"seconds":	1.0000150203704834,
				"bytes":	1734256620,
				"bits_per_second":	13873844569.714533,
				"packets":	193815,
				"omitted":	false,
				"sender":	true
			}
		}, {
			"streams":	[{
					"socket":	5,
					"start":	4.000583,
					"end":	5.000607,
					"seconds":	1.0000239610672,
					"bytes":	1730471616,
					"bits_per_second":	13843441224.374548,
					"packets":	193394,
					"omitted":	false,
					"sender":	true
				}],
			"sum":	{
				"start":	4.000583,
				"end":	5.000607,
				"seconds":	1.0000239610672,
				"bytes":	1730471616,
				"bits_per_second":	13843441224.374548,
				"packets":	193394,
				"omitted":	false,
				"sender":	true
			}
		}, {
			"streams":	[{
					"socket":	5,
					"start":	5.000607,
					"end":	6.000563,
					"seconds":	0.99995601177215576,
					"bytes":	1545632780,
					"bits_per_second":	12365606181.102127,
					"packets":	172736,
					"omitted":	false,
					"sender":	true
				}],
			"sum":	{
				"start":	5.000607,
				"end":	6.000563,
				"seconds":	0.99995601177215576,
				"bytes":	1545632780,
				"bits_per_second":	12365606181.102127,
				"packets":	172736,
				"omitted":	false,
				"sender":	true
			}
		}, {
			"streams":	[{
					"socket":	5,
					"start":	6.000563,
					"end":	7.000571,
					"seconds":	1.0000079870224,
					"bytes":	1625753172,
					"bits_per_second":	13005921497.41367,
					"packets":	181690,
					"omitted":	false,
					"sender":	true
				}],
			"sum":	{
				"start":	6.000563,
				"end":	7.000571,
				"seconds":	1.0000079870224,
				"bytes":	1625753172,
				"bits_per_second":	13005921497.41367,
				"packets":	181690,
				"omitted":	false,
				"sender":	true
			}
		}, {
			"streams":	[{
					"socket":	5,
					"start":	7.000571,
					"end":	8.000608,
					"seconds":	1.0000369548797607,
					"bytes":	1588932152,
					"bits_per_second":	12710987482.985926,
					"packets":	177575,
					"omitted":	false,
					"sender":	true
				}],
			"sum":	{
				"start":	7.000571,
				"end":	8.000608,
				"seconds":	1.0000369548797607,
				"bytes":	1588932152,
				"bits_per_second":	12710987482.985926,
				"packets":	177575,
				"omitted":	false,
				"sender":	true
			}
		}, {
			"streams":	[{
					"socket":	5,
					"start":	8.000608,
					"end":	9.000759,
					"seconds":	1.0001510381698608,
					"bytes":	1612751728,
					"bits_per_second":	12900065421.727617,
					"packets":	180236,
					"omitted":	false,
					"sender":	true
				}],
			"sum":	{
				"start":	8.000608,
				"end":	9.000759,
				"seconds":	1.0001510381698608,
				"bytes":	1612751728,
				"bits_per_second":	12900065421.727617,
				"packets":	180236,
				"omitted":	false,
				"sender":	true
			}
		}, {
			"streams":	[{
					"socket":	5,
					"start":	9.000759,
					"end":	10.001028,
					"seconds":	1.0002690553665161,
					"bytes":	1633582672,
					"bits_per_second":	13065146128.319859,
					"packets":	182565,
					"omitted":	false,
					"sender":	true
				}],
			"sum":	{
				"start":	9.000759,
				"end":	10.001028,
				"seconds":	1.0002690553665161,
				"bytes":	1633582672,
				"bits_per_second":	13065146128.319859,
				"packets":	182565,
				"omitted":	false,
				"sender":	true
			}
		}, {
			"streams":	[{
					"socket":	5,
					"start":	10.001028,
					"end":	11.00059,
					"seconds":	0.99956202507019043,
					"bytes":	1627417500,
					"bits_per_second":	13025044643.01329,
					"packets":	181876,
					"omitted":	false,
					"sender":	true
				}],
			"sum":	{
				"start":	10.001028,
				"end":	11.00059,
				"seconds":	0.99956202507019043,
				"bytes":	1627417500,
				"bits_per_second":	13025044643.01329,
				"packets":	181876,
				"omitted":	false,
				"sender":	true
			}
		}, {
			"streams":	[{
					"socket":	5,
					"start":	11.00059,
					"end":	12.000602,
					"seconds":	1.0000120401382446,
					"bytes":	1189645548,
					"bits_per_second":	9517049797.40476,
					"packets":	132951,
					"omitted":	false,
					"sender":	true
				}],
			"sum":	{
				"start":	11.00059,
				"end":	12.000602,
				"seconds":	1.0000120401382446,
				"bytes":	1189645548,
				"bits_per_second":	9517049797.40476,
				"packets":	132951,
				"omitted":	false,
				"sender":	true
			}
		}, {
			"streams":	[{
					"socket":	5,
					"start":	12.000602,
					"end":	13.000571,
					"seconds":	0.9999690055847168,
					"bytes":	1643228616,
					"bits_per_second":	13146236387.910019,
					"packets":	183643,
					"omitted":	false,
					"sender":	true
				}],
			"sum":	{
				"start":	12.000602,
				"end":	13.000571,
				"seconds":	0.9999690055847168,
				"bytes":	1643228616,
				"bits_per_second":	13146236387.910019,
				"packets":	183643,
				"omitted":	false,
				"sender":	true
			}
		}, {
			"streams":	[{
					"socket":	5,
					"start":	13.000571,
					"end":	14.000569,
					"seconds":	0.99999797344207764,
					"bytes":	1634244824,
					"bits_per_second":	13073985087.188055,
					"packets":	182638,
					"omitted":	false,
					"sender":	true
				}],
			"sum":	{
				"start":	13.000571,
				"end":	14.000569,
				"seconds":	0.99999797344207764,
				"bytes":	1634244824,
				"bits_per_second":	13073985087.188055,
				"packets":	182638,
				"omitted":	false,
				"sender":	true
			}
		}, {
			"streams":	[{
					"socket":	5,
					"start":	14.000569,
					"end":	15.000622,
					"seconds":	1.00005304813385,