{
	"start":	{
		"connected":	[{
				"socket":	5,
				"local_host":	"172.16.99.2",
				"local_port":	45437,
				"remote_host":	"172.16.99.6",
				"remote_port":	5201
			}],
		"version":	"iperf 3.16",
		"system_info":	"Linux edge-7bf6f060000000000000ac1f6b24deb2 6.8.0-94-generic #96-Ubuntu SMP PREEMPT_DYNAMIC Fri Jan  9 20:36:55 UTC 2026 x86_64",
		"timestamp":	{
			"time":	"Sun, 17 May 2026 08:30:04 GMT",
			"timesecs":	1779006604
		},
		"connecting_to":	{
			"host":	"172.16.99.6",
			"port":	5201
		},
		"cookie":	"tsmpvbdmug4zmhtepwi4r54bmdcufyn4pq3g",
		"target_bitrate":	0,
		"fq_rate":	0,
		"sock_bufsize":	0,
		"sndbuf_actual":	212992,
		"rcvbuf_actual":	212992,
		"test_start":	{
			"protocol":	"UDP",
			"num_streams":	1,
			"blksize":	64,
			"omit":	0,
			"duration":	30,
			"bytes":	0,
			"blocks":	0,
			"reverse":	0,
			"tos":	0,
			"target_bitrate":	0,
			"bidir":	0,
			"fqrate":	0
		}
	},
	"intervals":	[{
			"streams":	[{
					"socket":	5,
					"start":	0,
					"end":	1.000926,
					"seconds":	1.0009260177612305,
					"bytes":	18596544,
					"bits_per_second":	148634713.61525688,
					"packets":	290572,
					"omitted":	false,
					"sender":	true
				}],
			"sum":	{
				"start":	0,
				"end":	1.000926,
				"seconds":	1.0009260177612305,
				"bytes":	18596544,
				"bits_per_second":	148634713.61525688,
				"packets":	290572,
				"omitted":	false,
				"sender":	true
			}
		}, {
			"streams":	[{
					"socket":	5,
					"start":	1.000926,
					"end":	2.001064,
					"seconds":	1.0001380443573,
					"bytes":	19425984,
					"bits_per_second":	155386421.78127208,
					"packets":	303532,
					"omitted":	false,
					"sender":	true
				}],
			"sum":	{
				"start":	1.000926,
				"end":	2.001064,
				"seconds":	1.0001380443573,
				"bytes":	19425984,
				"bits_per_second":	155386421.78127208,
				"packets":	303532,
				"omitted":	false,
				"sender":	true
			}
		}, {
			"streams":	[{
					"socket":	5,
					"start":	2.001064,
					"end":	3.001032,
					"seconds":	0.99996799230575562,
					"bytes":	19572032,
					"bits_per_second":	156581267.80534431,
					"packets":	305819,
					"omitted":	false,
					"sender":	true
				}],
			"sum":	{
				"start":	2.001064,
				"end":	3.001032,
				"seconds":	0.99996799230575562,
				"bytes":	19572032,
				"bits_per_second":	156581267.80534431,
				"packets":	305819,
				"omitted":	false,
				"sender":	true
			}
		}, {
			"streams":	[{
					"socket":	5,
					"start":	3.001032,
					"end":	4.001064,
					"seconds":	1.0000319480895996,
					"bytes":	19621952,
					"bits_per_second":	156970601.08917189,
					"packets":	306593,
					"omitted":	false,
					"sender":	true
				}],
			"sum":	{
				"start":	3.001032,
				"end":	4.001064,
				"seconds":	1.0000319480895996,
				"bytes":	19621952,
				"bits_per_second":	156970601.08917189,
				"packets":	306593,
				"omitted":	false,
				"sender":	true
			}
		}, {
			"streams":	[{
					"socket":	5,
					"start":	4.001064,
					"end":	5.000895,
					"seconds":	0.99983102083206177,
					"bytes":	19558848,
					"bits_per_second":	156497228.77150244,
					"packets":	305608,
					"omitted":	false,
					"sender":	true
				}],
			"sum":	{
				"start":	4.001064,
				"end":	5.000895,
				"seconds":	0.99983102083206177,
				"bytes":	19558848,
				"bits_per_second":	156497228.77150244,
				"packets":	305608,
				"omitted":	false,
				"sender":	true
			}
		}, {
			"streams":	[{
					"socket":	5,
					"start":	5.000895,
					"end":	6.000913,
					"seconds":	1.0000180006027222,
					"bytes":	19536320,
					"bits_per_second":	156287746.72636083,
					"packets":	305257,
					"omitted":	false,
					"sender":	true
				}],
			"sum":	{
				"start":	5.000895,
				"end":	6.000913,
				"seconds":	1.0000180006027222,
				"bytes":	19536320,
				"bits_per_second":	156287746.72636083,
				"packets":	305257,
				"omitted":	false,
				"sender":	true
			}
		}, {
			"streams":	[{
					"socket":	5,
					"start":	6.000913,
					"end":	7.000877,
					"seconds":	0.99996399879455566,
					"bytes":	19498304,
					"bits_per_second":	155992047.90176418,
					"packets":	304664,
					"omitted":	false,
					"sender":	true
				}],
			"sum":	{
				"start":	6.000913,
				"end":	7.000877,
				"seconds":	0.99996399879455566,
				"bytes":	19498304,
				"bits_per_second":	155992047.90176418,
				"packets":	304664,
				"omitted":	false,
				"sender":	true
			}
		}, {
			"streams":	[{
					"socket":	5,
					"start":	7.000877,
					"end":	8.000909,
					"seconds":	1.0000319480895996,
					"bytes":	19377984,
					"bits_per_second":	155018919.44167206,
					"packets":	302782,
					"omitted":	false,
					"sender":	true
				}],
			"sum":	{
				"start":	7.000877,
				"end":	8.000909,
				"seconds":	1.0000319480895996,
				"bytes":	19377984,
				"bits_per_second":	155018919.44167206,
				"packets":	302782,
				"omitted":	false,
				"sender":	true
			}
		}, {
			"streams":	[{
					"socket":	5,
					"start":	8.000909,
					"end":	9.000935,
					"seconds":	1.0000259876251221,
					"bytes":	19373760,
					"bits_per_second":	154986052.28057417,
					"packets":	302717,
					"omitted":	false,
					"sender":	true
				}],
			"sum":	{
				"start":	8.000909,
				"end":	9.000935,
				"seconds":	1.0000259876251221,
				"bytes":	19373760,
				"bits_per_second":	154986052.28057417,
				"packets":	302717,
				"omitted":	false,
				"sender":	true
			}
		}, {
			"streams":	[{
					"socket":	5,
					"start":	9.000935,
					"end":	10.000934,
					"seconds":	0.99999898672103882,
					"bytes":	19457280,
					"bits_per_second":	155658397.72537956,
					"packets":	304022,
					"omitted":	false,
					"sender":	true
				}],
			"sum":	{
				"start":	9.000935,
				"end":	10.000934,
				"seconds":	0.99999898672103882,
				"bytes":	19457280,
				"bits_per_second":	155658397.72537956,
				"packets":	304022,
				"omitted":	false,
				"sender":	true
			}
		}, {
			"streams":	[{
					"socket":	5,
					"start":	10.000934,
					"end":	11.000893,
					"seconds":	0.99995899200439453,
					"bytes":	19465920,
					"bits_per_second":	155733746.32878506,
					"packets":	304155,
					"omitted":	false,
					"sender":	true
				}],
			"sum":	{
				"start":	10.000934,
				"end":	11.000893,
				"seconds":	0.99995899200439453,
				"bytes":	19465920,
				"bits_per_second":	155733746.32878506,
				"packets":	304155,
				"omitted":	false,
				"sender":	true
			}
		}, {
			"streams":	[{
					"socket":	5,
					"start":	11.000893,
					"end":	12.000926,
					"seconds":	1.0000330209732056,
					"bytes":	19719488,
					"bits_per_second":	157750694.91852993,
					"packets":	308118,
					"omitted":	false,
					"sender":	true
				}],
			"sum":	{
				"start":	11.000893,
				"end":	12.000926,
				"seconds":	1.0000330209732056,
				"bytes":	19719488,
				"bits_per_second":	157750694.91852993,
				"packets":	308118,
				"omitted":	false,
				"sender":	true
			}
		}, {
			"streams":	[{
					"socket":	5,
					"start":	12.000926,
					"end":	13.00094,
					"seconds":	1.0000139474868774,
					"bytes":	19504064,
					"bits_per_second":	156030335.76893938,
					"packets":	304752,
					"omitted":	false,
					"sender":	true
				}],
			"sum":	{
				"start":	12.000926,
				"end":	13.00094,
				"seconds":	1.0000139474868774,
				"bytes":	19504064,
				"bits_per_second":	156030335.76893938,
				"packets":	304752,
				"omitted":	false,
				"sender":	true
			}
		}, {
			"streams":	[{
					"socket":	5,
					"start":	13.00094,
					"end":	14.001072,
					"seconds":	1.0001319646835327,
					"bytes":	19614016,
					"bits_per_second":	156891423.87289962,
					"packets":	306470,
					"omitted":	false,
					"sender":	true
				}],
			"sum":	{
				"start":	13.00094,
				"end":	14.001072,
				"seconds":	1.0001319646835327,
				"bytes":	19614016,
				"bits_per_second":	156891423.87289962,
				"packets":	306470,
				"omitted":	false,
				"sender":	true
			}
		}, {
			"streams":	[{
					"socket":	5,
					"start":	14.001072,
					"end":	15.00093,
					"seconds":	0.999858021736145,
					"bytes":	19438016,