{
	"start":	{
		"connected":	[{
				"socket":	5,
				"local_host":	"172.16.99.2",
				"local_port":	44981,
				"remote_host":	"172.16.99.6",
				"remote_port":	5201
			}],
		"version":	"iperf 3.16",
		"system_info":	"Linux edge-7bf6f060000000000000ac1f6b24deb2 6.8.0-94-generic #96-Ubuntu SMP PREEMPT_DYNAMIC Fri Jan  9 20:36:55 UTC 2026 x86_64",
		"timestamp":	{
			"time":	"Sun, 17 May 2026 08:35:46 GMT",
			"timesecs":	1779006946
		},
		"connecting_to":	{
			"host":	"172.16.99.6",
			"port":	5201
		},
		"cookie":	"kjekkplxgdzpe4lqby3pf3st6zm6gbcftxys",
		"target_bitrate":	0,
		"fq_rate":	0,
		"sock_bufsize":	0,
		"sndbuf_actual":	212992,
		"rcvbuf_actual":	212992,
		"test_start":	{
			"protocol":	"UDP",
			"num_streams":	1,
			"blksize":	1400,
			"omit":	0,
			"duration":	30,
			"bytes":	0,
			"blocks":	0,
			"reverse":	0,
			"tos":	0,
			"target_bitrate":	0,
			"bidir":	0,
			"fqrate":	0
		}
	},
	"intervals":	[{
			"streams":	[{
					"socket":	5,
					"start":	0,
					"end":	1.000845,
					"seconds":	1.0008449554443359,
					"bytes":	374780000,
					"bits_per_second":	2995708759.5739532,
					"packets":	267701,
					"omitted":	false,
					"sender":	true
				}],
			"sum":	{
				"start":	0,
				"end":	1.000845,
				"seconds":	1.0008449554443359,
				"bytes":	374780000,
				"bits_per_second":	2995708759.5739532,
				"packets":	267701,
				"omitted":	false,
				"sender":	true
			}
		}, {
			"streams":	[{
					"socket":	5,
					"start":	1.000845,
					"end":	2.000892,
					"seconds":	1.000046968460083,
					"bytes":	391420400,
					"bits_per_second":	3131216131.6001115,
					"packets":	279586,
					"omitted":	false,
					"sender":	true
				}],
			"sum":	{
				"start":	1.000845,
				"end":	2.000892,
				"seconds":	1.000046968460083,
				"bytes":	391420400,
				"bits_per_second":	3131216131.6001115,
				"packets":	279586,
				"omitted":	false,
				"sender":	true
			}
		}, {
			"streams":	[{
					"socket":	5,
					"start":	2.000892,
					"end":	3.001039,
					"seconds":	1.0001469850540161,
					"bytes":	388112200,
					"bits_per_second":	3104441293.5287809,
					"packets":	277228,
					"omitted":	false,
					"sender":	true
				}],
			"sum":	{
				"start":	2.000892,
				"end":	3.001039,
				"seconds":	1.0001469850540161,
				"bytes":	388112200,
				"bits_per_second":	3104441293.5287809,
				"packets":	277228,
				"omitted":	false,
				"sender":	true
			}
		}, {
			"streams":	[{
					"socket":	5,
					"start":	3.001039,
					"end":	4.000843,
					"seconds":	0.99980401992797852,
					"bytes":	330079400,
					"bits_per_second":	2641152813.318574,
					"packets":	235772,
					"omitted":	false,
					"sender":	true
				}],
			"sum":	{
				"start":	3.001039,
				"end":	4.000843,
				"seconds":	0.99980401992797852,
				"bytes":	330079400,
				"bits_per_second":	2641152813.318574,
				"packets":	235772,
				"omitted":	false,
				"sender":	true
			}
		}, {
			"streams":	[{
					"socket":	5,
					"start":	4.000843,
					"end":	5.0011,
					"seconds":	1.0002570152282715,
					"bytes":	377036800,
					"bits_per_second":	3015519365.6018929,
					"packets":	269315,
					"omitted":	false,
					"sender":	true
				}],
			"sum":	{
				"start":	4.000843,
				"end":	5.0011,
				"seconds":	1.0002570152282715,
				"bytes":	377036800,
				"bits_per_second":	3015519365.6018929,
				"packets":	269315,
				"omitted":	false,
				"sender":	true
			}
		}, {
			"streams":	[{
					"socket":	5,
					"start":	5.0011,
					"end":	6.001078,
					"seconds":	0.999978005886078,
					"bytes":	387826600,
					"bits_per_second":	3102681040.7202735,
					"packets":	277025,
					"omitted":	false,
					"sender":	true
				}],
			"sum":	{
				"start":	5.0011,
				"end":	6.001078,
				"seconds":	0.999978005886078,
				"bytes":	387826600,
				"bits_per_second":	3102681040.7202735,
				"packets":	277025,
				"omitted":	false,
				"sender":	true
			}
		}, {
			"streams":	[{
					"socket":	5,
					"start":	6.001078,
					"end":	7.001074,
					"seconds":	0.9999960064888,
					"bytes":	386012200,
					"bits_per_second":	3088109932.4016018,
					"packets":	275725,
					"omitted":	false,
					"sender":	true
				}],
			"sum":	{
				"start":	6.001078,
				"end":	7.001074,
				"seconds":	0.9999960064888,
				"bytes":	386012200,
				"bits_per_second":	3088109932.4016018,
				"packets":	275725,
				"omitted":	false,
				"sender":	true
			}
		}, {
			"streams":	[{
					"socket":	5,
					"start":	7.001074,
					"end":	8.001063,
					"seconds":	0.99998897314071655,
					"bytes":	381816400,
					"bits_per_second":	3054564882.2571287,
					"packets":	272727,
					"omitted":	false,
					"sender":	true
				}],
			"sum":	{
				"start":	7.001074,
				"end":	8.001063,
				"seconds":	0.99998897314071655,
				"bytes":	381816400,
				"bits_per_second":	3054564882.2571287,
				"packets":	272727,
				"omitted":	false,
				"sender":	true
			}
		}, {
			"streams":	[{
					"socket":	5,
					"start":	8.001063,
					"end":	9.001068,
					"seconds":	1.0000050067901611,
					"bytes":	380853200,
					"bits_per_second":	3046810345.25994,
					"packets":	272039,
					"omitted":	false,
					"sender":	true
				}],
			"sum":	{
				"start":	8.001063,
				"end":	9.001068,
				"seconds":	1.0000050067901611,
				"bytes":	380853200,
				"bits_per_second":	3046810345.25994,
				"packets":	272039,
				"omitted":	false,
				"sender":	true
			}
		}, {
			"streams":	[{
					"socket":	5,
					"start":	9.001068,
					"end":	10.001046,
					"seconds":	0.999978005886078,
					"bytes":	388208800,
					"bits_per_second":	3105738707.9709554,
					"packets":	277293,
					"omitted":	false,
					"sender":	true
				}],
			"sum":	{
				"start":	9.001068,
				"end":	10.001046,
				"seconds":	0.999978005886078,
				"bytes":	388208800,
				"bits_per_second":	3105738707.9709554,
				"packets":	277293,
				"omitted":	false,
				"sender":	true
			}
		}, {
			"streams":	[{
					"socket":	5,
					"start":	10.001046,
					"end":	11.000959,
					"seconds":	0.999912977218628,
					"bytes":	384741000,
					"bits_per_second":	3078195873.166491,
					"packets":	274817,
					"omitted":	false,
					"sender":	true
				}],
			"sum":	{
				"start":	10.001046,
				"end":	11.000959,
				"seconds":	0.999912977218628,
				"bytes":	384741000,
				"bits_per_second":	3078195873.166491,
				"packets":	274817,
				"omitted":	false,
				"sender":	true
			}
		}, {
			"streams":	[{
					"socket":	5,
					"start":	11.000959,
					"end":	12.001068,
					"seconds":	1.0001089572906494,
					"bytes":	387900800,
					"bits_per_second":	3102868319.8746247,
					"packets":	277072,
					"omitted":	false,
					"sender":	true
				}],
			"sum":	{
				"start":	11.000959,
				"end":	12.001068,
				"seconds":	1.0001089572906494,
				"bytes":	387900800,
				"bits_per_second":	3102868319.8746247,
				"packets":	277072,
				"omitted":	false,
				"sender":	true
			}
		}, {
			"streams":	[{
					"socket":	5,
					"start":	12.001068,
					"end":	13.001066,
					"seconds":	0.99999797344207764,
					"bytes":	383184200,
					"bits_per_second":	3065479812.3724,
					"packets":	273705,
					"omitted":	false,
					"sender":	true
				}],
			"sum":	{
				"start":	12.001068,
				"end":	13.001066,
				"seconds":	0.99999797344207764,
				"bytes":	383184200,
				"bits_per_second":	3065479812.3724,
				"packets":	273705,
				"omitted":	false,
				"sender":	true
			}
		}, {
			"streams":	[{
					"socket":	5,
					"start":	13.001066,
					"end":	14.001052,
					"seconds":	0.99998599290847778,
					"bytes":	383912200,
					"bits_per_second":	3071340620.5491681,
					"packets":	274225,
					"omitted":	false,
					"sender":	true
				}],
			"sum":	{
				"start":	13.001066,
				"end":	14.001052,
				"seconds":	0.99998599290847778,
				"bytes":	383912200,
				"bits_per_second":	3071340620.5491681,
				"packets":	274225,
				"omitted":	false,
				"sender":	true
			}
		}, {
			"streams":	[{
					"socket":	5,
					"start":	14.001052,
					"end":	15.001064,
					"seconds":	1.0000120401382446,
					"bytes":	382582200,