{
	"start":	{
		"connected":	[{
				"socket":	5,
				"local_host":	"172.16.99.2",
				"local_port":	44008,
				"remote_host":	"172.16.99.6",
				"remote_port":	5201
			}],
		"version":	"iperf 3.16",
		"system_info":	"Linux edge-7bf6f060000000000000ac1f6b24deb2 6.8.0-94-generic #96-Ubuntu SMP PREEMPT_DYNAMIC Fri Jan  9 20:36:55 UTC 2026 x86_64",
		"timestamp":	{
			"time":	"Sun, 17 May 2026 08:26:54 GMT",
			"timesecs":	1779006414
		},
		"connecting_to":	{
			"host":	"172.16.99.6",
			"port":	5201
		},
		"cookie":	"ssqtch53jv3cl6qe4fex3ywpecu3kq62kmaf",
		"target_bitrate":	0,
		"fq_rate":	0,
		"sock_bufsize":	0,
		"sndbuf_actual":	212992,
		"rcvbuf_actual":	212992,
		"test_start":	{
			"protocol":	"UDP",
			"num_streams":	1,
			"blksize":	8948,
			"omit":	0,
			"duration":	30,
			"bytes":	0,
			"blocks":	0,
			"reverse":	0,
			"tos":	0,
			"target_bitrate":	0,
			"bidir":	0,
			"fqrate":	0
		}
	},
	"intervals":	[{
			"streams":	[{
					"socket":	5,
					"start":	0,
					"end":	1.000032,
					"seconds":	1.0000319480895996,
					"bytes":	1482084084,
					"bits_per_second":	11856293886.060608,
					"packets":	165634,
					"omitted":	false,
					"sender":	true
				}],
			"sum":	{
				"start":	0,
				"end":	1.000032,
				"seconds":	1.0000319480895996,
				"bytes":	1482084084,
				"bits_per_second":	11856293886.060608,
				"packets":	165634,
				"omitted":	false,
				"sender":	true
			}
		}, {
			"streams":	[{
					"socket":	5,
					"start":	1.000032,
					"end":	2.000095,
					"seconds":	1.0000629425048828,
					"bytes":	1517562904,
					"bits_per_second":	12139739126.410759,
					"packets":	169598,
					"omitted":	false,
					"sender":	true
				}],
			"sum":	{
				"start":	1.000032,
				"end":	2.000095,
				"seconds":	1.0000629425048828,
				"bytes":	1517562904,
				"bits_per_second":	12139739126.410759,
				"packets":	169598,
				"omitted":	false,
				"sender":	true
			}
		}, {
			"streams":	[{
					"socket":	5,
					"start":	2.000095,
					"end":	3.000051,
					"seconds":	0.99995601177215576,
					"bytes":	1524721304,
					"bits_per_second":	12198307013.908241,
					"packets":	170401,
					"omitted":	false,
					"sender":	true
				}],
			"sum":	{
				"start":	2.000095,
				"end":	3.000051,
				"seconds":	0.99995601177215576,
				"bytes":	1524721304,
				"bits_per_second":	12198307013.908241,
				"packets":	170401,
				"omitted":	false,
				"sender":	true
			}
		}, {
			"streams":	[{
					"socket":	5,
					"start":	3.000051,
					"end":	4.000046,
					"seconds":	0.999994993209839,
					"bytes":	1676747824,
					"bits_per_second":	13414049753.332325,
					"packets":	187388,
					"omitted":	false,
					"sender":	true
				}],
			"sum":	{
				"start":	3.000051,
				"end":	4.000046,
				"seconds":	0.999994993209839,
				"bytes":	1676747824,
				"bits_per_second":	13414049753.332325,
				"packets":	187388,
				"omitted":	false,
				"sender":	true
			}
		}, {
			"streams":	[{
					"socket":	5,
					"start":	4.000046,
					"end":	5.000058,
					"seconds":	1.0000120401382446,
					"bytes":	1636723420,
					"bits_per_second":	13093629710.888157,
					"packets":	182915,
					"omitted":	false,
					"sender":	true
				}],
			"sum":	{
				"start":	4.000046,
				"end":	5.000058,
				"seconds":	1.0000120401382446,
				"bytes":	1636723420,
				"bits_per_second":	13093629710.888157,
				"packets":	182915,
				"omitted":	false,
				"sender":	true
			}
		}, {
			"streams":	[{
					"socket":	5,
					"start":	5.000058,
					"end":	6.000064,
					"seconds":	1.0000059604644775,
					"bytes":	1622836124,
					"bits_per_second":	12982611609.604675,
					"packets":	181365,
					"omitted":	false,
					"sender":	true
				}],
			"sum":	{
				"start":	5.000058,
				"end":	6.000064,
				"seconds":	1.0000059604644775,
				"bytes":	1622836124,
				"bits_per_second":	12982611609.604675,
				"packets":	181365,
				"omitted":	false,
				"sender":	true
			}
		}, {
			"streams":	[{
					"socket":	5,
					"start":	6.000064,
					"end":	7.000054,
					"seconds":	0.99998998641967773,
					"bytes":	1655863192,
					"bits_per_second":	13247038186.28091,
					"packets":	185060,
					"omitted":	false,
					"sender":	true
				}],
			"sum":	{
				"start":	6.000064,
				"end":	7.000054,
				"seconds":	0.99998998641967773,
				"bytes":	1655863192,
				"bits_per_second":	13247038186.28091,
				"packets":	185060,
				"omitted":	false,
				"sender":	true
			}
		}, {
			"streams":	[{
					"socket":	5,
					"start":	7.000054,
					"end":	8.000951,
					"seconds":	1.0008970499038696,
					"bytes":	1642736476,
					"bits_per_second":	13130113440.999954,
					"packets":	183588,
					"omitted":	false,
					"sender":	true
				}],
			"sum":	{
				"start":	7.000054,
				"end":	8.000951,
				"seconds":	1.0008970499038696,
				"bytes":	1642736476,
				"bits_per_second":	13130113440.999954,
				"packets":	183588,
				"omitted":	false,
				"sender":	true
			}
		}, {
			"streams":	[{
					"socket":	5,
					"start":	8.000951,
					"end":	9.000044,
					"seconds":	0.999092996120453,
					"bytes":	1628652324,
					"bits_per_second":	13041046872.106356,
					"packets":	182013,
					"omitted":	false,
					"sender":	true
				}],
			"sum":	{
				"start":	8.000951,
				"end":	9.000044,
				"seconds":	0.999092996120453,
				"bytes":	1628652324,
				"bits_per_second":	13041046872.106356,
				"packets":	182013,
				"omitted":	false,
				"sender":	true
			}
		}, {
			"streams":	[{
					"socket":	5,
					"start":	9.000044,
					"end":	10.00007,
					"seconds":	1.0000259876251221,
					"bytes":	1618406864,
					"bits_per_second":	12946918452.336775,
					"packets":	180869,
					"omitted":	false,
					"sender":	true
				}],
			"sum":	{
				"start":	9.000044,
				"end":	10.00007,
				"seconds":	1.0000259876251221,
				"bytes":	1618406864,
				"bits_per_second":	12946918452.336775,
				"packets":	180869,
				"omitted":	false,
				"sender":	true
			}
		}, {
			"streams":	[{
					"socket":	5,
					"start":	10.00007,
					"end":	11.000044,
					"seconds":	0.999974012374878,
					"bytes":	1595043636,
					"bits_per_second":	12760680707.786537,
					"packets":	178257,
					"omitted":	false,
					"sender":	true
				}],
			"sum":	{
				"start":	10.00007,
				"end":	11.000044,
				"seconds":	0.999974012374878,
				"bytes":	1595043636,
				"bits_per_second":	12760680707.786537,
				"packets":	178257,
				"omitted":	false,
				"sender":	true
			}
		}, {
			"streams":	[{
					"socket":	5,
					"start":	11.000044,
					"end":	12.001072,
					"seconds":	1.0010279417037964,
					"bytes":	1679127992,
					"bits_per_second":	13419229750.10704,
					"packets":	187655,
					"omitted":	false,
					"sender":	true
				}],
			"sum":	{
				"start":	11.000044,
				"end":	12.001072,
				"seconds":	1.0010279417037964,
				"bytes":	1679127992,
				"bits_per_second":	13419229750.10704,
				"packets":	187655,
				"omitted":	false,
				"sender":	true
			}
		}, {
			"streams":	[{
					"socket":	5,
					"start":	12.001072,
					"end":	13.001044,
					"seconds":	0.99997198581695557,
					"bytes":	1663817964,
					"bits_per_second":	13310916606.4543,
					"packets":	185944,
					"omitted":	false,
					"sender":	true
				}],
			"sum":	{
				"start":	12.001072,
				"end":	13.001044,
				"seconds":	0.99997198581695557,
				"bytes":	1663817964,
				"bits_per_second":	13310916606.4543,
				"packets":	185944,
				"omitted":	false,
				"sender":	true
			}
		}, {
			"streams":	[{
					"socket":	5,
					"start":	13.001044,
					"end":	14.000114,
					"seconds":	0.99906998872756958,
					"bytes":	1644338168,
					"bits_per_second":	13166950756.6272,
					"packets":	183768,
					"omitted":	false,
					"sender":	true
				}],
			"sum":	{
				"start":	13.001044,
				"end":	14.000114,
				"seconds":	0.99906998872756958,
				"bytes":	1644338168,
				"bits_per_second":	13166950756.6272,
				"packets":	183768,
				"omitted":	false,
				"sender":	true
			}
		}, {
			"streams":	[{
					"socket":	5,
					"start":	14.000114,
					"end":	15.001073,
					"seconds":	1.000959038734436,