{
	"start":	{
		"connected":	[{
				"socket":	5,
				"local_host":	"10.10.11.10",
				"local_port":	54002,
				"remote_host":	"10.10.11.11",
				"remote_port":	5201
			}],
		"version":	"iperf 3.9",
		"system_info":	"Linux probe-c 6.8.0-94-generic #96~22.04.1-Ubuntu SMP PREEMPT_DYNAMIC Fri Jan 16 13:19:05 UTC 2 x86_64",
		"timestamp":	{
			"time":	"Thu, 23 Jul 2026 22:35:32 GMT",
			"timesecs":	1784846132
		},
		"connecting_to":	{
			"host":	"10.10.11.11",
			"port":	5201
		},
		"cookie":	"y63mjje3rsfia476zbbr5ltjc3757lf7iy7m",
		"tcp_mss_default":	8948,
		"sock_bufsize":	0,
		"sndbuf_actual":	16384,
		"rcvbuf_actual":	131072,
		"test_start":	{
			"protocol":	"TCP",
			"num_streams":	1,
			"blksize":	131072,
			"omit":	0,
			"duration":	10,
			"bytes":	0,
			"blocks":	0,
			"reverse":	0,
			"tos":	0
		}
	},
	"intervals":	[{
			"streams":	[{
					"socket":	5,
					"start":	0,
					"end":	1.000155,
					"seconds":	1.000154972076416,
					"bytes":	2073174188,
					"bits_per_second":	16582823629.389313,
					"retransmits":	0,
					"snd_cwnd":	1234824,
					"rtt":	288,
					"rttvar":	74,
					"pmtu":	9000,
					"omitted":	false,
					"sender":	true
				}],
			"sum":	{
				"start":	0,
				"end":	1.000155,
				"seconds":	1.000154972076416,
				"bytes":	2073174188,
				"bits_per_second":	16582823629.389313,
				"retransmits":	0,
				"omitted":	false,
				"sender":	true
			}
		}, {
			"streams":	[{
					"socket":	5,
					"start":	1.000155,
					"end":	2.000317,
					"seconds":	1.0001620054244995,
					"bytes":	2074869760,
					"bits_per_second":	16596269394.331663,
					"retransmits":	0,
					"snd_cwnd":	1109552,
					"rtt":	240,
					"rttvar":	64,
					"pmtu":	9000,
					"omitted":	false,
					"sender":	true
				}],
			"sum":	{
				"start":	1.000155,
				"end":	2.000317,
				"seconds":	1.0001620054244995,
				"bytes":	2074869760,
				"bits_per_second":	16596269394.331663,
				"retransmits":	0,
				"omitted":	false,
				"sender":	true
			}
		}, {
			"streams":	[{
					"socket":	5,
					"start":	2.000317,
					"end":	3.000136,
					"seconds":	0.999818980693817,
					"bytes":	2171863040,
					"bits_per_second":	17378050082.568756,
					"retransmits":	0,
					"snd_cwnd":	1127448,
					"rtt":	217,
					"rttvar":	36,
					"pmtu":	9000,
					"omitted":	false,
					"sender":	true
				}],
			"sum":	{
				"start":	2.000317,
				"end":	3.000136,
				"seconds":	0.999818980693817,
				"bytes":	2171863040,
				"bits_per_second":	17378050082.568756,
				"retransmits":	0,
				"omitted":	false,
				"sender":	true
			}
		}, {
			"streams":	[{
					"socket":	5,
					"start":	3.000136,
					"end":	4.000048,
					"seconds":	0.99991202354431152,
					"bytes":	2981888000,
					"bits_per_second":	23857202872.151333,
					"retransmits":	0,
					"snd_cwnd":	1682224,
					"rtt":	376,
					"rttvar":	69,
					"pmtu":	9000,
					"omitted":	false,
					"sender":	true
				}],
			"sum":	{
				"start":	3.000136,
				"end":	4.000048,
				"seconds":	0.99991202354431152,
				"bytes":	2981888000,
				"bits_per_second":	23857202872.151333,
				"retransmits":	0,
				"omitted":	false,
				"sender":	true
			}
		}, {
			"streams":	[{
					"socket":	5,
					"start":	4.000048,
					"end":	5.000182,
					"seconds":	1.0001339912414551,
					"bytes":	2697461760,
					"bits_per_second":	21576802977.382427,
					"retransmits":	0,
					"snd_cwnd":	1181136,
					"rtt":	193,
					"rttvar":	30,
					"pmtu":	9000,
					"omitted":	false,
					"sender":	true
				}],
			"sum":	{
				"start":	4.000048,
				"end":	5.000182,
				"seconds":	1.0001339912414551,
				"bytes":	2697461760,
				"bits_per_second":	21576802977.382427,
				"retransmits":	0,
				"omitted":	false,
				"sender":	true
			}
		}, {
			"streams":	[{
					"socket":	5,
					"start":	5.000182,
					"end":	6.000412,
					"seconds":	1.0002299547195435,
					"bytes":	2506096640,
					"bits_per_second":	20044163869.918808,
					"retransmits":	0,
					"snd_cwnd":	1163240,
					"rtt":	259,
					"rttvar":	82,
					"pmtu":	9000,
					"omitted":	false,
					"sender":	true
				}],
			"sum":	{
				"start":	5.000182,
				"end":	6.000412,
				"seconds":	1.0002299547195435,
				"bytes":	2506096640,
				"bits_per_second":	20044163869.918808,
				"retransmits":	0,
				"omitted":	false,
				"sender":	true
			}
		}, {
			"streams":	[{
					"socket":	5,
					"start":	6.000412,
					"end":	7.000081,
					"seconds":	0.99966901540756226,
					"bytes":	2010644480,
					"bits_per_second":	16090481541.475132,
					"retransmits":	0,
					"snd_cwnd":	984280,
					"rtt":	262,
					"rttvar":	35,
					"pmtu":	9000,
					"omitted":	false,
					"sender":	true
				}],
			"sum":	{
				"start":	6.000412,
				"end":	7.000081,
				"seconds":	0.99966901540756226,
				"bytes":	2010644480,
				"bits_per_second":	16090481541.475132,
				"retransmits":	0,
				"omitted":	false,
				"sender":	true
			}
		}, {
			"streams":	[{
					"socket":	5,
					"start":	7.000081,
					"end":	8.000245,
					"seconds":	1.0001640319824219,
					"bytes":	2423521280,
					"bits_per_second":	19384990481.582077,
					"retransmits":	0,
					"snd_cwnd":	1306408,
					"rtt":	317,
					"rttvar":	23,
					"pmtu":	9000,
					"omitted":	false,
					"sender":	true
				}],
			"sum":	{
				"start":	7.000081,
				"end":	8.000245,
				"seconds":	1.0001640319824219,
				"bytes":	2423521280,
				"bits_per_second":	19384990481.582077,
				"retransmits":	0,
				"omitted":	false,
				"sender":	true
			}
		}, {
			"streams":	[{
					"socket":	5,
					"start":	8.000245,
					"end":	9.000011,
					"seconds":	0.99976599216461182,
					"bytes":	2862612480,
					"bits_per_second":	22906260084.339176,
					"retransmits":	0,
					"snd_cwnd":	1091656,
					"rtt":	196,
					"rttvar":	32,
					"pmtu":	9000,
					"omitted":	false,
					"sender":	true
				}],
			"sum":	{
				"start":	8.000245,
				"end":	9.000011,
				"seconds":	0.99976599216461182,
				"bytes":	2862612480,
				"bits_per_second":	22906260084.339176,
				"retransmits":	0,
				"omitted":	false,
				"sender":	true
			}
		}, {
			"streams":	[{
					"socket":	5,
					"start":	9.000011,
					"end":	10.00004,
					"seconds":	1.0000289678573608,
					"bytes":	2880962560,
					"bits_per_second":	23047032856.839611,
					"retransmits":	0,
					"snd_cwnd":	1467472,
					"rtt":	337,
					"rttvar":	83,
					"pmtu":	9000,
					"omitted":	false,
					"sender":	true
				}],
			"sum":	{
				"start":	9.000011,
				"end":	10.00004,
				"seconds":	1.0000289678573608,
				"bytes":	2880962560,
				"bits_per_second":	23047032856.839611,
				"retransmits":	0,
				"omitted":	false,
				"sender":	true
			}
		}],
	"end":	{
		"streams":	[{
				"sender":	{
					"socket":	5,
					"start":	0,
					"end":	10.00004,
					"seconds":	10.00004,
					"bytes":	24683094188,
					"bits_per_second":	19746396364.814541,
					"retransmits":	0,
					"max_snd_cwnd":	1682224,
					"max_rtt":	376,
					"min_rtt":	193,
					"mean_rtt":	268,
					"sender":	true
				},
				"receiver":	{
					"socket":	5,
					"start":	0,
					"end":	10.040453,
					"seconds":	10.00004,
					"bytes":	24680857600,
					"bits_per_second":	19665134710.555393,
					"sender":	true
				}
			}],
		"sum_sent":	{
			"start":	0,
			"end":	10.00004,
			"seconds":	10.00004,
			"bytes":	24683094188,
			"bits_per_second":	19746396364.814541,
			"retransmits":	0,
			"sender":	true
		},
		"sum_received":	{
			"start":	0,
			"end":	10.040453,
			"seconds":	10.040453,
			"bytes":	24680857600,
			"bits_per_second":	19665134710.555393,
			"sender":	true
		},
		"cpu_utilization_percent":	{
			"host_total":	60.374176964087937,
			"host_user":	1.9067628743259604,
			"host_system":	58.467394256675242,
			"remote_total":	67.9664534406266,
			"remote_user":	3.7985081003063872,
			"remote_system":	64.16795416687556
		},
		"sender_tcp_congestion":	"bbr",
		"receiver_tcp_congestion":	"bbr"
	}
}
