{
	"start":	{
		"connected":	[{
				"socket":	5,
				"local_host":	"10.10.11.10",
				"local_port":	54404,
				"remote_host":	"10.10.11.11",
				"remote_port":	5201
			}],
		"version":	"iperf 3.9",
		"system_info":	"Linux probe-c 6.8.0-94-generic #96~22.04.1-Ubuntu SMP PREEMPT_DYNAMIC Fri Jan 16 13:19:05 UTC 2 x86_64",
		"timestamp":	{
			"time":	"Thu, 23 Jul 2026 22:41:00 GMT",
			"timesecs":	1784846460
		},
		"connecting_to":	{
			"host":	"10.10.11.11",
			"port":	5201
		},
		"cookie":	"m6ayr7sdro25v27j4ajib7mimxjlqacnjget",
		"tcp_mss_default":	8948,
		"sock_bufsize":	0,
		"sndbuf_actual":	16384,
		"rcvbuf_actual":	131072,
		"test_start":	{
			"protocol":	"TCP",
			"num_streams":	1,
			"blksize":	131072,
			"omit":	0,
			"duration":	10,
			"bytes":	0,
			"blocks":	0,
			"reverse":	0,
			"tos":	0
		}
	},
	"intervals":	[{
			"streams":	[{
					"socket":	5,
					"start":	0,
					"end":	1.000059,
					"seconds":	1.0000590085983276,
					"bytes":	2103705600,
					"bits_per_second":	16828651764.847612,
					"retransmits":	0,
					"snd_cwnd":	1252720,
					"rtt":	226,
					"rttvar":	44,
					"pmtu":	9000,
					"omitted":	false,
					"sender":	true
				}],
			"sum":	{
				"start":	0,
				"end":	1.000059,
				"seconds":	1.0000590085983276,
				"bytes":	2103705600,
				"bits_per_second":	16828651764.847612,
				"retransmits":	0,
				"omitted":	false,
				"sender":	true
			}
		}, {
			"streams":	[{
					"socket":	5,
					"start":	1.000059,
					"end":	2.000027,
					"seconds":	0.99996799230575562,
					"bytes":	2743336960,
					"bits_per_second":	21947398165.609943,
					"retransmits":	0,
					"snd_cwnd":	1377992,
					"rtt":	234,
					"rttvar":	40,
					"pmtu":	9000,
					"omitted":	false,
					"sender":	true
				}],
			"sum":	{
				"start":	1.000059,
				"end":	2.000027,
				"seconds":	0.99996799230575562,
				"bytes":	2743336960,
				"bits_per_second":	21947398165.609943,
				"retransmits":	0,
				"omitted":	false,
				"sender":	true
			}
		}, {
			"streams":	[{
					"socket":	5,
					"start":	2.000027,
					"end":	3.000027,
					"seconds":	1,
					"bytes":	2707947520,
					"bits_per_second":	21663580160,
					"retransmits":	0,
					"snd_cwnd":	1342200,
					"rtt":	303,
					"rttvar":	56,
					"pmtu":	9000,
					"omitted":	false,
					"sender":	true
				}],
			"sum":	{
				"start":	2.000027,
				"end":	3.000027,
				"seconds":	1,
				"bytes":	2707947520,
				"bits_per_second":	21663580160,
				"retransmits":	0,
				"omitted":	false,
				"sender":	true
			}
		}, {
			"streams":	[{
					"socket":	5,
					"start":	3.000027,
					"end":	4.000043,
					"seconds":	1.0000159740448,
					"bytes":	2639790080,
					"bits_per_second":	21117983300.38868,
					"retransmits":	0,
					"snd_cwnd":	1431680,
					"rtt":	345,
					"rttvar":	78,
					"pmtu":	9000,
					"omitted":	false,
					"sender":	true
				}],
			"sum":	{
				"start":	3.000027,
				"end":	4.000043,
				"seconds":	1.0000159740448,
				"bytes":	2639790080,
				"bits_per_second":	21117983300.38868,
				"retransmits":	0,
				"omitted":	false,
				"sender":	true
			}
		}, {
			"streams":	[{
					"socket":	5,
					"start":	4.000043,
					"end":	5.000038,
					"seconds":	0.999994993209839,
					"bytes":	2679111680,
					"bits_per_second":	21433000750.537281,
					"retransmits":	0,
					"snd_cwnd":	1181136,
					"rtt":	221,
					"rttvar":	36,
					"pmtu":	9000,
					"omitted":	false,
					"sender":	true
				}],
			"sum":	{
				"start":	4.000043,
				"end":	5.000038,
				"seconds":	0.999994993209839,
				"bytes":	2679111680,
				"bits_per_second":	21433000750.537281,
				"retransmits":	0,
				"omitted":	false,
				"sender":	true
			}
		}, {
			"streams":	[{
					"socket":	5,
					"start":	5.000038,
					"end":	6.000263,
					"seconds":	1.0002249479293823,
					"bytes":	2950430720,
					"bits_per_second":	23598137407.852825,
					"retransmits":	0,
					"snd_cwnd":	2058040,
					"rtt":	406,
					"rttvar":	76,
					"pmtu":	9000,
					"omitted":	false,
					"sender":	true
				}],
			"sum":	{
				"start":	5.000038,
				"end":	6.000263,
				"seconds":	1.0002249479293823,
				"bytes":	2950430720,
				"bits_per_second":	23598137407.852825,
				"retransmits":	0,
				"omitted":	false,
				"sender":	true
			}
		}, {
			"streams":	[{
					"socket":	5,
					"start":	6.000263,
					"end":	7.000293,
					"seconds":	1.0000300407409668,
					"bytes":	2326528000,
					"bits_per_second":	18611664891.796024,
					"retransmits":	0,
					"snd_cwnd":	1306408,
					"rtt":	341,
					"rttvar":	45,
					"pmtu":	9000,
					"omitted":	false,
					"sender":	true
				}],
			"sum":	{
				"start":	6.000263,
				"end":	7.000293,
				"seconds":	1.0000300407409668,
				"bytes":	2326528000,
				"bits_per_second":	18611664891.796024,
				"retransmits":	0,
				"omitted":	false,
				"sender":	true
			}
		}, {
			"streams":	[{
					"socket":	5,
					"start":	7.000293,
					"end":	8.000048,
					"seconds":	0.999755024909973,
					"bytes":	2095841280,
					"bits_per_second":	16770838677.7149,
					"retransmits":	0,
					"snd_cwnd":	1127448,
					"rtt":	378,
					"rttvar":	31,
					"pmtu":	9000,
					"omitted":	false,
					"sender":	true
				}],
			"sum":	{
				"start":	7.000293,
				"end":	8.000048,
				"seconds":	0.999755024909973,
				"bytes":	2095841280,
				"bits_per_second":	16770838677.7149,
				"retransmits":	0,
				"omitted":	false,
				"sender":	true
			}
		}, {
			"streams":	[{
					"socket":	5,
					"start":	8.000048,
					"end":	9.000076,
					"seconds":	1.0000280141830444,
					"bytes":	2392064000,
					"bits_per_second":	19135975921.267807,
					"retransmits":	0,
					"snd_cwnd":	1020072,
					"rtt":	247,
					"rttvar":	60,
					"pmtu":	9000,
					"omitted":	false,
					"sender":	true
				}],
			"sum":	{
				"start":	8.000048,
				"end":	9.000076,
				"seconds":	1.0000280141830444,
				"bytes":	2392064000,
				"bits_per_second":	19135975921.267807,
				"retransmits":	0,
				"omitted":	false,
				"sender":	true
			}
		}, {
			"streams":	[{
					"socket":	5,
					"start":	9.000076,
					"end":	10.00006,
					"seconds":	0.9999840259552002,
					"bytes":	2527068160,
					"bits_per_second":	20216868225.158741,
					"retransmits":	0,
					"snd_cwnd":	1002176,
					"rtt":	231,
					"rttvar":	24,
					"pmtu":	9000,
					"omitted":	false,
					"sender":	true
				}],
			"sum":	{
				"start":	9.000076,
				"end":	10.00006,
				"seconds":	0.9999840259552002,
				"bytes":	2527068160,
				"bits_per_second":	20216868225.158741,
				"retransmits":	0,
				"omitted":	false,
				"sender":	true
			}
		}],
	"end":	{
		"streams":	[{
				"sender":	{
					"socket":	5,
					"start":	0,
					"end":	10.00006,
					"seconds":	10.00006,
					"bytes":	25165824000,
					"bits_per_second":	20132538404.769573,
					"retransmits":	0,
					"max_snd_cwnd":	2058040,
					"max_rtt":	406,
					"min_rtt":	221,
					"mean_rtt":	293,
					"sender":	true
				},
				"receiver":	{
					"socket":	5,
					"start":	0,
					"end":	10.039991,
					"seconds":	10.00006,
					"bytes":	25162940416,
					"bits_per_second":	20050169699.1561,
					"sender":	true
				}
			}],
		"sum_sent":	{
			"start":	0,
			"end":	10.00006,
			"seconds":	10.00006,
			"bytes":	25165824000,
			"bits_per_second":	20132538404.769573,
			"retransmits":	0,
			"sender":	true
		},
		"sum_received":	{
			"start":	0,
			"end":	10.039991,
			"seconds":	10.039991,
			"bytes":	25162940416,
			"bits_per_second":	20050169699.1561,
			"sender":	true
		},
		"cpu_utilization_percent":	{
			"host_total":	61.7591362811581,
			"host_user":	2.1358320896676974,
			"host_system":	59.6233141090792,
			"remote_total":	12.863938343662962,
			"remote_user":	0.74700155161762627,
			"remote_system":	12.116940269293389
		},
		"sender_tcp_congestion":	"bbr",
		"receiver_tcp_congestion":	"bbr"
	}
}
