{
	"start":	{
		"connected":	[{
				"socket":	5,
				"local_host":	"10.10.11.10",
				"local_port":	40464,
				"remote_host":	"10.10.11.11",
				"remote_port":	5201
			}],
		"version":	"iperf 3.9",
		"system_info":	"Linux probe-c 6.8.0-94-generic #96~22.04.1-Ubuntu SMP PREEMPT_DYNAMIC Fri Jan 16 13:19:05 UTC 2 x86_64",
		"timestamp":	{
			"time":	"Thu, 23 Jul 2026 22:42:50 GMT",
			"timesecs":	1784846570
		},
		"connecting_to":	{
			"host":	"10.10.11.11",
			"port":	5201
		},
		"cookie":	"ox4guxhpk23ght6rxm5vqkvu3nnsnu4tejg6",
		"tcp_mss_default":	8948,
		"sock_bufsize":	0,
		"sndbuf_actual":	16384,
		"rcvbuf_actual":	131072,
		"test_start":	{
			"protocol":	"TCP",
			"num_streams":	1,
			"blksize":	131072,
			"omit":	0,
			"duration":	10,
			"bytes":	0,
			"blocks":	0,
			"reverse":	0,
			"tos":	0
		}
	},
	"intervals":	[{
			"streams":	[{
					"socket":	5,
					"start":	0,
					"end":	1.000347,
					"seconds":	1.0003470182418823,
					"bytes":	1764229120,
					"bits_per_second":	14108936901.521605,
					"retransmits":	0,
					"snd_cwnd":	966384,
					"rtt":	294,
					"rttvar":	30,
					"pmtu":	9000,
					"omitted":	false,
					"sender":	true
				}],
			"sum":	{
				"start":	0,
				"end":	1.000347,
				"seconds":	1.0003470182418823,
				"bytes":	1764229120,
				"bits_per_second":	14108936901.521605,
				"retransmits":	0,
				"omitted":	false,
				"sender":	true
			}
		}, {
			"streams":	[{
					"socket":	5,
					"start":	1.000347,
					"end":	2.000147,
					"seconds":	0.99980002641677856,
					"bytes":	2377646080,
					"bits_per_second":	19024973132.047909,
					"retransmits":	0,
					"snd_cwnd":	1055864,
					"rtt":	224,
					"rttvar":	45,
					"pmtu":	9000,
					"omitted":	false,
					"sender":	true
				}],
			"sum":	{
				"start":	1.000347,
				"end":	2.000147,
				"seconds":	0.99980002641677856,
				"bytes":	2377646080,
				"bits_per_second":	19024973132.047909,
				"retransmits":	0,
				"omitted":	false,
				"sender":	true
			}
		}, {
			"streams":	[{
					"socket":	5,
					"start":	2.000147,
					"end":	3.000028,
					"seconds":	0.99988102912902832,
					"bytes":	2814115840,
					"bits_per_second":	22515605421.187412,
					"retransmits":	0,
					"snd_cwnd":	1306408,
					"rtt":	333,
					"rttvar":	31,
					"pmtu":	9000,
					"omitted":	false,
					"sender":	true
				}],
			"sum":	{
				"start":	2.000147,
				"end":	3.000028,
				"seconds":	0.99988102912902832,
				"bytes":	2814115840,
				"bits_per_second":	22515605421.187412,
				"retransmits":	0,
				"omitted":	false,
				"sender":	true
			}
		}, {
			"streams":	[{
					"socket":	5,
					"start":	3.000028,
					"end":	4.000254,
					"seconds":	1.0002260208129883,
					"bytes":	2677800960,
					"bits_per_second":	21417566864.125141,
					"retransmits":	0,
					"snd_cwnd":	2147520,
					"rtt":	380,
					"rttvar":	69,
					"pmtu":	9000,
					"omitted":	false,
					"sender":	true
				}],
			"sum":	{
				"start":	3.000028,
				"end":	4.000254,
				"seconds":	1.0002260208129883,
				"bytes":	2677800960,
				"bits_per_second":	21417566864.125141,
				"retransmits":	0,
				"omitted":	false,
				"sender":	true
			}
		}, {
			"streams":	[{
					"socket":	5,
					"start":	4.000254,
					"end":	5.000041,
					"seconds":	0.99978697299957275,
					"bytes":	2588672000,
					"bits_per_second":	20713788596.252144,
					"retransmits":	0,
					"snd_cwnd":	1002176,
					"rtt":	236,
					"rttvar":	36,
					"pmtu":	9000,
					"omitted":	false,
					"sender":	true
				}],
			"sum":	{
				"start":	4.000254,
				"end":	5.000041,
				"seconds":	0.99978697299957275,
				"bytes":	2588672000,
				"bits_per_second":	20713788596.252144,
				"retransmits":	0,
				"omitted":	false,
				"sender":	true
			}
		}, {
			"streams":	[{
					"socket":	5,
					"start":	5.000041,
					"end":	6.000015,
					"seconds":	0.999974012374878,
					"bytes":	2631925760,
					"bits_per_second":	21055953274.22028,
					"retransmits":	0,
					"snd_cwnd":	1073760,
					"rtt":	231,
					"rttvar":	29,
					"pmtu":	9000,
					"omitted":	false,
					"sender":	true
				}],
			"sum":	{
				"start":	5.000041,
				"end":	6.000015,
				"seconds":	0.999974012374878,
				"bytes":	2631925760,
				"bits_per_second":	21055953274.22028,
				"retransmits":	0,
				"omitted":	false,
				"sender":	true
			}
		}, {
			"streams":	[{
					"socket":	5,
					"start":	6.000015,
					"end":	7.000042,
					"seconds":	1.0000269412994385,
					"bytes":	2660761600,
					"bits_per_second":	21285519340.449745,
					"retransmits":	0,
					"snd_cwnd":	1288512,
					"rtt":	318,
					"rttvar":	31,
					"pmtu":	9000,
					"omitted":	false,
					"sender":	true
				}],
			"sum":	{
				"start":	6.000015,
				"end":	7.000042,
				"seconds":	1.0000269412994385,
				"bytes":	2660761600,
				"bits_per_second":	21285519340.449745,
				"retransmits":	0,
				"omitted":	false,
				"sender":	true
			}
		}, {
			"streams":	[{
					"socket":	5,
					"start":	7.000042,
					"end":	8.00013,
					"seconds":	1.0000879764556885,
					"bytes":	2718433280,
					"bits_per_second":	21745553143.307465,
					"retransmits":	0,
					"snd_cwnd":	1986456,
					"rtt":	506,
					"rttvar":	140,
					"pmtu":	9000,
					"omitted":	false,
					"sender":	true
				}],
			"sum":	{
				"start":	7.000042,
				"end":	8.00013,
				"seconds":	1.0000879764556885,
				"bytes":	2718433280,
				"bits_per_second":	21745553143.307465,
				"retransmits":	0,
				"omitted":	false,
				"sender":	true
			}
		}, {
			"streams":	[{
					"socket":	5,
					"start":	8.00013,
					"end":	9.000214,
					"seconds":	1.0000840425491333,
					"bytes":	2869166080,
					"bits_per_second":	22951399745.85918,
					"retransmits":	0,
					"snd_cwnd":	1127448,
					"rtt":	298,
					"rttvar":	98,
					"pmtu":	9000,
					"omitted":	false,
					"sender":	true
				}],
			"sum":	{
				"start":	8.00013,
				"end":	9.000214,
				"seconds":	1.0000840425491333,
				"bytes":	2869166080,
				"bits_per_second":	22951399745.85918,
				"retransmits":	0,
				"omitted":	false,
				"sender":	true
			}
		}, {
			"streams":	[{
					"socket":	5,
					"start":	9.000214,
					"end":	10.000052,
					"seconds":	0.99983799457550049,
					"bytes":	2925527040,
					"bits_per_second":	23408008544.360916,
					"retransmits":	0,
					"snd_cwnd":	1091656,
					"rtt":	245,
					"rttvar":	56,
					"pmtu":	9000,
					"omitted":	false,
					"sender":	true
				}],
			"sum":	{
				"start":	9.000214,
				"end":	10.000052,
				"seconds":	0.99983799457550049,
				"bytes":	2925527040,
				"bits_per_second":	23408008544.360916,
				"retransmits":	0,
				"omitted":	false,
				"sender":	true
			}
		}],
	"end":	{
		"streams":	[{
				"sender":	{
					"socket":	5,
					"start":	0,
					"end":	10.000052,
					"seconds":	10.000052,
					"bytes":	26028277760,
					"bits_per_second":	20822513930.927559,
					"retransmits":	0,
					"max_snd_cwnd":	2147520,
					"max_rtt":	506,
					"min_rtt":	224,
					"mean_rtt":	306,
					"sender":	true
				},
				"receiver":	{
					"socket":	5,
					"start":	0,
					"end":	10.039594,
					"seconds":	10.000052,
					"bytes":	26025263104,
					"bits_per_second":	20738100049.862576,
					"sender":	true
				}
			}],
		"sum_sent":	{
			"start":	0,
			"end":	10.000052,
			"seconds":	10.000052,
			"bytes":	26028277760,
			"bits_per_second":	20822513930.927559,
			"retransmits":	0,
			"sender":	true
		},
		"sum_received":	{
			"start":	0,
			"end":	10.039594,
			"seconds":	10.039594,
			"bytes":	26025263104,
			"bits_per_second":	20738100049.862576,
			"sender":	true
		},
		"cpu_utilization_percent":	{
			"host_total":	60.680048544998947,
			"host_user":	2.0023125923410308,
			"host_system":	58.6777756265701,
			"remote_total":	13.400655656136685,
			"remote_user":	0.7205340854676715,
			"remote_system":	12.680121570669014
		},
		"sender_tcp_congestion":	"bbr",
		"receiver_tcp_congestion":	"bbr"
	}
}
