{
	"start":	{
		"connected":	[{
				"socket":	5,
				"local_host":	"10.10.11.10",
				"local_port":	40160,
				"remote_host":	"10.10.11.11",
				"remote_port":	5201
			}],
		"version":	"iperf 3.9",
		"system_info":	"Linux probe-c 6.8.0-94-generic #96~22.04.1-Ubuntu SMP PREEMPT_DYNAMIC Fri Jan 16 13:19:05 UTC 2 x86_64",
		"timestamp":	{
			"time":	"Thu, 23 Jul 2026 22:40:03 GMT",
			"timesecs":	1784846403
		},
		"connecting_to":	{
			"host":	"10.10.11.11",
			"port":	5201
		},
		"cookie":	"oxdjhs3jzb3qlbftdmkqqz773tzhk4gbjvah",
		"sock_bufsize":	0,
		"sndbuf_actual":	212992,
		"rcvbuf_actual":	212992,
		"test_start":	{
			"protocol":	"UDP",
			"num_streams":	1,
			"blksize":	1400,
			"omit":	0,
			"duration":	10,
			"bytes":	0,
			"blocks":	0,
			"reverse":	0,
			"tos":	0
		}
	},
	"intervals":	[{
			"streams":	[{
					"socket":	5,
					"start":	0,
					"end":	1.000023,
					"seconds":	1.0000230073928833,
					"bytes":	319152400,
					"bits_per_second":	2553160458.4342389,
					"packets":	227966,
					"omitted":	false,
					"sender":	true
				}],
			"sum":	{
				"start":	0,
				"end":	1.000023,
				"seconds":	1.0000230073928833,
				"bytes":	319152400,
				"bits_per_second":	2553160458.4342389,
				"packets":	227966,
				"omitted":	false,
				"sender":	true
			}
		}, {
			"streams":	[{
					"socket":	5,
					"start":	1.000023,
					"end":	2.000023,
					"seconds":	1,
					"bytes":	342967800,
					"bits_per_second":	2743742400,
					"packets":	244977,
					"omitted":	false,
					"sender":	true
				}],
			"sum":	{
				"start":	1.000023,
				"end":	2.000023,
				"seconds":	1,
				"bytes":	342967800,
				"bits_per_second":	2743742400,
				"packets":	244977,
				"omitted":	false,
				"sender":	true
			}
		}, {
			"streams":	[{
					"socket":	5,
					"start":	2.000023,
					"end":	3.000024,
					"seconds":	1.0000009536743164,
					"bytes":	336518000,
					"bits_per_second":	2692141432.57386,
					"packets":	240370,
					"omitted":	false,
					"sender":	true
				}],
			"sum":	{
				"start":	2.000023,
				"end":	3.000024,
				"seconds":	1.0000009536743164,
				"bytes":	336518000,
				"bits_per_second":	2692141432.57386,
				"packets":	240370,
				"omitted":	false,
				"sender":	true
			}
		}, {
			"streams":	[{
					"socket":	5,
					"start":	3.000024,
					"end":	4.000024,
					"seconds":	1,
					"bytes":	330566600,
					"bits_per_second":	2644532800,
					"packets":	236119,
					"omitted":	false,
					"sender":	true
				}],
			"sum":	{
				"start":	3.000024,
				"end":	4.000024,
				"seconds":	1,
				"bytes":	330566600,
				"bits_per_second":	2644532800,
				"packets":	236119,
				"omitted":	false,
				"sender":	true
			}
		}, {
			"streams":	[{
					"socket":	5,
					"start":	4.000024,
					"end":	5.000023,
					"seconds":	0.99999898672103882,
					"bytes":	344653400,
					"bits_per_second":	2757229993.8431439,
					"packets":	246181,
					"omitted":	false,
					"sender":	true
				}],
			"sum":	{
				"start":	4.000024,
				"end":	5.000023,
				"seconds":	0.99999898672103882,
				"bytes":	344653400,
				"bits_per_second":	2757229993.8431439,
				"packets":	246181,
				"omitted":	false,
				"sender":	true
			}
		}, {
			"streams":	[{
					"socket":	5,
					"start":	5.000023,
					"end":	6.000024,
					"seconds":	1.0000009536743164,
					"bytes":	353031000,
					"bits_per_second":	2824245306.589788,
					"packets":	252165,
					"omitted":	false,
					"sender":	true
				}],
			"sum":	{
				"start":	5.000023,
				"end":	6.000024,
				"seconds":	1.0000009536743164,
				"bytes":	353031000,
				"bits_per_second":	2824245306.589788,
				"packets":	252165,
				"omitted":	false,
				"sender":	true
			}
		}, {
			"streams":	[{
					"socket":	5,
					"start":	6.000024,
					"end":	7.000025,
					"seconds":	1.0000009536743164,
					"bytes":	346641400,
					"bits_per_second":	2773128555.33852,
					"packets":	247601,
					"omitted":	false,
					"sender":	true
				}],
			"sum":	{
				"start":	6.000024,
				"end":	7.000025,
				"seconds":	1.0000009536743164,
				"bytes":	346641400,
				"bits_per_second":	2773128555.33852,
				"packets":	247601,
				"omitted":	false,
				"sender":	true
			}
		}, {
			"streams":	[{
					"socket":	5,
					"start":	7.000025,
					"end":	8.000023,
					"seconds":	0.99999797344207764,
					"bytes":	350495600,
					"bits_per_second":	2803970482.4085951,
					"packets":	250354,
					"omitted":	false,
					"sender":	true
				}],
			"sum":	{
				"start":	7.000025,
				"end":	8.000023,
				"seconds":	0.99999797344207764,
				"bytes":	350495600,
				"bits_per_second":	2803970482.4085951,
				"packets":	250354,
				"omitted":	false,
				"sender":	true
			}
		}, {
			"streams":	[{
					"socket":	5,
					"start":	8.000023,
					"end":	9.000025,
					"seconds":	1.0000020265579224,
					"bytes":	343362600,
					"bits_per_second":	2746895233.2577033,
					"packets":	245259,
					"omitted":	false,
					"sender":	true
				}],
			"sum":	{
				"start":	8.000023,
				"end":	9.000025,
				"seconds":	1.0000020265579224,
				"bytes":	343362600,
				"bits_per_second":	2746895233.2577033,
				"packets":	245259,
				"omitted":	false,
				"sender":	true
			}
		}, {
			"streams":	[{
					"socket":	5,
					"start":	9.000025,
					"end":	10.000028,
					"seconds":	1.0000029802322388,
					"bytes":	350852600,
					"bits_per_second":	2806812435.0470929,
					"packets":	250609,
					"omitted":	false,
					"sender":	true
				}],
			"sum":	{
				"start":	9.000025,
				"end":	10.000028,
				"seconds":	1.0000029802322388,
				"bytes":	350852600,
				"bits_per_second":	2806812435.0470929,
				"packets":	250609,
				"omitted":	false,
				"sender":	true
			}
		}],
	"end":	{
		"streams":	[{
				"udp":	{
					"socket":	5,
					"start":	0,
					"end":	10.000028,
					"seconds":	10.000028,
					"bytes":	3418241400,
					"bits_per_second":	2734585463.1607032,
					"jitter_ms":	0.0023019624422645621,
					"lost_packets":	557418,
					"packets":	2441601,
					"lost_percent":	22.830020138425567,
					"out_of_order":	0,
					"sender":	true
				}
			}],
		"sum":	{
			"start":	0,
			"end":	10.041154,
			"seconds":	10.041154,
			"bytes":	3418241400,
			"bits_per_second":	2734585463.1607032,
			"jitter_ms":	0.0023019624422645621,
			"lost_packets":	557418,
			"packets":	2441601,
			"lost_percent":	22.830020138425567,
			"sender":	true
		},
		"cpu_utilization_percent":	{
			"host_total":	99.5524276256558,
			"host_user":	23.434270264330419,
			"host_system":	76.1181474437031,
			"remote_total":	95.391358837846823,
			"remote_user":	26.949613791641941,
			"remote_system":	68.4417353429649
		}
	}
}
