{
	"start":	{
		"connected":	[{
				"socket":	5,
				"local_host":	"10.10.11.10",
				"local_port":	49419,
				"remote_host":	"10.10.11.11",
				"remote_port":	5201
			}],
		"version":	"iperf 3.9",
		"system_info":	"Linux probe-c 6.8.0-94-generic #96~22.04.1-Ubuntu SMP PREEMPT_DYNAMIC Fri Jan 16 13:19:05 UTC 2 x86_64",
		"timestamp":	{
			"time":	"Thu, 23 Jul 2026 22:41:52 GMT",
			"timesecs":	1784846512
		},
		"connecting_to":	{
			"host":	"10.10.11.11",
			"port":	5201
		},
		"cookie":	"agfbgfssaqaik42tvowulmofq5ck6kritqiq",
		"sock_bufsize":	0,
		"sndbuf_actual":	212992,
		"rcvbuf_actual":	212992,
		"test_start":	{
			"protocol":	"UDP",
			"num_streams":	1,
			"blksize":	1400,
			"omit":	0,
			"duration":	10,
			"bytes":	0,
			"blocks":	0,
			"reverse":	0,
			"tos":	0
		}
	},
	"intervals":	[{
			"streams":	[{
					"socket":	5,
					"start":	0,
					"end":	1.000013,
					"seconds":	1.000012993812561,
					"bytes":	336611800,
					"bits_per_second":	2692859409.48958,
					"packets":	240437,
					"omitted":	false,
					"sender":	true
				}],
			"sum":	{
				"start":	0,
				"end":	1.000013,
				"seconds":	1.000012993812561,
				"bytes":	336611800,
				"bits_per_second":	2692859409.48958,
				"packets":	240437,
				"omitted":	false,
				"sender":	true
			}
		}, {
			"streams":	[{
					"socket":	5,
					"start":	1.000013,
					"end":	2.000013,
					"seconds":	1,
					"bytes":	351108800,
					"bits_per_second":	2808870400,
					"packets":	250792,
					"omitted":	false,
					"sender":	true
				}],
			"sum":	{
				"start":	1.000013,
				"end":	2.000013,
				"seconds":	1,
				"bytes":	351108800,
				"bits_per_second":	2808870400,
				"packets":	250792,
				"omitted":	false,
				"sender":	true
			}
		}, {
			"streams":	[{
					"socket":	5,
					"start":	2.000013,
					"end":	3.000012,
					"seconds":	0.99999898672103882,
					"bytes":	345962400,
					"bits_per_second":	2767702004.4542117,
					"packets":	247116,
					"omitted":	false,
					"sender":	true
				}],
			"sum":	{
				"start":	2.000013,
				"end":	3.000012,
				"seconds":	0.99999898672103882,
				"bytes":	345962400,
				"bits_per_second":	2767702004.4542117,
				"packets":	247116,
				"omitted":	false,
				"sender":	true
			}
		}, {
			"streams":	[{
					"socket":	5,
					"start":	3.000012,
					"end":	4.000012,
					"seconds":	1,
					"bytes":	347979800,
					"bits_per_second":	2783838400,
					"packets":	248557,
					"omitted":	false,
					"sender":	true
				}],
			"sum":	{
				"start":	3.000012,
				"end":	4.000012,
				"seconds":	1,
				"bytes":	347979800,
				"bits_per_second":	2783838400,
				"packets":	248557,
				"omitted":	false,
				"sender":	true
			}
		}, {
			"streams":	[{
					"socket":	5,
					"start":	4.000012,
					"end":	5.000012,
					"seconds":	1,
					"bytes":	340767000,
					"bits_per_second":	2726136000,
					"packets":	243405,
					"omitted":	false,
					"sender":	true
				}],
			"sum":	{
				"start":	4.000012,
				"end":	5.000012,
				"seconds":	1,
				"bytes":	340767000,
				"bits_per_second":	2726136000,
				"packets":	243405,
				"omitted":	false,
				"sender":	true
			}
		}, {
			"streams":	[{
					"socket":	5,
					"start":	5.000012,
					"end":	6.000013,
					"seconds":	1.0000009536743164,
					"bytes":	342840400,
					"bits_per_second":	2742720584.3378215,
					"packets":	244886,
					"omitted":	false,
					"sender":	true
				}],
			"sum":	{
				"start":	5.000012,
				"end":	6.000013,
				"seconds":	1.0000009536743164,
				"bytes":	342840400,
				"bits_per_second":	2742720584.3378215,
				"packets":	244886,
				"omitted":	false,
				"sender":	true
			}
		}, {
			"streams":	[{
					"socket":	5,
					"start":	6.000013,
					"end":	7.000013,
					"seconds":	1,
					"bytes":	347281200,
					"bits_per_second":	2778249600,
					"packets":	248058,
					"omitted":	false,
					"sender":	true
				}],
			"sum":	{
				"start":	6.000013,
				"end":	7.000013,
				"seconds":	1,
				"bytes":	347281200,
				"bits_per_second":	2778249600,
				"packets":	248058,
				"omitted":	false,
				"sender":	true
			}
		}, {
			"streams":	[{
					"socket":	5,
					"start":	7.000013,
					"end":	8.000012,
					"seconds":	0.99999898672103882,
					"bytes":	335613600,
					"bits_per_second":	2684911520.5643563,
					"packets":	239724,
					"omitted":	false,
					"sender":	true
				}],
			"sum":	{
				"start":	7.000013,
				"end":	8.000012,
				"seconds":	0.99999898672103882,
				"bytes":	335613600,
				"bits_per_second":	2684911520.5643563,
				"packets":	239724,
				"omitted":	false,
				"sender":	true
			}
		}, {
			"streams":	[{
					"socket":	5,
					"start":	8.000012,
					"end":	9.000013,
					"seconds":	1.0000009536743164,
					"bytes":	337577800,
					"bits_per_second":	2700619824.488235,
					"packets":	241127,
					"omitted":	false,
					"sender":	true
				}],
			"sum":	{
				"start":	8.000012,
				"end":	9.000013,
				"seconds":	1.0000009536743164,
				"bytes":	337577800,
				"bits_per_second":	2700619824.488235,
				"packets":	241127,
				"omitted":	false,
				"sender":	true
			}
		}, {
			"streams":	[{
					"socket":	5,
					"start":	9.000013,
					"end":	10.000018,
					"seconds":	1.0000050067901611,
					"bytes":	318630200,
					"bits_per_second":	2549028837.5474958,
					"packets":	227593,
					"omitted":	false,
					"sender":	true
				}],
			"sum":	{
				"start":	9.000013,
				"end":	10.000018,
				"seconds":	1.0000050067901611,
				"bytes":	318630200,
				"bits_per_second":	2549028837.5474958,
				"packets":	227593,
				"omitted":	false,
				"sender":	true
			}
		}],
	"end":	{
		"streams":	[{
				"udp":	{
					"socket":	5,
					"start":	0,
					"end":	10.000018,
					"seconds":	10.000018,
					"bytes":	3404373000,
					"bits_per_second":	2723493497.7117038,
					"jitter_ms":	0.0020413586358281918,
					"lost_packets":	512041,
					"packets":	2431695,
					"lost_percent":	21.0569582122758,
					"out_of_order":	0,
					"sender":	true
				}
			}],
		"sum":	{
			"start":	0,
			"end":	10.041758,
			"seconds":	10.041758,
			"bytes":	3404373000,
			"bits_per_second":	2723493497.7117038,
			"jitter_ms":	0.0020413586358281918,
			"lost_packets":	512041,
			"packets":	2431695,
			"lost_percent":	21.0569582122758,
			"sender":	true
		},
		"cpu_utilization_percent":	{
			"host_total":	99.568757710584563,
			"host_user":	23.520492612566972,
			"host_system":	76.048255180069773,
			"remote_total":	92.491282277128633,
			"remote_user":	25.783478521915377,
			"remote_system":	66.707794046200135
		}
	}
}
