{
	"start":	{
		"connected":	[{
				"socket":	5,
				"local_host":	"10.10.11.10",
				"local_port":	57268,
				"remote_host":	"10.10.11.11",
				"remote_port":	5201
			}],
		"version":	"iperf 3.9",
		"system_info":	"Linux probe-c 6.8.0-94-generic #96~22.04.1-Ubuntu SMP PREEMPT_DYNAMIC Fri Jan 16 13:19:05 UTC 2 x86_64",
		"timestamp":	{
			"time":	"Thu, 23 Jul 2026 22:43:42 GMT",
			"timesecs":	1784846622
		},
		"connecting_to":	{
			"host":	"10.10.11.11",
			"port":	5201
		},
		"cookie":	"5s4dpyow72hcf4ortcnkg672c6z4pljzfl7u",
		"sock_bufsize":	0,
		"sndbuf_actual":	212992,
		"rcvbuf_actual":	212992,
		"test_start":	{
			"protocol":	"UDP",
			"num_streams":	1,
			"blksize":	1400,
			"omit":	0,
			"duration":	10,
			"bytes":	0,
			"blocks":	0,
			"reverse":	0,
			"tos":	0
		}
	},
	"intervals":	[{
			"streams":	[{
					"socket":	5,
					"start":	0,
					"end":	1.000015,
					"seconds":	1.0000150203704834,
					"bytes":	312165000,
					"bits_per_second":	2497282489.8918,
					"packets":	222975,
					"omitted":	false,
					"sender":	true
				}],
			"sum":	{
				"start":	0,
				"end":	1.000015,
				"seconds":	1.0000150203704834,
				"bytes":	312165000,
				"bits_per_second":	2497282489.8918,
				"packets":	222975,
				"omitted":	false,
				"sender":	true
			}
		}, {
			"streams":	[{
					"socket":	5,
					"start":	1.000015,
					"end":	2.000017,
					"seconds":	1.0000020265579224,
					"bytes":	348112800,
					"bits_per_second":	2784896756.2454157,
					"packets":	248652,
					"omitted":	false,
					"sender":	true
				}],
			"sum":	{
				"start":	1.000015,
				"end":	2.000017,
				"seconds":	1.0000020265579224,
				"bytes":	348112800,
				"bits_per_second":	2784896756.2454157,
				"packets":	248652,
				"omitted":	false,
				"sender":	true
			}
		}, {
			"streams":	[{
					"socket":	5,
					"start":	2.000017,
					"end":	3.000016,
					"seconds":	0.99999898672103882,
					"bytes":	344899800,
					"bits_per_second":	2759201195.8405213,
					"packets":	246357,
					"omitted":	false,
					"sender":	true
				}],
			"sum":	{
				"start":	2.000017,
				"end":	3.000016,
				"seconds":	0.99999898672103882,
				"bytes":	344899800,
				"bits_per_second":	2759201195.8405213,
				"packets":	246357,
				"omitted":	false,
				"sender":	true
			}
		}, {
			"streams":	[{
					"socket":	5,
					"start":	3.000016,
					"end":	4.000017,
					"seconds":	1.0000009536743164,
					"bytes":	347333000,
					"bits_per_second":	2778661350.0620365,
					"packets":	248095,
					"omitted":	false,
					"sender":	true
				}],
			"sum":	{
				"start":	3.000016,
				"end":	4.000017,
				"seconds":	1.0000009536743164,
				"bytes":	347333000,
				"bits_per_second":	2778661350.0620365,
				"packets":	248095,
				"omitted":	false,
				"sender":	true
			}
		}, {
			"streams":	[{
					"socket":	5,
					"start":	4.000017,
					"end":	5.000017,
					"seconds":	1,
					"bytes":	341587400,
					"bits_per_second":	2732699200,
					"packets":	243991,
					"omitted":	false,
					"sender":	true
				}],
			"sum":	{
				"start":	4.000017,
				"end":	5.000017,
				"seconds":	1,
				"bytes":	341587400,
				"bits_per_second":	2732699200,
				"packets":	243991,
				"omitted":	false,
				"sender":	true
			}
		}, {
			"streams":	[{
					"socket":	5,
					"start":	5.000017,
					"end":	6.000016,
					"seconds":	0.99999898672103882,
					"bytes":	343081200,
					"bits_per_second":	2744652381.0985136,
					"packets":	245058,
					"omitted":	false,
					"sender":	true
				}],
			"sum":	{
				"start":	5.000017,
				"end":	6.000016,
				"seconds":	0.99999898672103882,
				"bytes":	343081200,
				"bits_per_second":	2744652381.0985136,
				"packets":	245058,
				"omitted":	false,
				"sender":	true
			}
		}, {
			"streams":	[{
					"socket":	5,
					"start":	6.000016,
					"end":	7.000016,
					"seconds":	1,
					"bytes":	353003000,
					"bits_per_second":	2824024000,
					"packets":	252145,
					"omitted":	false,
					"sender":	true
				}],
			"sum":	{
				"start":	6.000016,
				"end":	7.000016,
				"seconds":	1,
				"bytes":	353003000,
				"bits_per_second":	2824024000,
				"packets":	252145,
				"omitted":	false,
				"sender":	true
			}
		}, {
			"streams":	[{
					"socket":	5,
					"start":	7.000016,
					"end":	8.000017,
					"seconds":	1.0000009536743164,
					"bytes":	346988600,
					"bits_per_second":	2775906152.6895976,
					"packets":	247849,
					"omitted":	false,
					"sender":	true
				}],
			"sum":	{
				"start":	7.000016,
				"end":	8.000017,
				"seconds":	1.0000009536743164,
				"bytes":	346988600,
				"bits_per_second":	2775906152.6895976,
				"packets":	247849,
				"omitted":	false,
				"sender":	true
			}
		}, {
			"streams":	[{
					"socket":	5,
					"start":	8.000017,
					"end":	9.000016,
					"seconds":	0.99999898672103882,
					"bytes":	353505600,
					"bits_per_second":	2828047665.6012,
					"packets":	252504,
					"omitted":	false,
					"sender":	true
				}],
			"sum":	{
				"start":	8.000017,
				"end":	9.000016,
				"seconds":	0.99999898672103882,
				"bytes":	353505600,
				"bits_per_second":	2828047665.6012,
				"packets":	252504,
				"omitted":	false,
				"sender":	true
			}
		}, {
			"streams":	[{
					"socket":	5,
					"start":	9.000016,
					"end":	10.000023,
					"seconds":	1.0000070333480835,
					"bytes":	332838800,
					"bits_per_second":	2662691672.36263,
					"packets":	237742,
					"omitted":	false,
					"sender":	true
				}],
			"sum":	{
				"start":	9.000016,
				"end":	10.000023,
				"seconds":	1.0000070333480835,
				"bytes":	332838800,
				"bits_per_second":	2662691672.36263,
				"packets":	237742,
				"omitted":	false,
				"sender":	true
			}
		}],
	"end":	{
		"streams":	[{
				"udp":	{
					"socket":	5,
					"start":	0,
					"end":	10.000023,
					"seconds":	10.000023,
					"bytes":	3423515200,
					"bits_per_second":	2738805860.74652,
					"jitter_ms":	0.00047772151696079423,
					"lost_packets":	383452,
					"packets":	2445368,
					"lost_percent":	15.680748255477294,
					"out_of_order":	0,
					"sender":	true
				}
			}],
		"sum":	{
			"start":	0,
			"end":	10.039914,
			"seconds":	10.039914,
			"bytes":	3423515200,
			"bits_per_second":	2738805860.74652,
			"jitter_ms":	0.00047772151696079423,
			"lost_packets":	383452,
			"packets":	2445368,
			"lost_percent":	15.680748255477294,
			"sender":	true
		},
		"cpu_utilization_percent":	{
			"host_total":	99.5800999118798,
			"host_user":	24.170604831494423,
			"host_system":	75.409485161407559,
			"remote_total":	92.777225008629969,
			"remote_user":	28.2939441190064,
			"remote_system":	64.4832711739272
		}
	}
}
