{
	"start":	{
		"connected":	[{
				"socket":	5,
				"local_host":	"10.10.11.10",
				"local_port":	58865,
				"remote_host":	"10.10.11.11",
				"remote_port":	5201
			}],
		"version":	"iperf 3.9",
		"system_info":	"Linux probe-c 6.8.0-94-generic #96~22.04.1-Ubuntu SMP PREEMPT_DYNAMIC Fri Jan 16 13:19:05 UTC 2 x86_64",
		"timestamp":	{
			"time":	"Thu, 23 Jul 2026 22:38:03 GMT",
			"timesecs":	1784846283
		},
		"connecting_to":	{
			"host":	"10.10.11.11",
			"port":	5201
		},
		"cookie":	"sciqr3dbbgzjjfubpfcm7ncqag3o4rwpki3p",
		"sock_bufsize":	0,
		"sndbuf_actual":	212992,
		"rcvbuf_actual":	212992,
		"test_start":	{
			"protocol":	"UDP",
			"num_streams":	1,
			"blksize":	64,
			"omit":	0,
			"duration":	10,
			"bytes":	0,
			"blocks":	0,
			"reverse":	0,
			"tos":	0
		}
	},
	"intervals":	[{
			"streams":	[{
					"socket":	5,
					"start":	0,
					"end":	1.000038,
					"seconds":	1.0000380277633667,
					"bytes":	21837440,
					"bits_per_second":	174692876.82061842,
					"packets":	341210,
					"omitted":	false,
					"sender":	true
				}],
			"sum":	{
				"start":	0,
				"end":	1.000038,
				"seconds":	1.0000380277633667,
				"bytes":	21837440,
				"bits_per_second":	174692876.82061842,
				"packets":	341210,
				"omitted":	false,
				"sender":	true
			}
		}, {
			"streams":	[{
					"socket":	5,
					"start":	1.000038,
					"end":	2.000037,
					"seconds":	0.99999898672103882,
					"bytes":	22398720,
					"bits_per_second":	179189941.56939784,
					"packets":	349980,
					"omitted":	false,
					"sender":	true
				}],
			"sum":	{
				"start":	1.000038,
				"end":	2.000037,
				"seconds":	0.99999898672103882,
				"bytes":	22398720,
				"bits_per_second":	179189941.56939784,
				"packets":	349980,
				"omitted":	false,
				"sender":	true
			}
		}, {
			"streams":	[{
					"socket":	5,
					"start":	2.000037,
					"end":	3.000027,
					"seconds":	0.99998998641967773,
					"bytes":	23526400,
					"bits_per_second":	188213084.68684122,
					"packets":	367600,
					"omitted":	false,
					"sender":	true
				}],
			"sum":	{
				"start":	2.000037,
				"end":	3.000027,
				"seconds":	0.99998998641967773,
				"bytes":	23526400,
				"bits_per_second":	188213084.68684122,
				"packets":	367600,
				"omitted":	false,
				"sender":	true
			}
		}, {
			"streams":	[{
					"socket":	5,
					"start":	3.000027,
					"end":	4.000036,
					"seconds":	1.0000089406967163,
					"bytes":	23726720,
					"bits_per_second":	189812062.9479121,
					"packets":	370730,
					"omitted":	false,
					"sender":	true
				}],
			"sum":	{
				"start":	3.000027,
				"end":	4.000036,
				"seconds":	1.0000089406967163,
				"bytes":	23726720,
				"bits_per_second":	189812062.9479121,
				"packets":	370730,
				"omitted":	false,
				"sender":	true
			}
		}, {
			"streams":	[{
					"socket":	5,
					"start":	4.000036,
					"end":	5.000038,
					"seconds":	1.0000020265579224,
					"bytes":	23797120,
					"bits_per_second":	190376574.19084534,
					"packets":	371830,
					"omitted":	false,
					"sender":	true
				}],
			"sum":	{
				"start":	4.000036,
				"end":	5.000038,
				"seconds":	1.0000020265579224,
				"bytes":	23797120,
				"bits_per_second":	190376574.19084534,
				"packets":	371830,
				"omitted":	false,
				"sender":	true
			}
		}, {
			"streams":	[{
					"socket":	5,
					"start":	5.000038,
					"end":	6.00002,
					"seconds":	0.99998199939727783,
					"bytes":	23857280,
					"bits_per_second":	190861675.62519783,
					"packets":	372770,
					"omitted":	false,
					"sender":	true
				}],
			"sum":	{
				"start":	5.000038,
				"end":	6.00002,
				"seconds":	0.99998199939727783,
				"bytes":	23857280,
				"bits_per_second":	190861675.62519783,
				"packets":	372770,
				"omitted":	false,
				"sender":	true
			}
		}, {
			"streams":	[{
					"socket":	5,
					"start":	6.00002,
					"end":	7.000023,
					"seconds":	1.0000029802322388,
					"bytes":	23840640,
					"bits_per_second":	190724551.5965426,
					"packets":	372510,
					"omitted":	false,
					"sender":	true
				}],
			"sum":	{
				"start":	6.00002,
				"end":	7.000023,
				"seconds":	1.0000029802322388,
				"bytes":	23840640,
				"bits_per_second":	190724551.5965426,
				"packets":	372510,
				"omitted":	false,
				"sender":	true
			}
		}, {
			"streams":	[{
					"socket":	5,
					"start":	7.000023,
					"end":	8.000031,
					"seconds":	1.0000079870224,
					"bytes":	23755520,
					"bits_per_second":	190042642.1251604,
					"packets":	371180,
					"omitted":	false,
					"sender":	true
				}],
			"sum":	{
				"start":	7.000023,
				"end":	8.000031,
				"seconds":	1.0000079870224,
				"bytes":	23755520,
				"bits_per_second":	190042642.1251604,
				"packets":	371180,
				"omitted":	false,
				"sender":	true
			}
		}, {
			"streams":	[{
					"socket":	5,
					"start":	8.000031,
					"end":	9.000038,
					"seconds":	1.0000070333480835,
					"bytes":	24307200,
					"bits_per_second":	194456232.32163107,
					"packets":	379800,
					"omitted":	false,
					"sender":	true
				}],
			"sum":	{
				"start":	8.000031,
				"end":	9.000038,
				"seconds":	1.0000070333480835,
				"bytes":	24307200,
				"bits_per_second":	194456232.32163107,
				"packets":	379800,
				"omitted":	false,
				"sender":	true
			}
		}, {
			"streams":	[{
					"socket":	5,
					"start":	9.000038,
					"end":	10.00003,
					"seconds":	0.9999920129776,
					"bytes":	24348160,
					"bits_per_second":	194786835.76682049,
					"packets":	380440,
					"omitted":	false,
					"sender":	true
				}],
			"sum":	{
				"start":	9.000038,
				"end":	10.00003,
				"seconds":	0.9999920129776,
				"bytes":	24348160,
				"bits_per_second":	194786835.76682049,
				"packets":	380440,
				"omitted":	false,
				"sender":	true
			}
		}],
	"end":	{
		"streams":	[{
				"udp":	{
					"socket":	5,
					"start":	0,
					"end":	10.00003,
					"seconds":	10.00003,
					"bytes":	235395200,
					"bits_per_second":	188315595.05321482,
					"jitter_ms":	0.002482229867487213,
					"lost_packets":	1143598,
					"packets":	3678050,
					"lost_percent":	31.09250825845217,
					"out_of_order":	0,
					"sender":	true
				}
			}],
		"sum":	{
			"start":	0,
			"end":	10.040379,
			"seconds":	10.040379,
			"bytes":	235395200,
			"bits_per_second":	188315595.05321482,
			"jitter_ms":	0.002482229867487213,
			"lost_packets":	1143598,
			"packets":	3678050,
			"lost_percent":	31.09250825845217,
			"sender":	true
		},
		"cpu_utilization_percent":	{
			"host_total":	99.586495813628432,
			"host_user":	19.620197857919567,
			"host_system":	79.966288036924865,
			"remote_total":	97.0351245181228,
			"remote_user":	32.08693891866892,
			"remote_system":	64.9481855994539
		}
	}
}
