{
	"start":	{
		"connected":	[{
				"socket":	5,
				"local_host":	"10.10.11.10",
				"local_port":	43495,
				"remote_host":	"10.10.11.11",
				"remote_port":	5201
			}],
		"version":	"iperf 3.9",
		"system_info":	"Linux probe-c 6.8.0-94-generic #96~22.04.1-Ubuntu SMP PREEMPT_DYNAMIC Fri Jan 16 13:19:05 UTC 2 x86_64",
		"timestamp":	{
			"time":	"Thu, 23 Jul 2026 22:41:32 GMT",
			"timesecs":	1784846492
		},
		"connecting_to":	{
			"host":	"10.10.11.11",
			"port":	5201
		},
		"cookie":	"7qkddhzhevxn6xohw3pwcldxsqqjatseeucd",
		"sock_bufsize":	0,
		"sndbuf_actual":	212992,
		"rcvbuf_actual":	212992,
		"test_start":	{
			"protocol":	"UDP",
			"num_streams":	1,
			"blksize":	8948,
			"omit":	0,
			"duration":	10,
			"bytes":	0,
			"blocks":	0,
			"reverse":	0,
			"tos":	0
		}
	},
	"intervals":	[{
			"streams":	[{
					"socket":	5,
					"start":	0,
					"end":	1.000021,
					"seconds":	1.0000209808349609,
					"bytes":	1308108120,
					"bits_per_second":	10464645403.001875,
					"packets":	146190,
					"omitted":	false,
					"sender":	true
				}],
			"sum":	{
				"start":	0,
				"end":	1.000021,
				"seconds":	1.0000209808349609,
				"bytes":	1308108120,
				"bits_per_second":	10464645403.001875,
				"packets":	146190,
				"omitted":	false,
				"sender":	true
			}
		}, {
			"streams":	[{
					"socket":	5,
					"start":	1.000021,
					"end":	2.000059,
					"seconds":	1.0000380277633667,
					"bytes":	1332178240,
					"bits_per_second":	10657020657.340248,
					"packets":	148880,
					"omitted":	false,
					"sender":	true
				}],
			"sum":	{
				"start":	1.000021,
				"end":	2.000059,
				"seconds":	1.0000380277633667,
				"bytes":	1332178240,
				"bits_per_second":	10657020657.340248,
				"packets":	148880,
				"omitted":	false,
				"sender":	true
			}
		}, {
			"streams":	[{
					"socket":	5,
					"start":	2.000059,
					"end":	3.000028,
					"seconds":	0.9999690055847168,
					"bytes":	1324751400,
					"bits_per_second":	10598339689.341644,
					"packets":	148050,
					"omitted":	false,
					"sender":	true
				}],
			"sum":	{
				"start":	2.000059,
				"end":	3.000028,
				"seconds":	0.9999690055847168,
				"bytes":	1324751400,
				"bits_per_second":	10598339689.341644,
				"packets":	148050,
				"omitted":	false,
				"sender":	true
			}
		}, {
			"streams":	[{
					"socket":	5,
					"start":	3.000028,
					"end":	4.000034,
					"seconds":	1.0000059604644775,
					"bytes":	1319382600,
					"bits_per_second":	10554997887.310032,
					"packets":	147450,
					"omitted":	false,
					"sender":	true
				}],
			"sum":	{
				"start":	3.000028,
				"end":	4.000034,
				"seconds":	1.0000059604644775,
				"bytes":	1319382600,
				"bits_per_second":	10554997887.310032,
				"packets":	147450,
				"omitted":	false,
				"sender":	true
			}
		}, {
			"streams":	[{
					"socket":	5,
					"start":	4.000034,
					"end":	5.000043,
					"seconds":	1.0000089406967163,
					"bytes":	1323230240,
					"bits_per_second":	10585747276.04409,
					"packets":	147880,
					"omitted":	false,
					"sender":	true
				}],
			"sum":	{
				"start":	4.000034,
				"end":	5.000043,
				"seconds":	1.0000089406967163,
				"bytes":	1323230240,
				"bits_per_second":	10585747276.04409,
				"packets":	147880,
				"omitted":	false,
				"sender":	true
			}
		}, {
			"streams":	[{
					"socket":	5,
					"start":	5.000043,
					"end":	6.000053,
					"seconds":	1.0000100135803223,
					"bytes":	1328420080,
					"bits_per_second":	10627254223.136232,
					"packets":	148460,
					"omitted":	false,
					"sender":	true
				}],
			"sum":	{
				"start":	5.000043,
				"end":	6.000053,
				"seconds":	1.0000100135803223,
				"bytes":	1328420080,
				"bits_per_second":	10627254223.136232,
				"packets":	148460,
				"omitted":	false,
				"sender":	true
			}
		}, {
			"streams":	[{
					"socket":	5,
					"start":	6.000053,
					"end":	7.000057,
					"seconds":	1.0000040531158447,
					"bytes":	1304528920,
					"bits_per_second":	10436189060.916759,
					"packets":	145790,
					"omitted":	false,
					"sender":	true
				}],
			"sum":	{
				"start":	6.000053,
				"end":	7.000057,
				"seconds":	1.0000040531158447,
				"bytes":	1304528920,
				"bits_per_second":	10436189060.916759,
				"packets":	145790,
				"omitted":	false,
				"sender":	true
			}
		}, {
			"streams":	[{
					"socket":	5,
					"start":	7.000057,
					"end":	8.000045,
					"seconds":	0.9999880194664,
					"bytes":	1305244760,
					"bits_per_second":	10442083181.728411,
					"packets":	145870,
					"omitted":	false,
					"sender":	true
				}],
			"sum":	{
				"start":	7.000057,
				"end":	8.000045,
				"seconds":	0.9999880194664,
				"bytes":	1305244760,
				"bits_per_second":	10442083181.728411,
				"packets":	145870,
				"omitted":	false,
				"sender":	true
			}
		}, {
			"streams":	[{
					"socket":	5,
					"start":	8.000045,
					"end":	9.000014,
					"seconds":	0.9999690055847168,
					"bytes":	1899391960,
					"bits_per_second":	15195606658.943268,
					"packets":	212270,
					"omitted":	false,
					"sender":	true
				}],
			"sum":	{
				"start":	8.000045,
				"end":	9.000014,
				"seconds":	0.9999690055847168,
				"bytes":	1899391960,
				"bits_per_second":	15195606658.943268,
				"packets":	212270,
				"omitted":	false,
				"sender":	true
			}
		}, {
			"streams":	[{
					"socket":	5,
					"start":	9.000014,
					"end":	10.000027,
					"seconds":	1.000012993812561,
					"bytes":	1726695560,
					"bits_per_second":	13813384991.464588,
					"packets":	192970,
					"omitted":	false,
					"sender":	true
				}],
			"sum":	{
				"start":	9.000014,
				"end":	10.000027,
				"seconds":	1.000012993812561,
				"bytes":	1726695560,
				"bits_per_second":	13813384991.464588,
				"packets":	192970,
				"omitted":	false,
				"sender":	true
			}
		}],
	"end":	{
		"streams":	[{
				"udp":	{
					"socket":	5,
					"start":	0,
					"end":	10.000027,
					"seconds":	10.000027,
					"bytes":	14171931880,
					"bits_per_second":	11337514892.709791,
					"jitter_ms":	0.012877384162094743,
					"lost_packets":	900857,
					"packets":	1583810,
					"lost_percent":	56.879107973809987,
					"out_of_order":	0,
					"sender":	true
				}
			}],
		"sum":	{
			"start":	0,
			"end":	10.041258,
			"seconds":	10.041258,
			"bytes":	14171931880,
			"bits_per_second":	11337514892.709791,
			"jitter_ms":	0.012877384162094743,
			"lost_packets":	900857,
			"packets":	1583810,
			"lost_percent":	56.879107973809987,
			"sender":	true
		},
		"cpu_utilization_percent":	{
			"host_total":	71.9787149129697,
			"host_user":	9.07281099299727,
			"host_system":	62.905884084464361,
			"remote_total":	69.7514885532529,
			"remote_user":	15.22763650073572,
			"remote_system":	54.523871446716086
		}
	}
}
