{
	"start":	{
		"connected":	[{
				"socket":	5,
				"local_host":	"10.10.11.10",
				"local_port":	40891,
				"remote_host":	"10.10.11.11",
				"remote_port":	5201
			}],
		"version":	"iperf 3.9",
		"system_info":	"Linux probe-c 6.8.0-94-generic #96~22.04.1-Ubuntu SMP PREEMPT_DYNAMIC Fri Jan 16 13:19:05 UTC 2 x86_64",
		"timestamp":	{
			"time":	"Thu, 23 Jul 2026 22:36:03 GMT",
			"timesecs":	1784846163
		},
		"connecting_to":	{
			"host":	"10.10.11.11",
			"port":	5201
		},
		"cookie":	"nd7jliqyik4lbst5cutshd45zpe3bxkcoqeu",
		"sock_bufsize":	0,
		"sndbuf_actual":	212992,
		"rcvbuf_actual":	212992,
		"test_start":	{
			"protocol":	"UDP",
			"num_streams":	1,
			"blksize":	8948,
			"omit":	0,
			"duration":	10,
			"bytes":	0,
			"blocks":	0,
			"reverse":	0,
			"tos":	0
		}
	},
	"intervals":	[{
			"streams":	[{
					"socket":	5,
					"start":	0,
					"end":	1.00002,
					"seconds":	1.0000200271606445,
					"bytes":	1837740240,
					"bits_per_second":	14701627488.144558,
					"packets":	205380,
					"omitted":	false,
					"sender":	true
				}],
			"sum":	{
				"start":	0,
				"end":	1.00002,
				"seconds":	1.0000200271606445,
				"bytes":	1837740240,
				"bits_per_second":	14701627488.144558,
				"packets":	205380,
				"omitted":	false,
				"sender":	true
			}
		}, {
			"streams":	[{
					"socket":	5,
					"start":	1.00002,
					"end":	2.000032,
					"seconds":	1.0000120401382446,
					"bytes":	1731348520,
					"bits_per_second":	13850621396.603611,
					"packets":	193490,
					"omitted":	false,
					"sender":	true
				}],
			"sum":	{
				"start":	1.00002,
				"end":	2.000032,
				"seconds":	1.0000120401382446,
				"bytes":	1731348520,
				"bits_per_second":	13850621396.603611,
				"packets":	193490,
				"omitted":	false,
				"sender":	true
			}
		}, {
			"streams":	[{
					"socket":	5,
					"start":	2.000032,
					"end":	3.000037,
					"seconds":	1.0000050067901611,
					"bytes":	1931873200,
					"bits_per_second":	15454908220.51758,
					"packets":	215900,
					"omitted":	false,
					"sender":	true
				}],
			"sum":	{
				"start":	2.000032,
				"end":	3.000037,
				"seconds":	1.0000050067901611,
				"bytes":	1931873200,
				"bits_per_second":	15454908220.51758,
				"packets":	215900,
				"omitted":	false,
				"sender":	true
			}
		}, {
			"streams":	[{
					"socket":	5,
					"start":	3.000037,
					"end":	4.000035,
					"seconds":	0.99999797344207764,
					"bytes":	1598381240,
					"bits_per_second":	12787075833.749834,
					"packets":	178630,
					"omitted":	false,
					"sender":	true
				}],
			"sum":	{
				"start":	3.000037,
				"end":	4.000035,
				"seconds":	0.99999797344207764,
				"bytes":	1598381240,
				"bits_per_second":	12787075833.749834,
				"packets":	178630,
				"omitted":	false,
				"sender":	true
			}
		}, {
			"streams":	[{
					"socket":	5,
					"start":	4.000035,
					"end":	5.000036,
					"seconds":	1.0000009536743164,
					"bytes":	1425505880,
					"bits_per_second":	11404036164.263607,
					"packets":	159310,
					"omitted":	false,
					"sender":	true
				}],
			"sum":	{
				"start":	4.000035,
				"end":	5.000036,
				"seconds":	1.0000009536743164,
				"bytes":	1425505880,
				"bits_per_second":	11404036164.263607,
				"packets":	159310,
				"omitted":	false,
				"sender":	true
			}
		}, {
			"streams":	[{
					"socket":	5,
					"start":	5.000036,
					"end":	6.000028,
					"seconds":	0.9999920129776,
					"bytes":	1545409080,
					"bits_per_second":	12363371386.5242,
					"packets":	172710,
					"omitted":	false,
					"sender":	true
				}],
			"sum":	{
				"start":	5.000036,
				"end":	6.000028,
				"seconds":	0.9999920129776,
				"bytes":	1545409080,
				"bits_per_second":	12363371386.5242,
				"packets":	172710,
				"omitted":	false,
				"sender":	true
			}
		}, {
			"streams":	[{
					"socket":	5,
					"start":	6.000028,
					"end":	7.000062,
					"seconds":	1.000033974647522,
					"bytes":	1301934000,
					"bits_per_second":	10415118150.031954,
					"packets":	145500,
					"omitted":	false,
					"sender":	true
				}],
			"sum":	{
				"start":	6.000028,
				"end":	7.000062,
				"seconds":	1.000033974647522,
				"bytes":	1301934000,
				"bits_per_second":	10415118150.031954,
				"packets":	145500,
				"omitted":	false,
				"sender":	true
			}
		}, {
			"streams":	[{
					"socket":	5,
					"start":	7.000062,
					"end":	8.000022,
					"seconds":	0.99996000528335571,
					"bytes":	1319740520,
					"bits_per_second":	10558346438.074022,
					"packets":	147490,
					"omitted":	false,
					"sender":	true
				}],
			"sum":	{
				"start":	7.000062,
				"end":	8.000022,
				"seconds":	0.99996000528335571,
				"bytes":	1319740520,
				"bits_per_second":	10558346438.074022,
				"packets":	147490,
				"omitted":	false,
				"sender":	true
			}
		}, {
			"streams":	[{
					"socket":	5,
					"start":	8.000022,
					"end":	9.000049,
					"seconds":	1.0000269412994385,
					"bytes":	1313655880,
					"bits_per_second":	10508963914.856382,
					"packets":	146810,
					"omitted":	false,
					"sender":	true
				}],
			"sum":	{
				"start":	8.000022,
				"end":	9.000049,
				"seconds":	1.0000269412994385,
				"bytes":	1313655880,
				"bits_per_second":	10508963914.856382,
				"packets":	146810,
				"omitted":	false,
				"sender":	true
			}
		}, {
			"streams":	[{
					"socket":	5,
					"start":	9.000049,
					"end":	10.000023,
					"seconds":	0.999974012374878,
					"bytes":	1321709080,
					"bits_per_second":	10573947431.781918,
					"packets":	147710,
					"omitted":	false,
					"sender":	true
				}],
			"sum":	{
				"start":	9.000049,
				"end":	10.000023,
				"seconds":	0.999974012374878,
				"bytes":	1321709080,
				"bits_per_second":	10573947431.781918,
				"packets":	147710,
				"omitted":	false,
				"sender":	true
			}
		}],
	"end":	{
		"streams":	[{
				"udp":	{
					"socket":	5,
					"start":	0,
					"end":	10.000023,
					"seconds":	10.000023,
					"bytes":	15327297640,
					"bits_per_second":	12261809909.837206,
					"jitter_ms":	0.019447837861399527,
					"lost_packets":	957505,
					"packets":	1712930,
					"lost_percent":	55.898664860794078,
					"out_of_order":	0,
					"sender":	true
				}
			}],
		"sum":	{
			"start":	0,
			"end":	10.040212,
			"seconds":	10.040212,
			"bytes":	15327297640,
			"bits_per_second":	12261809909.837206,
			"jitter_ms":	0.019447837861399527,
			"lost_packets":	957505,
			"packets":	1712930,
			"lost_percent":	55.898664860794078,
			"sender":	true
		},
		"cpu_utilization_percent":	{
			"host_total":	78.30734347192994,
			"host_user":	9.6293425854284251,
			"host_system":	68.6780108048448,
			"remote_total":	62.21035095741496,
			"remote_user":	14.561493839334785,
			"remote_system":	47.6488862185441
		}
	}
}
