{
	"start":	{
		"connected":	[{
				"socket":	5,
				"local_host":	"10.10.11.15",
				"local_port":	52572,
				"remote_host":	"10.10.11.16",
				"remote_port":	5201
			}, {
				"socket":	7,
				"local_host":	"10.10.11.15",
				"local_port":	52578,
				"remote_host":	"10.10.11.16",
				"remote_port":	5201
			}],
		"version":	"iperf 3.9",
		"system_info":	"Linux agg-c4 6.8.0-94-generic #96~22.04.1-Ubuntu SMP PREEMPT_DYNAMIC Fri Jan 16 13:19:05 UTC 2 x86_64",
		"timestamp":	{
			"time":	"Tue, 21 Jul 2026 19:12:09 GMT",
			"timesecs":	1784661129
		},
		"connecting_to":	{
			"host":	"10.10.11.16",
			"port":	5201
		},
		"cookie":	"67rbvoxalymm4nartwt4dxxk2icfvj7jw4og",
		"tcp_mss_default":	8848,
		"sock_bufsize":	0,
		"sndbuf_actual":	16384,
		"rcvbuf_actual":	131072,
		"sock_bufsize":	0,
		"sndbuf_actual":	16384,
		"rcvbuf_actual":	131072,
		"test_start":	{
			"protocol":	"TCP",
			"num_streams":	2,
			"blksize":	131072,
			"omit":	0,
			"duration":	12,
			"bytes":	0,
			"blocks":	0,
			"reverse":	0,
			"tos":	0
		}
	},
	"intervals":	[{
			"streams":	[{
					"socket":	5,
					"start":	0,
					"end":	12.000132,
					"seconds":	12.000131607055664,
					"bytes":	8367636480,
					"bits_per_second":	5578363140.67097,
					"retransmits":	0,
					"snd_cwnd":	778624,
					"rtt":	996,
					"rttvar":	150,
					"pmtu":	8900,
					"omitted":	false,
					"sender":	true
				}, {
					"socket":	7,
					"start":	0,
					"end":	12.000139,
					"seconds":	12.000139236450195,
					"bytes":	8367407488,
					"bits_per_second":	5578206934.5223322,
					"retransmits":	0,
					"snd_cwnd":	1026368,
					"rtt":	1315,
					"rttvar":	196,
					"pmtu":	8900,
					"omitted":	false,
					"sender":	true
				}],
			"sum":	{
				"start":	0,
				"end":	12.000132,
				"seconds":	12.000131607055664,
				"bytes":	16735043968,
				"bits_per_second":	11156573621.682863,
				"retransmits":	0,
				"omitted":	false,
				"sender":	true
			}
		}],
	"end":	{
		"streams":	[{
				"sender":	{
					"socket":	5,
					"start":	0,
					"end":	12.000132,
					"seconds":	12.000132,
					"bytes":	8367636480,
					"bits_per_second":	5578362958.0074615,
					"retransmits":	0,
					"max_snd_cwnd":	778624,
					"max_rtt":	996,
					"min_rtt":	996,
					"mean_rtt":	996,
					"sender":	true
				},
				"receiver":	{
					"socket":	5,
					"start":	0,
					"end":	12.038649,
					"seconds":	12.000132,
					"bytes":	8364752896,
					"bits_per_second":	5558599072.7032576,
					"sender":	true
				}
			}, {
				"sender":	{
					"socket":	7,
					"start":	0,
					"end":	12.000132,
					"seconds":	12.000132,
					"bytes":	8367407488,
					"bits_per_second":	5578210298.353384,
					"retransmits":	0,
					"max_snd_cwnd":	1026368,
					"max_rtt":	1315,
					"min_rtt":	1315,
					"mean_rtt":	1315,
					"sender":	true
				},
				"receiver":	{
					"socket":	7,
					"start":	0,
					"end":	12.038649,
					"seconds":	12.000132,
					"bytes":	8364359680,
					"bits_per_second":	5558337770.2929955,
					"sender":	true
				}
			}],
		"sum_sent":	{
			"start":	0,
			"end":	12.000132,
			"seconds":	12.000132,
			"bytes":	16735043968,
			"bits_per_second":	11156573256.360846,
			"retransmits":	0,
			"sender":	true
		},
		"sum_received":	{
			"start":	0,
			"end":	12.038649,
			"seconds":	12.038649,
			"bytes":	16729112576,
			"bits_per_second":	11116936842.996254,
			"sender":	true
		},
		"cpu_utilization_percent":	{
			"host_total":	54.39098412543926,
			"host_user":	1.8206009860264505,
			"host_system":	52.570391415473736,
			"remote_total":	52.240719434139,
			"remote_user":	3.01137978712348,
			"remote_system":	49.229347129336482
		},
		"sender_tcp_congestion":	"bbr",
		"receiver_tcp_congestion":	"bbr"
	}
}
